file,track_id,x,y,vx,vy,direction,relation,time_to_boundary,entry_idx
GOPR0234U20_trajectories_dynamic.json,1,0.591647,0.642696,-0.022626,0.114246,LEFT_TO_RIGHT,INSIDE_STATIONARY,0.000000,3
GOPR0234U20_trajectories_dynamic.json,24,0.643543,0.619094,-0.490930,-0.044842,RIGHT_TO_LEFT,INSIDE_MOVING_LEFT,0.000000,21
GOPR0234U20_trajectories_dynamic.json,33,0.535672,0.628206,-0.162589,0.012112,RIGHT_TO_LEFT,INSIDE_MOVING_LEFT,0.000000,8
GOPR0234U20_trajectories_dynamic.json,61,0.903297,0.707781,0.244115,-0.097033,LEFT_TO_RIGHT,OUTSIDE_RIGHT,,0
GOPR0234U20_trajectories_dynamic.json,68,0.806486,0.789301,0.351110,0.143639,LEFT_TO_RIGHT,OUTSIDE_RIGHT,,0
GOPR0234U20_trajectories_dynamic.json,76,0.787196,0.854488,0.591026,0.148128,LEFT_TO_RIGHT,OUTSIDE_RIGHT,,0
GOPR0234U20_trajectories_dynamic.json,81,0.870668,0.847297,0.252760,0.222113,LEFT_TO_RIGHT,OUTSIDE_RIGHT,,0
GOPR0234U20_trajectories_dynamic.json,83,0.912402,0.867215,0.583694,0.190974,LEFT_TO_RIGHT,OUTSIDE_RIGHT,,8
GOPR0234U20_trajectories_dynamic.json,141,0.919605,0.847264,0.081155,0.264768,LEFT_TO_RIGHT,OUTSIDE_RIGHT,,
GOPR0234U20_trajectories_dynamic.json,209,0.836059,0.865348,0.619526,0.537955,LEFT_TO_RIGHT,OUTSIDE_RIGHT,,0
GOPR0234U20_trajectories_dynamic.json,211,0.029501,0.693339,-0.355641,0.159874,RIGHT_TO_LEFT,OUTSIDE_LEFT,,
GOPR0234U20_trajectories_dynamic.json,219,0.489843,0.622847,0.157224,0.015545,LEFT_TO_RIGHT,INSIDE_MOVING_RIGHT,0.000000,11
GOPR0234U20_trajectories_dynamic.json,249,0.018827,0.705940,-0.166445,0.073625,RIGHT_TO_LEFT,OUTSIDE_LEFT,,7
GOPR0234U20_trajectories_dynamic.json,259,0.292270,0.624715,-0.041745,0.066773,RIGHT_TO_LEFT,OUTSIDE_LEFT,,
GOPR0234U20_trajectories_dynamic.json,261,0.514247,0.617294,0.080174,0.004739,LEFT_TO_RIGHT,INSIDE_MOVING_RIGHT,0.000000,0
GOPR0234U20_trajectories_dynamic.json,264,0.022402,0.675230,-0.156267,0.015724,RIGHT_TO_LEFT,OUTSIDE_LEFT,,
GOPR0234U20_trajectories_dynamic.json,275,0.095704,0.887086,-0.463180,0.439143,RIGHT_TO_LEFT,OUTSIDE_LEFT,,0
GOPR0234U20_trajectories_dynamic.json,292,0.916453,0.740475,0.672667,0.131826,LEFT_TO_RIGHT,OUTSIDE_RIGHT,,0
GOPR0234U20_trajectories_dynamic.json,311,0.700622,0.702397,-0.139365,0.022891,LEFT_TO_RIGHT,APPROACHING_FROM_RIGHT,0.363233,0
GOPR0234U20_trajectories_dynamic.json,320,0.800391,1.000000,0.111618,0.164608,LEFT_TO_RIGHT,OUTSIDE_RIGHT,,0
GOPR0234U20_trajectories_dynamic.json,329,0.087547,0.753057,-0.407230,0.181184,RIGHT_TO_LEFT,OUTSIDE_LEFT,,
GOPR0234U20_trajectories_dynamic.json,342,0.021871,0.686178,-0.585873,0.116564,RIGHT_TO_LEFT,OUTSIDE_LEFT,,0
GOPR0234U20_trajectories_dynamic.json,354,0.315648,0.908779,-0.327820,0.484043,RIGHT_TO_LEFT,OUTSIDE_LEFT,,2
GOPR0234U20_trajectories_dynamic.json,402,0.078423,0.921456,-0.521617,0.180209,RIGHT_TO_LEFT,OUTSIDE_LEFT,,47
GOPR0234U20_trajectories_dynamic.json,403,0.011692,0.595644,-0.200679,-0.012376,RIGHT_TO_LEFT,OUTSIDE_LEFT,,
GOPR0234U20_trajectories_dynamic.json,406,0.011691,0.637252,-0.368050,0.038502,RIGHT_TO_LEFT,OUTSIDE_LEFT,,
GOPR0234U20_trajectories_dynamic.json,408,0.069216,0.709697,-0.392543,0.133933,RIGHT_TO_LEFT,OUTSIDE_LEFT,,0
GOPR0234U20_trajectories_dynamic.json,418,0.061055,0.792936,-0.658624,0.267915,RIGHT_TO_LEFT,OUTSIDE_LEFT,,0
GOPR0234U20_trajectories_dynamic.json,420,0.236213,0.955845,-0.379258,0.450735,RIGHT_TO_LEFT,OUTSIDE_LEFT,,0
GOPR0234U20_trajectories_dynamic.json,439,0.043774,0.809181,-0.852932,0.321452,RIGHT_TO_LEFT,OUTSIDE_LEFT,,0
GOPR0234U20_trajectories_dynamic.json,446,0.064151,0.747667,-0.367048,0.158909,RIGHT_TO_LEFT,OUTSIDE_LEFT,,
GOPR0234U20_trajectories_dynamic.json,448,0.034085,0.800142,-0.422202,0.291153,RIGHT_TO_LEFT,OUTSIDE_LEFT,,
GOPR0234U20_trajectories_dynamic.json,471,0.648687,0.711457,0.273940,0.048212,LEFT_TO_RIGHT,INSIDE_MOVING_RIGHT,0.000000,0
GOPR0234U20_trajectories_dynamic.json,503,0.805520,0.782019,0.047601,0.035353,LEFT_TO_RIGHT,OUTSIDE_RIGHT,,
GOPR0234U20_trajectories_dynamic.json,554,0.551901,0.754863,-0.210157,-0.058648,RIGHT_TO_LEFT,INSIDE_MOVING_LEFT,0.000000,22
GOPR0234U20_trajectories_dynamic.json,555,0.500018,0.744121,-0.176432,-0.035222,RIGHT_TO_LEFT,INSIDE_MOVING_LEFT,0.000000,1
GOPR0234U20_trajectories_dynamic.json,556,0.218957,0.959462,-0.700578,0.306814,RIGHT_TO_LEFT,OUTSIDE_LEFT,,0
GOPR0234U20_trajectories_dynamic.json,568,0.807520,0.725906,-0.037256,0.052059,RIGHT_TO_LEFT,APPROACHING_FROM_RIGHT,4.228057,
GOPR0234U20_trajectories_dynamic.json,605,0.447040,0.738733,0.373296,-0.142720,LEFT_TO_RIGHT,INSIDE_MOVING_RIGHT,0.000000,0
GOPR0234U20_trajectories_dynamic.json,609,0.883945,0.834599,0.411938,0.178042,LEFT_TO_RIGHT,OUTSIDE_RIGHT,,0
GOPR0234U20_trajectories_dynamic.json,619,0.268834,0.870774,-0.443575,0.322583,RIGHT_TO_LEFT,OUTSIDE_LEFT,,0
GOPR0234U20_trajectories_dynamic.json,620,0.189395,0.865383,-0.043138,0.201951,RIGHT_TO_LEFT,OUTSIDE_LEFT,,0
GOPR0234U20_trajectories_dynamic.json,702,0.551961,0.619191,-0.043479,0.011695,LEFT_TO_RIGHT,INSIDE_MOVING_LEFT,0.000000,0
GOPR0234U20_trajectories_dynamic.json,703,0.492884,0.622735,-0.071619,-0.013799,VERTICAL,INSIDE_MOVING_LEFT,0.000000,0
GOPR0234U20_trajectories_dynamic.json,741,0.036134,0.868959,-0.242225,0.075232,RIGHT_TO_LEFT,OUTSIDE_LEFT,,21
GOPR0234U20_trajectories_dynamic.json,752,0.151715,0.879844,-0.710001,0.036080,RIGHT_TO_LEFT,OUTSIDE_LEFT,,1
GOPR0234U20_trajectories_dynamic.json,756,0.528565,0.640827,0.225304,0.025152,RIGHT_TO_LEFT,INSIDE_MOVING_RIGHT,0.000000,0
GOPR0234U20_trajectories_dynamic.json,783,0.867590,0.811024,0.404291,0.307346,LEFT_TO_RIGHT,OUTSIDE_RIGHT,,
GOPR0234U20_trajectories_dynamic.json,789,0.767809,0.954132,0.285399,0.562483,LEFT_TO_RIGHT,OUTSIDE_RIGHT,,0
GOPR0234U20_trajectories_dynamic.json,795,0.879801,0.695242,0.238792,0.194588,LEFT_TO_RIGHT,OUTSIDE_RIGHT,,
GOPR0234U20_trajectories_dynamic.json,864,0.538701,0.765824,0.063463,0.186107,LEFT_TO_RIGHT,INSIDE_MOVING_RIGHT,0.000000,0
GOPR0234U20_trajectories_dynamic.json,889,0.060130,0.820099,-0.843043,0.408352,RIGHT_TO_LEFT,OUTSIDE_LEFT,,0
GOPR0234U20_trajectories_dynamic.json,894,0.803454,1.000000,0.599582,0.609063,LEFT_TO_RIGHT,OUTSIDE_RIGHT,,10
GOPR0234U20_trajectories_dynamic.json,898,0.789229,0.914194,0.318358,0.366549,LEFT_TO_RIGHT,OUTSIDE_RIGHT,,8
GOPR0234U20_trajectories_dynamic.json,908,0.228073,0.961333,-0.540662,0.130073,RIGHT_TO_LEFT,OUTSIDE_LEFT,,0
GOPR0234U20_trajectories_dynamic.json,956,0.195541,0.883453,-0.500044,0.465308,RIGHT_TO_LEFT,OUTSIDE_LEFT,,0
GOPR0234U20_trajectories_dynamic.json,963,0.425713,0.666199,0.007265,0.094570,RIGHT_TO_LEFT,INSIDE_STATIONARY,0.000000,13
GOPR0234U20_trajectories_dynamic.json,973,0.072275,0.937769,-0.395364,0.299555,RIGHT_TO_LEFT,OUTSIDE_LEFT,,0
GOPR0234U20_trajectories_dynamic.json,985,0.927637,0.747690,0.540776,0.184887,LEFT_TO_RIGHT,OUTSIDE_RIGHT,,0
GOPR0235U20_trajectories_dynamic.json,2,0.860492,0.801975,0.346096,0.260582,LEFT_TO_RIGHT,OUTSIDE_RIGHT,,0
GOPR0235U20_trajectories_dynamic.json,15,0.269880,0.945049,-0.166258,0.367542,RIGHT_TO_LEFT,OUTSIDE_LEFT,,0
GOPR0235U20_trajectories_dynamic.json,37,0.749474,0.689781,0.226478,0.026333,LEFT_TO_RIGHT,OUTSIDE_RIGHT,,0
GOPR0235U20_trajectories_dynamic.json,43,0.879844,0.711561,0.056451,0.011128,LEFT_TO_RIGHT,OUTSIDE_RIGHT,,
GOPR0235U20_trajectories_dynamic.json,45,0.892055,0.751271,0.556940,0.183130,LEFT_TO_RIGHT,OUTSIDE_RIGHT,,0
GOPR0235U20_trajectories_dynamic.json,51,0.887969,0.816497,0.550255,0.271060,LEFT_TO_RIGHT,OUTSIDE_RIGHT,,0
GOPR0235U20_trajectories_dynamic.json,59,0.176154,0.993876,-0.497329,0.507846,RIGHT_TO_LEFT,OUTSIDE_LEFT,,0
GOPR0235U20_trajectories_dynamic.json,101,0.793297,0.736793,0.468973,0.128455,LEFT_TO_RIGHT,OUTSIDE_RIGHT,,0
GOPR0235U20_trajectories_dynamic.json,123,0.178255,0.907017,-0.202762,0.494395,RIGHT_TO_LEFT,OUTSIDE_LEFT,,0
GOPR0235U20_trajectories_dynamic.json,172,0.585532,0.626467,0.158840,0.006095,RIGHT_TO_LEFT,INSIDE_MOVING_RIGHT,0.000000,9
GOPR0235U20_trajectories_dynamic.json,175,0.068237,0.735049,-0.647588,0.172226,RIGHT_TO_LEFT,OUTSIDE_LEFT,,0
GOPR0235U20_trajectories_dynamic.json,203,0.424707,0.647960,-0.110271,-0.002014,RIGHT_TO_LEFT,INSIDE_MOVING_LEFT,0.000000,0
GOPR0235U20_trajectories_dynamic.json,214,0.796296,0.970373,0.660012,0.569035,LEFT_TO_RIGHT,OUTSIDE_RIGHT,,9
GOPR0235U20_trajectories_dynamic.json,224,0.903230,0.791060,0.204150,0.131740,LEFT_TO_RIGHT,OUTSIDE_RIGHT,,0
GOPR0235U20_trajectories_dynamic.json,237,0.783127,0.706076,0.070568,0.083409,LEFT_TO_RIGHT,OUTSIDE_RIGHT,,
GOPR0235U20_trajectories_dynamic.json,253,0.897141,0.945040,0.610658,0.522223,LEFT_TO_RIGHT,OUTSIDE_RIGHT,,0
GOPR0235U20_trajectories_dynamic.json,265,0.103901,0.878063,-0.111605,-0.053400,RIGHT_TO_LEFT,OUTSIDE_LEFT,,15
GOPR0235U20_trajectories_dynamic.json,276,0.796307,0.896144,0.695206,0.351916,LEFT_TO_RIGHT,OUTSIDE_RIGHT,,0
GOPR0235U20_trajectories_dynamic.json,295,0.562134,0.640845,0.101073,0.024918,LEFT_TO_RIGHT,INSIDE_MOVING_RIGHT,0.000000,0
GOPR0235U20_trajectories_dynamic.json,392,0.053926,0.744020,-0.557888,0.236441,RIGHT_TO_LEFT,OUTSIDE_LEFT,,0
GOPR0235U20_trajectories_dynamic.json,397,0.427694,0.613703,-0.098358,-0.059651,RIGHT_TO_LEFT,INSIDE_MOVING_LEFT,0.000000,0
GOPR0235U20_trajectories_dynamic.json,399,0.810587,0.916063,0.417041,0.464300,LEFT_TO_RIGHT,OUTSIDE_RIGHT,,0
GOPR0235U20_trajectories_dynamic.json,416,0.518343,0.702347,-0.051733,0.034324,LEFT_TO_RIGHT,INSIDE_MOVING_LEFT,0.000000,0
GOPR0235U20_trajectories_dynamic.json,420,0.834008,0.977521,0.435420,0.536758,LEFT_TO_RIGHT,OUTSIDE_RIGHT,,0
GOPR0235U20_trajectories_dynamic.json,434,0.888004,0.791093,0.592654,0.115189,LEFT_TO_RIGHT,OUTSIDE_RIGHT,,0
GOPR0235U20_trajectories_dynamic.json,487,0.779014,0.758536,0.342065,0.269679,LEFT_TO_RIGHT,OUTSIDE_RIGHT,,0
GOPR0235U20_trajectories_dynamic.json,541,0.903312,0.691603,0.528069,0.152997,LEFT_TO_RIGHT,OUTSIDE_RIGHT,,0
GOPR0235U20_trajectories_dynamic.json,549,0.075323,0.637221,-0.144907,0.001307,RIGHT_TO_LEFT,OUTSIDE_LEFT,,
GOPR0235U20_trajectories_dynamic.json,550,0.113031,0.702348,-0.292486,0.077659,RIGHT_TO_LEFT,OUTSIDE_LEFT,,
GOPR0235U20_trajectories_dynamic.json,576,0.017803,0.735110,-0.185167,0.143006,RIGHT_TO_LEFT,OUTSIDE_LEFT,,
GOPR0235U20_trajectories_dynamic.json,589,0.904289,0.892578,0.483747,0.417771,LEFT_TO_RIGHT,OUTSIDE_RIGHT,,0
GOPR0235U20_trajectories_dynamic.json,592,0.878805,1.000000,0.466142,0.617224,LEFT_TO_RIGHT,OUTSIDE_RIGHT,,0
GOPR0235U20_trajectories_dynamic.json,641,0.080423,0.954035,-0.321377,0.295953,RIGHT_TO_LEFT,OUTSIDE_LEFT,,
GOPR0235U20_trajectories_dynamic.json,645,0.539768,0.680544,-0.005988,0.022844,RIGHT_TO_LEFT,INSIDE_STATIONARY,0.000000,0
GOPR0235U20_trajectories_dynamic.json,755,0.912391,0.798356,0.416091,0.214051,LEFT_TO_RIGHT,OUTSIDE_RIGHT,,0
GOPR0235U20_trajectories_dynamic.json,821,0.942000,0.671690,0.220364,-0.001434,LEFT_TO_RIGHT,OUTSIDE_RIGHT,,
GOPR0235U20_trajectories_dynamic.json,838,0.921652,0.696940,0.236865,-0.017107,LEFT_TO_RIGHT,OUTSIDE_RIGHT,,
GOPR0235U20_trajectories_dynamic.json,852,0.037165,0.847185,-0.675751,0.295833,RIGHT_TO_LEFT,OUTSIDE_LEFT,,0
GOPR0235U20_trajectories_dynamic.json,887,0.903277,0.805617,0.318792,0.156076,LEFT_TO_RIGHT,OUTSIDE_RIGHT,,5
GOPR0235U20_trajectories_dynamic.json,902,0.462325,0.751312,0.080265,0.082940,LEFT_TO_RIGHT,INSIDE_MOVING_RIGHT,0.000000,0
GOPR0235U20_trajectories_dynamic.json,905,0.902297,0.874410,0.509823,0.193513,LEFT_TO_RIGHT,OUTSIDE_RIGHT,,0
GOPR0235U20_trajectories_dynamic.json,907,0.820780,1.000000,0.355304,0.283301,LEFT_TO_RIGHT,OUTSIDE_RIGHT,,0
GOPR0235U20_trajectories_dynamic.json,915,0.846148,0.858069,0.569946,0.130862,LEFT_TO_RIGHT,OUTSIDE_RIGHT,,0
GOPR0235U20_trajectories_dynamic.json,923,0.878805,0.950444,0.375622,0.477259,LEFT_TO_RIGHT,OUTSIDE_RIGHT,,
GOPR0235U20_trajectories_dynamic.json,938,0.228088,0.776653,-0.568640,0.238825,RIGHT_TO_LEFT,OUTSIDE_LEFT,,0
GOPR0235U20_trajectories_dynamic.json,946,0.133421,0.941355,-0.586463,0.558117,RIGHT_TO_LEFT,OUTSIDE_LEFT,,0
GOPR0235U20_trajectories_dynamic.json,959,0.120184,0.950436,-0.269153,0.449157,RIGHT_TO_LEFT,OUTSIDE_LEFT,,
GOPR0235U20_trajectories_dynamic.json,991,0.015762,0.706040,-0.225050,0.024335,RIGHT_TO_LEFT,OUTSIDE_LEFT,,
GOPR0235U20_trajectories_dynamic.json,996,0.565135,0.624626,0.087981,0.028592,LEFT_TO_RIGHT,INSIDE_MOVING_RIGHT,0.000000,0
GOPR0235U20_trajectories_dynamic.json,1002,0.806571,0.736873,0.415730,0.277758,LEFT_TO_RIGHT,OUTSIDE_RIGHT,,0
GOPR0235U20_trajectories_dynamic.json,1009,0.127251,0.834570,-0.568269,0.219299,RIGHT_TO_LEFT,OUTSIDE_LEFT,,0
GOPR0235U20_trajectories_dynamic.json,1014,0.904238,0.914274,0.462884,0.453666,LEFT_TO_RIGHT,OUTSIDE_RIGHT,,
GOPR0235U20_trajectories_dynamic.json,1018,0.797291,1.000000,0.336589,0.629710,LEFT_TO_RIGHT,OUTSIDE_RIGHT,,0
GOPR0235U20_trajectories_dynamic.json,1023,0.861520,0.778478,0.101200,0.038960,LEFT_TO_RIGHT,OUTSIDE_RIGHT,,
GOPR0235U20_trajectories_dynamic.json,1024,0.150668,0.926920,-0.280455,0.543918,RIGHT_TO_LEFT,OUTSIDE_LEFT,,0
GOPR0235U20_trajectories_dynamic.json,1035,0.045780,0.754939,-0.295477,0.050424,RIGHT_TO_LEFT,OUTSIDE_LEFT,,
GOPR0235U20_trajectories_dynamic.json,1036,0.032577,0.724100,-0.140886,0.032860,RIGHT_TO_LEFT,OUTSIDE_LEFT,,
GOPR0235U20_trajectories_dynamic.json,1039,0.881871,0.702354,0.413058,0.243328,LEFT_TO_RIGHT,OUTSIDE_RIGHT,,0
GOPR0235U20_trajectories_dynamic.json,1041,0.917520,0.767601,0.490175,0.242447,LEFT_TO_RIGHT,OUTSIDE_RIGHT,,0
GOPR0235U20_trajectories_dynamic.json,1074,0.058055,0.642599,-0.295850,0.120773,RIGHT_TO_LEFT,OUTSIDE_LEFT,,0
GOPR0235U20_trajectories_dynamic.json,1105,0.354372,0.892523,-0.210526,0.314261,LEFT_TO_RIGHT,INSIDE_MOVING_LEFT,0.000000,42
GOPR0235U20_trajectories_dynamic.json,1107,0.134444,0.932343,-0.333633,0.276076,LEFT_TO_RIGHT,OUTSIDE_LEFT,,42
GOPR0235U20_trajectories_dynamic.json,1147,0.762752,0.818249,-0.219950,0.307229,LEFT_TO_RIGHT,APPROACHING_FROM_RIGHT,0.512625,0
GOPR0235U20_trajectories_dynamic.json,1252,0.171087,0.626410,-0.351386,0.023516,RIGHT_TO_LEFT,OUTSIDE_LEFT,,2
GOPR0235U20_trajectories_dynamic.json,1257,0.922590,0.787472,0.267818,0.233157,LEFT_TO_RIGHT,OUTSIDE_RIGHT,,
GOPR0235U20_trajectories_dynamic.json,1258,0.875785,0.923290,0.359524,0.366887,LEFT_TO_RIGHT,OUTSIDE_RIGHT,,
GOPR0235U20_trajectories_dynamic.json,1268,0.911383,0.885341,0.262197,0.304666,LEFT_TO_RIGHT,OUTSIDE_RIGHT,,
GOPR0235U20_trajectories_dynamic.json,1274,0.071254,0.682619,-0.411203,0.083740,RIGHT_TO_LEFT,OUTSIDE_LEFT,,0
GOPR0235U20_trajectories_dynamic.json,1281,0.868586,0.816435,0.205485,0.297036,LEFT_TO_RIGHT,OUTSIDE_RIGHT,,
GOPR0235U20_trajectories_dynamic.json,1343,0.072265,0.769418,-0.504731,0.058742,RIGHT_TO_LEFT,OUTSIDE_LEFT,,0
GOPR0235U20_trajectories_dynamic.json,1344,0.049941,0.783880,-0.446131,0.194811,RIGHT_TO_LEFT,OUTSIDE_LEFT,,0
GOPR0235U20_trajectories_dynamic.json,1348,0.323853,0.640856,-0.037417,-0.065453,LEFT_TO_RIGHT,OUTSIDE_LEFT,,5
GOPR0236U20_trajectories_dynamic.json,0,0.187407,0.908785,-0.323231,0.508613,RIGHT_TO_LEFT,OUTSIDE_LEFT,,0
GOPR0236U20_trajectories_dynamic.json,1,0.454154,0.678943,0.184826,-0.079815,LEFT_TO_RIGHT,INSIDE_MOVING_RIGHT,0.000000,0
GOPR0236U20_trajectories_dynamic.json,2,0.667989,0.718735,0.090790,-0.141695,LEFT_TO_RIGHT,OUTSIDE_RIGHT,,0
GOPR0236U20_trajectories_dynamic.json,12,0.555062,0.615447,-0.198181,-0.063396,RIGHT_TO_LEFT,INSIDE_MOVING_LEFT,0.000000,17
GOPR0236U20_trajectories_dynamic.json,30,0.468408,0.657191,0.105227,0.027045,LEFT_TO_RIGHT,INSIDE_MOVING_RIGHT,0.000000,0
GOPR0236U20_trajectories_dynamic.json,45,0.641598,0.644478,0.094210,-0.035166,RIGHT_TO_LEFT,INSIDE_MOVING_RIGHT,0.000000,21
GOPR0236U20_trajectories_dynamic.json,58,0.696479,0.611890,-0.020251,-0.103017,RIGHT_TO_LEFT,OUTSIDE_RIGHT,2.295109,
GOPR0236U20_trajectories_dynamic.json,73,0.043785,0.836383,-0.476028,0.222766,RIGHT_TO_LEFT,OUTSIDE_LEFT,,0
GOPR0236U20_trajectories_dynamic.json,74,0.101851,1.000000,-0.372783,0.419496,RIGHT_TO_LEFT,OUTSIDE_LEFT,,13
GOPR0236U20_trajectories_dynamic.json,75,0.134421,1.000000,-0.434016,0.414706,RIGHT_TO_LEFT,OUTSIDE_LEFT,,5
GOPR0236U20_trajectories_dynamic.json,78,0.838074,0.912498,0.330663,0.453791,RIGHT_TO_LEFT,OUTSIDE_RIGHT,,16
GOPR0236U20_trajectories_dynamic.json,80,0.742413,0.852681,0.506530,0.377706,LEFT_TO_RIGHT,OUTSIDE_RIGHT,,9
GOPR0236U20_trajectories_dynamic.json,84,0.022408,0.753074,-0.049345,0.078777,RIGHT_TO_LEFT,OUTSIDE_LEFT,,
GOPR0236U20_trajectories_dynamic.json,90,0.156829,1.000000,-0.371004,0.294059,RIGHT_TO_LEFT,OUTSIDE_LEFT,,0
GOPR0236U20_trajectories_dynamic.json,93,0.945984,0.691596,0.260526,-0.008312,LEFT_TO_RIGHT,OUTSIDE_RIGHT,,
GOPR0236U20_trajectories_dynamic.json,127,0.029021,0.807463,-0.173761,-0.038216,RIGHT_TO_LEFT,OUTSIDE_LEFT,,15
GOPR0236U20_trajectories_dynamic.json,130,0.940906,0.834571,0.417499,0.240120,LEFT_TO_RIGHT,OUTSIDE_RIGHT,,
GOPR0236U20_trajectories_dynamic.json,143,0.169030,0.756726,-0.440017,0.219811,RIGHT_TO_LEFT,OUTSIDE_LEFT,,0
GOPR0236U20_trajectories_dynamic.json,147,0.465378,0.727753,0.003228,0.052937,LEFT_TO_RIGHT,INSIDE_STATIONARY,0.000000,3
GOPR0236U20_trajectories_dynamic.json,152,0.883883,0.749540,0.145018,-0.038845,LEFT_TO_RIGHT,OUTSIDE_RIGHT,,18
GOPR0236U20_trajectories_dynamic.json,158,0.309607,0.720567,-0.025299,0.002565,LEFT_TO_RIGHT,OUTSIDE_LEFT,,
GOPR0236U20_trajectories_dynamic.json,174,0.051898,0.916077,-0.390329,0.117991,RIGHT_TO_LEFT,OUTSIDE_LEFT,,0
GOPR0236U20_trajectories_dynamic.json,175,0.455236,0.713326,-0.005852,-0.000481,RIGHT_TO_LEFT,INSIDE_STATIONARY,0.000000,0
GOPR0236U20_trajectories_dynamic.json,179,0.157806,0.923289,-0.273614,0.128647,RIGHT_TO_LEFT,OUTSIDE_LEFT,,0
GOPR0236U20_trajectories_dynamic.json,183,0.787203,0.847267,0.381849,0.273635,LEFT_TO_RIGHT,OUTSIDE_RIGHT,,0
GOPR0236U20_trajectories_dynamic.json,214,0.042741,0.754941,-0.672270,0.113838,RIGHT_TO_LEFT,OUTSIDE_LEFT,,70
GOPR0236U20_trajectories_dynamic.json,228,0.914430,0.928685,0.443876,0.443256,LEFT_TO_RIGHT,OUTSIDE_RIGHT,,0
GOPR0236U20_trajectories_dynamic.json,239,0.752548,0.818184,0.283942,0.216973,LEFT_TO_RIGHT,OUTSIDE_RIGHT,,0
GOPR0236U20_trajectories_dynamic.json,263,0.089606,1.000000,-0.330208,0.213913,RIGHT_TO_LEFT,OUTSIDE_LEFT,,0
GOPR0236U20_trajectories_dynamic.json,267,0.372658,0.736763,-0.212146,0.050513,RIGHT_TO_LEFT,INSIDE_MOVING_LEFT,0.000000,0
GOPR0236U20_trajectories_dynamic.json,297,0.077353,0.885295,-0.208148,0.228526,RIGHT_TO_LEFT,OUTSIDE_LEFT,,3
GOPR0236U20_trajectories_dynamic.json,315,0.846242,0.995693,0.450975,0.540232,LEFT_TO_RIGHT,OUTSIDE_RIGHT,,3
GOPR0236U20_trajectories_dynamic.json,317,0.321757,0.707773,-0.125989,0.079942,RIGHT_TO_LEFT,OUTSIDE_LEFT,,0
GOPR0236U20_trajectories_dynamic.json,323,0.818707,1.000000,0.620402,0.425720,LEFT_TO_RIGHT,OUTSIDE_RIGHT,,0
GOPR0236U20_trajectories_dynamic.json,325,0.198611,1.000000,-0.352140,0.525599,RIGHT_TO_LEFT,OUTSIDE_LEFT,,0
GOPR0236U20_trajectories_dynamic.json,338,0.675109,0.782083,0.059891,-0.006722,LEFT_TO_RIGHT,OUTSIDE_RIGHT,,0
GOPR0236U20_trajectories_dynamic.json,360,0.773987,0.995692,0.259837,0.483850,RIGHT_TO_LEFT,OUTSIDE_RIGHT,,16
GOPR0236U20_trajectories_dynamic.json,367,0.708775,1.000000,0.240269,0.554785,LEFT_TO_RIGHT,OUTSIDE_RIGHT,,0
GOPR0236U20_trajectories_dynamic.json,383,0.550955,0.843602,0.365000,-0.009390,LEFT_TO_RIGHT,INSIDE_MOVING_RIGHT,0.000000,0
GOPR0236U20_trajectories_dynamic.json,384,0.521373,0.662562,0.016711,-0.024322,RIGHT_TO_LEFT,INSIDE_STATIONARY,0.000000,15
GOPR0236U20_trajectories_dynamic.json,388,0.180222,0.878007,-0.183218,0.376455,RIGHT_TO_LEFT,OUTSIDE_LEFT,,0
GOPR0236U20_trajectories_dynamic.json,403,0.790219,0.740456,0.202667,0.200805,LEFT_TO_RIGHT,OUTSIDE_RIGHT,,0
GOPR0236U20_trajectories_dynamic.json,404,0.855395,0.745878,0.199349,0.171598,LEFT_TO_RIGHT,OUTSIDE_RIGHT,,0
GOPR0237U20_trajectories_dynamic.json,6,0.045296,0.812873,-0.645534,0.417615,RIGHT_TO_LEFT,OUTSIDE_LEFT,,0
GOPR0237U20_trajectories_dynamic.json,43,0.805488,0.910640,0.223756,0.609056,LEFT_TO_RIGHT,OUTSIDE_RIGHT,,
GOPR0237U20_trajectories_dynamic.json,51,0.839137,0.916036,0.556066,0.414919,LEFT_TO_RIGHT,OUTSIDE_RIGHT,,0
GOPR0237U20_trajectories_dynamic.json,89,0.519334,0.669772,0.251184,-0.006971,LEFT_TO_RIGHT,INSIDE_MOVING_RIGHT,0.000000,0
GOPR0237U20_trajectories_dynamic.json,91,0.469377,0.673417,-0.044688,0.040309,RIGHT_TO_LEFT,INSIDE_MOVING_LEFT,0.000000,0
GOPR0237U20_trajectories_dynamic.json,100,0.784127,0.992036,0.180363,0.595185,LEFT_TO_RIGHT,OUTSIDE_RIGHT,,0
GOPR0237U20_trajectories_dynamic.json,140,0.029994,0.812933,-0.057052,-0.022793,RIGHT_TO_LEFT,OUTSIDE_LEFT,,0
GOPR0237U20_trajectories_dynamic.json,183,0.883871,0.805561,0.340577,0.175494,LEFT_TO_RIGHT,OUTSIDE_RIGHT,,0
GOPR0237U20_trajectories_dynamic.json,198,0.940957,0.689772,0.773413,0.120173,LEFT_TO_RIGHT,OUTSIDE_RIGHT,,0
GOPR0237U20_trajectories_dynamic.json,262,0.879828,0.716953,0.283283,0.122193,LEFT_TO_RIGHT,OUTSIDE_RIGHT,,0
GOPR0237U20_trajectories_dynamic.json,267,0.039684,0.686150,-0.541538,0.144127,RIGHT_TO_LEFT,OUTSIDE_LEFT,,0
GOPR0237U20_trajectories_dynamic.json,282,0.175133,0.832763,-0.188473,0.315095,RIGHT_TO_LEFT,OUTSIDE_LEFT,,0
GOPR0237U20_trajectories_dynamic.json,285,0.013725,0.653524,-0.180056,0.002919,RIGHT_TO_LEFT,OUTSIDE_LEFT,,
GOPR0237U20_trajectories_dynamic.json,289,0.840125,0.836317,0.341885,0.113282,LEFT_TO_RIGHT,OUTSIDE_RIGHT,,0
GOPR0237U20_trajectories_dynamic.json,306,0.036599,0.682560,-0.557957,0.013488,RIGHT_TO_LEFT,OUTSIDE_LEFT,,0
GOPR0237U20_trajectories_dynamic.json,319,0.945031,0.678912,0.357092,0.024501,LEFT_TO_RIGHT,OUTSIDE_RIGHT,,
GOPR0237U20_trajectories_dynamic.json,320,0.956203,0.671595,0.441606,0.049759,LEFT_TO_RIGHT,OUTSIDE_RIGHT,,0
GOPR0237U20_trajectories_dynamic.json,375,0.776945,0.812885,0.093154,0.102521,LEFT_TO_RIGHT,OUTSIDE_RIGHT,,0
GOPR0237U20_trajectories_dynamic.json,431,0.180229,0.829108,-0.217186,0.334007,RIGHT_TO_LEFT,OUTSIDE_LEFT,,
GOPR0237U20_trajectories_dynamic.json,495,0.755618,0.916044,0.323402,0.448376,LEFT_TO_RIGHT,OUTSIDE_RIGHT,,0
GOPR0237U20_trajectories_dynamic.json,536,0.335076,0.642736,0.165640,0.023260,LEFT_TO_RIGHT,APPROACHING_FROM_LEFT,0.090098,49
GOPR0237U20_trajectories_dynamic.json,537,0.850316,1.000000,0.681699,0.366979,LEFT_TO_RIGHT,OUTSIDE_RIGHT,,0
GOPR0237U20_trajectories_dynamic.json,546,0.414427,0.646268,-0.047207,-0.016828,LEFT_TO_RIGHT,INSIDE_MOVING_LEFT,0.000000,0
GOPR0237U20_trajectories_dynamic.json,576,0.233185,0.868942,-0.294829,0.362217,RIGHT_TO_LEFT,OUTSIDE_LEFT,,6
GOPR0237U20_trajectories_dynamic.json,578,0.039172,0.821860,-0.423207,0.276269,RIGHT_TO_LEFT,OUTSIDE_LEFT,,
GOPR0237U20_trajectories_dynamic.json,583,0.559140,0.640881,0.131954,0.011378,LEFT_TO_RIGHT,INSIDE_MOVING_RIGHT,0.000000,6
GOPR0237U20_trajectories_dynamic.json,618,0.859453,0.836372,0.316769,0.200185,LEFT_TO_RIGHT,OUTSIDE_RIGHT,,0
GOPR0237U20_trajectories_dynamic.json,624,0.839129,1.000000,0.553760,0.702271,LEFT_TO_RIGHT,OUTSIDE_RIGHT,,8
GOPR0237U20_trajectories_dynamic.json,626,0.847223,0.849010,0.487678,0.344221,LEFT_TO_RIGHT,OUTSIDE_RIGHT,,0
GOPR0237U20_trajectories_dynamic.json,627,0.830922,0.952278,0.445969,0.464638,LEFT_TO_RIGHT,OUTSIDE_RIGHT,,0
GOPR0237U20_trajectories_dynamic.json,629,0.813601,0.912375,0.372562,0.426024,LEFT_TO_RIGHT,OUTSIDE_RIGHT,,0
GOPR0238U20_trajectories_dynamic.json,2,0.354435,0.702411,0.052328,0.133922,RIGHT_TO_LEFT,INSIDE_MOVING_RIGHT,0.000000,0
GOPR0238U20_trajectories_dynamic.json,10,0.454082,0.642579,-0.165798,-0.043058,RIGHT_TO_LEFT,INSIDE_MOVING_LEFT,0.000000,5
GOPR0238U20_trajectories_dynamic.json,19,0.039763,0.655277,-0.095125,0.050454,RIGHT_TO_LEFT,OUTSIDE_LEFT,,
GOPR0238U20_trajectories_dynamic.json,24,0.407345,0.653642,-0.268655,-0.031018,RIGHT_TO_LEFT,INSIDE_MOVING_LEFT,0.000000,0
GOPR0238U20_trajectories_dynamic.json,30,0.884941,0.849006,0.277713,0.214041,LEFT_TO_RIGHT,OUTSIDE_RIGHT,,0
GOPR0238U20_trajectories_dynamic.json,57,0.841125,0.937752,0.294622,0.002252,LEFT_TO_RIGHT,OUTSIDE_RIGHT,,0
GOPR0238U20_trajectories_dynamic.json,67,0.942969,0.724097,0.409560,-0.002549,LEFT_TO_RIGHT,OUTSIDE_RIGHT,,0
GOPR0238U20_trajectories_dynamic.json,126,0.922648,0.648176,0.517900,0.081686,LEFT_TO_RIGHT,OUTSIDE_RIGHT,,0
GOPR0238U20_trajectories_dynamic.json,150,0.915508,0.713220,0.305311,0.046051,LEFT_TO_RIGHT,OUTSIDE_RIGHT,,0
GOPR0238U20_trajectories_dynamic.json,151,0.815666,0.850822,0.390324,0.389086,LEFT_TO_RIGHT,OUTSIDE_RIGHT,,0
GOPR0238U20_trajectories_dynamic.json,173,0.047844,0.687918,-0.515527,0.063419,RIGHT_TO_LEFT,OUTSIDE_LEFT,,4
GOPR0238U20_trajectories_dynamic.json,180,0.041759,0.678960,-0.508874,0.142019,RIGHT_TO_LEFT,OUTSIDE_LEFT,,
GOPR0238U20_trajectories_dynamic.json,181,0.084526,0.718690,-0.142116,0.139135,RIGHT_TO_LEFT,OUTSIDE_LEFT,,
GOPR0238U20_trajectories_dynamic.json,189,0.801441,0.897937,0.847909,0.128121,LEFT_TO_RIGHT,OUTSIDE_RIGHT,,0
GOPR0238U20_trajectories_dynamic.json,206,0.951141,0.680641,0.267091,0.079871,LEFT_TO_RIGHT,OUTSIDE_RIGHT,,0
GOPR0238U20_trajectories_dynamic.json,214,0.920500,0.688010,0.495781,0.095983,LEFT_TO_RIGHT,OUTSIDE_RIGHT,,8
GOPR0238U20_trajectories_dynamic.json,223,0.039163,0.805621,-0.487393,0.196844,RIGHT_TO_LEFT,OUTSIDE_LEFT,,
GOPR0238U20_trajectories_dynamic.json,224,0.127327,0.796540,-0.441082,0.237824,RIGHT_TO_LEFT,OUTSIDE_LEFT,,0
GOPR0239U20_trajectories_dynamic.json,1,0.126270,0.738699,-0.207962,0.014712,LEFT_TO_RIGHT,OUTSIDE_LEFT,,
GOPR0239U20_trajectories_dynamic.json,14,0.032049,0.874342,-0.576508,0.287936,RIGHT_TO_LEFT,OUTSIDE_LEFT,,
GOPR0239U20_trajectories_dynamic.json,30,0.080446,0.781992,-0.392257,0.157481,RIGHT_TO_LEFT,OUTSIDE_LEFT,,0
GOPR0239U20_trajectories_dynamic.json,31,0.152691,0.993882,-0.385179,0.522093,RIGHT_TO_LEFT,OUTSIDE_LEFT,,0
GOPR0239U20_trajectories_dynamic.json,72,0.851359,0.839980,0.378351,0.303717,LEFT_TO_RIGHT,OUTSIDE_RIGHT,,0
GOPR0239U20_trajectories_dynamic.json,76,0.521371,0.680806,0.064187,0.049409,LEFT_TO_RIGHT,INSIDE_MOVING_RIGHT,0.000000,0
GOPR0239U20_trajectories_dynamic.json,98,0.492877,0.677206,-0.079137,-0.050707,RIGHT_TO_LEFT,INSIDE_MOVING_LEFT,0.000000,0
GOPR0239U20_trajectories_dynamic.json,115,0.943031,0.769503,0.225580,0.083004,LEFT_TO_RIGHT,OUTSIDE_RIGHT,,
GOPR0239U20_trajectories_dynamic.json,130,0.049895,0.624560,-0.257104,-0.169428,VERTICAL,OUTSIDE_LEFT,,
GOPR0239U20_trajectories_dynamic.json,166,0.246420,0.881754,-0.602774,0.275584,RIGHT_TO_LEFT,OUTSIDE_LEFT,,3
GOPR0239U20_trajectories_dynamic.json,175,0.109961,0.957701,-0.226629,0.415506,RIGHT_TO_LEFT,OUTSIDE_LEFT,,
GOPR0239U20_trajectories_dynamic.json,181,0.744450,0.832759,0.524230,0.187691,LEFT_TO_RIGHT,OUTSIDE_RIGHT,,12
GOPR0239U20_trajectories_dynamic.json,192,0.803480,1.000000,0.415719,0.572236,LEFT_TO_RIGHT,OUTSIDE_RIGHT,,9
GOPR0239U20_trajectories_dynamic.json,196,0.047301,0.921435,-0.378836,0.258201,RIGHT_TO_LEFT,OUTSIDE_LEFT,,
GOPR0239U20_trajectories_dynamic.json,201,0.925641,0.796515,0.483108,0.043895,LEFT_TO_RIGHT,OUTSIDE_RIGHT,,
GOPR0239U20_trajectories_dynamic.json,210,0.358455,0.702347,-0.440692,-0.019551,LEFT_TO_RIGHT,INSIDE_MOVING_LEFT,0.000000,28
GOPR0239U20_trajectories_dynamic.json,214,0.881891,0.916034,0.394852,0.334538,LEFT_TO_RIGHT,OUTSIDE_RIGHT,,
GOPR0239U20_trajectories_dynamic.json,215,0.758697,0.975765,0.271382,0.548485,LEFT_TO_RIGHT,OUTSIDE_RIGHT,,0
GOPR0239U20_trajectories_dynamic.json,216,0.874742,0.973975,0.579848,0.571658,LEFT_TO_RIGHT,OUTSIDE_RIGHT,,0
GOPR0239U20_trajectories_dynamic.json,250,0.841148,1.000000,0.357048,0.460738,LEFT_TO_RIGHT,OUTSIDE_RIGHT,,0
GOPR0239U20_trajectories_dynamic.json,251,0.051941,0.975742,-0.643315,0.356818,RIGHT_TO_LEFT,OUTSIDE_LEFT,,0
GOPR0239U20_trajectories_dynamic.json,255,0.179256,1.000000,-0.425293,0.406937,RIGHT_TO_LEFT,OUTSIDE_LEFT,,0
GOPR0239U20_trajectories_dynamic.json,280,0.721986,0.822033,0.194918,0.196326,LEFT_TO_RIGHT,OUTSIDE_RIGHT,,0
GOPR0239U20_trajectories_dynamic.json,281,0.049941,0.841820,-0.874121,0.192851,RIGHT_TO_LEFT,OUTSIDE_LEFT,,71
GOPR0239U20_trajectories_dynamic.json,369,0.210784,0.888837,-0.806235,0.160106,RIGHT_TO_LEFT,OUTSIDE_LEFT,,11
GOPR0239U20_trajectories_dynamic.json,370,0.037637,0.780262,0.034062,0.034699,VERTICAL,APPROACHING_FROM_LEFT,9.170403,
GOPR0239U20_trajectories_dynamic.json,371,0.309579,0.916032,-0.356088,0.258844,RIGHT_TO_LEFT,OUTSIDE_LEFT,,0
GOPR0239U20_trajectories_dynamic.json,399,0.634419,1.000000,0.323788,0.460213,LEFT_TO_RIGHT,INSIDE_MOVING_RIGHT,0.000000,0
GOPR0239U20_trajectories_dynamic.json,412,0.972504,0.756713,0.292995,0.093441,LEFT_TO_RIGHT,OUTSIDE_RIGHT,,
GOPR0239U20_trajectories_dynamic.json,421,0.805453,0.816418,0.277559,0.230036,LEFT_TO_RIGHT,OUTSIDE_RIGHT,,0
GOPR0239U20_trajectories_dynamic.json,459,0.752551,0.847208,0.214245,0.319226,LEFT_TO_RIGHT,OUTSIDE_RIGHT,,0
GOPR0239U20_trajectories_dynamic.json,464,0.932754,0.870749,0.563621,0.410293,LEFT_TO_RIGHT,OUTSIDE_RIGHT,,0
GOPR0239U20_trajectories_dynamic.json,467,0.935836,0.742340,0.308002,0.228403,LEFT_TO_RIGHT,OUTSIDE_RIGHT,,
GOPR0239U20_trajectories_dynamic.json,470,0.895117,0.763974,0.368362,0.260282,LEFT_TO_RIGHT,OUTSIDE_RIGHT,,
GOPR0239U20_trajectories_dynamic.json,476,0.464364,0.736827,-0.118646,0.106045,RIGHT_TO_LEFT,INSIDE_MOVING_LEFT,0.000000,8
GOPR0239U20_trajectories_dynamic.json,484,0.942957,0.731303,0.160306,0.198827,LEFT_TO_RIGHT,OUTSIDE_RIGHT,,
GOPR0239U20_trajectories_dynamic.json,490,0.058100,0.791088,-0.528587,0.302823,RIGHT_TO_LEFT,OUTSIDE_LEFT,,0
GOPR0239U20_trajectories_dynamic.json,500,0.433795,0.693375,0.033284,-0.001836,RIGHT_TO_LEFT,INSIDE_MOVING_RIGHT,0.000000,3
GOPR0239U20_trajectories_dynamic.json,501,0.621188,0.736863,-0.141093,-0.035212,RIGHT_TO_LEFT,INSIDE_MOVING_LEFT,0.000000,17
GOPR0239U20_trajectories_dynamic.json,505,0.753560,0.789274,0.003275,0.028010,RIGHT_TO_LEFT,OUTSIDE_RIGHT,,
GOPR0239U20_trajectories_dynamic.json,506,0.702652,0.823749,0.231278,0.099166,LEFT_TO_RIGHT,OUTSIDE_RIGHT,,0
GOPR0239U20_trajectories_dynamic.json,514,0.579454,1.000000,0.473402,0.494597,LEFT_TO_RIGHT,INSIDE_MOVING_RIGHT,0.000000,0
GOPR0239U20_trajectories_dynamic.json,523,0.746450,0.765842,0.090926,0.015076,LEFT_TO_RIGHT,OUTSIDE_RIGHT,,0
GOPR0239U20_trajectories_dynamic.json,527,0.845270,0.975732,0.667544,0.388390,LEFT_TO_RIGHT,OUTSIDE_RIGHT,,3
GOPR0239U20_trajectories_dynamic.json,529,0.838078,0.749537,0.587967,-0.038883,LEFT_TO_RIGHT,OUTSIDE_RIGHT,,0
GOPR0239U20_trajectories_dynamic.json,540,0.932734,0.769446,0.206171,0.007821,VERTICAL,OUTSIDE_RIGHT,,14
GOPR0239U20_trajectories_dynamic.json,549,0.097748,0.946859,-0.222587,0.356886,RIGHT_TO_LEFT,OUTSIDE_LEFT,,0
GOPR0239U20_trajectories_dynamic.json,565,0.537632,0.794776,-0.106442,0.160433,LEFT_TO_RIGHT,INSIDE_MOVING_LEFT,0.000000,0
GOPR0239U20_trajectories_dynamic.json,601,0.153779,0.923296,-0.225186,0.346527,RIGHT_TO_LEFT,OUTSIDE_LEFT,,
GOPR0239U20_trajectories_dynamic.json,624,0.113054,0.983123,-0.529907,0.255181,RIGHT_TO_LEFT,OUTSIDE_LEFT,,0
GOPR0239U20_trajectories_dynamic.json,704,0.817742,1.000000,0.401053,0.290020,RIGHT_TO_LEFT,OUTSIDE_RIGHT,,12
GOPR0239U20_trajectories_dynamic.json,711,0.805499,0.984799,0.180729,0.303662,RIGHT_TO_LEFT,OUTSIDE_RIGHT,,
GOPR0239U20_trajectories_dynamic.json,727,0.440926,0.820078,0.043894,0.231049,LEFT_TO_RIGHT,INSIDE_MOVING_RIGHT,0.000000,8
GOPR0239U20_trajectories_dynamic.json,768,0.388941,0.731372,-0.199566,-0.114897,RIGHT_TO_LEFT,INSIDE_MOVING_LEFT,0.000000,0
GOPR0239U20_trajectories_dynamic.json,769,0.269867,1.000000,-0.225342,0.510356,RIGHT_TO_LEFT,OUTSIDE_LEFT,,8
GOPR0239U20_trajectories_dynamic.json,773,0.184341,0.841822,-0.537429,0.084501,RIGHT_TO_LEFT,OUTSIDE_LEFT,,0
GOPR0239U20_trajectories_dynamic.json,805,0.199593,0.959482,-0.525784,0.445362,RIGHT_TO_LEFT,OUTSIDE_LEFT,,0
GOPR0239U20_trajectories_dynamic.json,809,0.862516,0.937776,0.594692,0.406461,LEFT_TO_RIGHT,OUTSIDE_RIGHT,,0
GOPR0239U20_trajectories_dynamic.json,811,0.908293,0.769417,0.379640,0.309290,LEFT_TO_RIGHT,OUTSIDE_RIGHT,,
GOPR0239U20_trajectories_dynamic.json,830,0.802402,1.000000,0.511379,0.521029,LEFT_TO_RIGHT,OUTSIDE_RIGHT,,0
GOPR0239U20_trajectories_dynamic.json,836,0.720935,0.778461,0.418319,0.081438,LEFT_TO_RIGHT,OUTSIDE_RIGHT,,0
GOPR0239U20_trajectories_dynamic.json,900,0.506143,0.791179,-0.148794,-0.090140,RIGHT_TO_LEFT,INSIDE_MOVING_LEFT,0.000000,10
GOPR0239U20_trajectories_dynamic.json,907,0.578379,0.749492,-0.156165,-0.056971,RIGHT_TO_LEFT,INSIDE_MOVING_LEFT,0.000000,16
GOPR0240U20_trajectories_dynamic.json,0,0.714819,0.626426,-0.097193,-0.045098,RIGHT_TO_LEFT,APPROACHING_FROM_RIGHT,0.666905,
GOPR0240U20_trajectories_dynamic.json,1,0.923613,0.856326,0.549756,0.273571,LEFT_TO_RIGHT,OUTSIDE_RIGHT,,0
GOPR0240U20_trajectories_dynamic.json,5,0.466426,0.735103,-0.027021,-0.015557,LEFT_TO_RIGHT,INSIDE_STATIONARY,0.000000,0
GOPR0240U20_trajectories_dynamic.json,13,0.469429,0.736783,-0.087008,-0.067656,RIGHT_TO_LEFT,INSIDE_MOVING_LEFT,0.000000,2
GOPR0240U20_trajectories_dynamic.json,17,0.940957,0.832824,0.391324,0.164112,LEFT_TO_RIGHT,OUTSIDE_RIGHT,,0
GOPR0240U20_trajectories_dynamic.json,29,0.459325,0.731278,-0.074037,-0.034190,RIGHT_TO_LEFT,INSIDE_MOVING_LEFT,0.000000,0
GOPR0240U20_trajectories_dynamic.json,31,0.869688,0.914297,0.401664,0.174399,LEFT_TO_RIGHT,OUTSIDE_RIGHT,,0
GOPR0240U20_trajectories_dynamic.json,61,0.022864,0.709699,-0.598617,0.102900,RIGHT_TO_LEFT,OUTSIDE_LEFT,,0
GOPR0240U20_trajectories_dynamic.json,64,0.021890,0.747685,-0.017201,0.091351,RIGHT_TO_LEFT,OUTSIDE_LEFT,,0
GOPR0240U20_trajectories_dynamic.json,69,0.341152,0.879758,0.128276,-0.022449,RIGHT_TO_LEFT,APPROACHING_FROM_LEFT,0.068977,0
GOPR0240U20_trajectories_dynamic.json,116,0.262786,0.731350,-0.296057,0.122056,RIGHT_TO_LEFT,OUTSIDE_LEFT,,0
GOPR0240U20_trajectories_dynamic.json,121,0.392077,0.736855,0.149287,-0.229470,RIGHT_TO_LEFT,INSIDE_MOVING_RIGHT,0.000000,32
GOPR0240U20_trajectories_dynamic.json,152,0.866551,0.771177,0.457528,0.188416,LEFT_TO_RIGHT,OUTSIDE_RIGHT,,0
GOPR0240U20_trajectories_dynamic.json,168,0.797375,0.847197,0.442988,0.324652,LEFT_TO_RIGHT,OUTSIDE_RIGHT,,0
GOPR0240U20_trajectories_dynamic.json,174,0.942988,0.847256,0.174825,0.147013,LEFT_TO_RIGHT,OUTSIDE_RIGHT,,
GOPR0240U20_trajectories_dynamic.json,177,0.788205,0.820109,0.419272,0.001413,LEFT_TO_RIGHT,OUTSIDE_RIGHT,,1
GOPR0240U20_trajectories_dynamic.json,179,0.192443,0.858165,-0.044610,0.123780,RIGHT_TO_LEFT,OUTSIDE_LEFT,,
GOPR0240U20_trajectories_dynamic.json,180,0.211850,0.992067,-0.173830,0.161529,RIGHT_TO_LEFT,OUTSIDE_LEFT,,0
GOPR0240U20_trajectories_dynamic.json,196,0.829945,0.870802,0.298141,0.271614,LEFT_TO_RIGHT,OUTSIDE_RIGHT,,
GOPR0240U20_trajectories_dynamic.json,246,0.424669,0.803768,-0.184615,0.010482,RIGHT_TO_LEFT,INSIDE_MOVING_LEFT,0.000000,0
GOPR0241U20_trajectories_dynamic.json,14,0.078384,0.807359,-0.398968,0.136126,RIGHT_TO_LEFT,OUTSIDE_LEFT,,2
GOPR0241U20_trajectories_dynamic.json,17,0.470403,0.628159,-0.056292,-0.094990,RIGHT_TO_LEFT,INSIDE_MOVING_LEFT,0.000000,10
GOPR0241U20_trajectories_dynamic.json,57,0.088561,0.975760,-0.733101,0.295695,RIGHT_TO_LEFT,OUTSIDE_LEFT,,2
GOPR0241U20_trajectories_dynamic.json,78,0.068251,0.852715,-0.445060,-0.124095,RIGHT_TO_LEFT,OUTSIDE_LEFT,,13
GOPR0241U20_trajectories_dynamic.json,89,0.065129,0.736711,-0.311008,0.125439,RIGHT_TO_LEFT,OUTSIDE_LEFT,,
GOPR0241U20_trajectories_dynamic.json,123,0.433827,0.707942,-0.012868,0.009113,LEFT_TO_RIGHT,INSIDE_STATIONARY,0.000000,11
GOPR0241U20_trajectories_dynamic.json,178,0.628312,0.742204,0.010795,0.062945,LEFT_TO_RIGHT,INSIDE_STATIONARY,0.000000,0
GOPR0241U20_trajectories_dynamic.json,221,0.043782,0.816524,-0.270508,0.156998,RIGHT_TO_LEFT,OUTSIDE_LEFT,,
GOPR0241U20_trajectories_dynamic.json,288,0.918559,0.780198,0.547177,0.090604,LEFT_TO_RIGHT,OUTSIDE_RIGHT,,0
GOPR0241U20_trajectories_dynamic.json,372,0.039708,0.756753,-0.465550,0.171680,RIGHT_TO_LEFT,OUTSIDE_LEFT,,0
GOPR0241U20_trajectories_dynamic.json,402,0.875781,0.897923,0.145809,0.314539,LEFT_TO_RIGHT,OUTSIDE_RIGHT,,
GOPR0241U20_trajectories_dynamic.json,417,0.543783,0.744060,0.110111,0.033860,RIGHT_TO_LEFT,INSIDE_MOVING_RIGHT,0.000000,0
GOPR0241U20_trajectories_dynamic.json,422,0.153748,0.972158,-0.402048,0.316614,RIGHT_TO_LEFT,OUTSIDE_LEFT,,7
GOPR0241U20_trajectories_dynamic.json,459,0.746461,0.906969,0.356766,0.330712,LEFT_TO_RIGHT,OUTSIDE_RIGHT,,0
GOPR0241U20_trajectories_dynamic.json,467,0.796312,0.870784,0.469860,0.323604,LEFT_TO_RIGHT,OUTSIDE_RIGHT,,0
GOPR0241U20_trajectories_dynamic.json,469,0.264722,0.888886,-0.299001,0.253811,RIGHT_TO_LEFT,OUTSIDE_LEFT,,0
GOPR0241U20_trajectories_dynamic.json,514,0.080472,1.000000,-0.091363,0.000000,RIGHT_TO_LEFT,OUTSIDE_LEFT,,0
GOPR0241U20_trajectories_dynamic.json,519,0.914461,0.861819,0.419195,0.215012,LEFT_TO_RIGHT,OUTSIDE_RIGHT,,2
GOPR0241U20_trajectories_dynamic.json,525,0.930793,0.832762,0.476311,0.190966,LEFT_TO_RIGHT,OUTSIDE_RIGHT,,0
GOPR0241U20_trajectories_dynamic.json,528,0.885988,0.907061,0.523860,0.384888,LEFT_TO_RIGHT,OUTSIDE_RIGHT,,0
GOPR0241U20_trajectories_dynamic.json,537,0.853367,0.827420,0.387546,0.293364,LEFT_TO_RIGHT,OUTSIDE_RIGHT,,0
GOPR0241U20_trajectories_dynamic.json,568,0.794227,0.852658,0.331494,0.213475,LEFT_TO_RIGHT,OUTSIDE_RIGHT,,0
GOPR0241U20_trajectories_dynamic.json,575,0.014793,0.751315,-0.521519,0.048840,RIGHT_TO_LEFT,OUTSIDE_LEFT,,0
GOPR0241U20_trajectories_dynamic.json,580,0.047853,0.738635,-0.431568,0.111043,RIGHT_TO_LEFT,OUTSIDE_LEFT,,0
GOPR0241U20_trajectories_dynamic.json,633,0.838117,0.856292,0.325913,0.244543,LEFT_TO_RIGHT,OUTSIDE_RIGHT,,0
GOPR0241U20_trajectories_dynamic.json,636,0.769815,1.000000,0.240697,0.493340,LEFT_TO_RIGHT,OUTSIDE_RIGHT,,0
GOPR0241U20_trajectories_dynamic.json,649,0.038140,0.870803,-0.322002,0.163635,RIGHT_TO_LEFT,OUTSIDE_LEFT,,6
GOPR0241U20_trajectories_dynamic.json,650,0.900219,0.921461,0.448071,0.334951,LEFT_TO_RIGHT,OUTSIDE_RIGHT,,0
GOPR0241U20_trajectories_dynamic.json,658,0.219965,1.000000,-0.514470,0.583581,RIGHT_TO_LEFT,OUTSIDE_LEFT,,0
GOPR0241U20_trajectories_dynamic.json,698,0.021826,0.800244,-0.344169,0.070838,RIGHT_TO_LEFT,OUTSIDE_LEFT,,
GOPR0241U20_trajectories_dynamic.json,712,0.510172,0.700593,0.052322,-0.028548,RIGHT_TO_LEFT,INSIDE_MOVING_RIGHT,0.000000,0
GOPR0241U20_trajectories_dynamic.json,717,0.051952,0.849088,-0.429641,0.145518,RIGHT_TO_LEFT,OUTSIDE_LEFT,,0
GOPR0241U20_trajectories_dynamic.json,757,0.127287,1.000000,-0.373060,0.222222,RIGHT_TO_LEFT,OUTSIDE_LEFT,,0
GOPR0241U20_trajectories_dynamic.json,764,0.422625,0.751269,-0.101277,0.033161,RIGHT_TO_LEFT,INSIDE_MOVING_LEFT,0.000000,0
GOPR0241U20_trajectories_dynamic.json,778,0.861492,0.912397,0.563627,0.331439,LEFT_TO_RIGHT,OUTSIDE_RIGHT,,0
GOPR0241U20_trajectories_dynamic.json,781,0.036674,0.874348,-0.310374,0.163441,RIGHT_TO_LEFT,OUTSIDE_LEFT,,
GOPR0241U20_trajectories_dynamic.json,783,0.848293,0.923262,0.473678,0.413910,LEFT_TO_RIGHT,OUTSIDE_RIGHT,,0
GOPR0241U20_trajectories_dynamic.json,784,0.004544,0.955824,-0.344930,0.258760,RIGHT_TO_LEFT,OUTSIDE_LEFT,,
GOPR0241U20_trajectories_dynamic.json,817,0.895137,0.832683,0.254648,0.150043,LEFT_TO_RIGHT,OUTSIDE_RIGHT,,7
GOPR0241U20_trajectories_dynamic.json,845,0.062158,0.970355,-0.271402,0.190232,RIGHT_TO_LEFT,OUTSIDE_LEFT,,0
GOPR0241U20_trajectories_dynamic.json,867,0.882895,0.981221,0.506089,0.403440,LEFT_TO_RIGHT,OUTSIDE_RIGHT,,0
GOPR0241U20_trajectories_dynamic.json,872,0.867602,0.914178,0.535277,0.403983,LEFT_TO_RIGHT,OUTSIDE_RIGHT,,0
GOPR0241U20_trajectories_dynamic.json,879,0.123235,0.939582,-0.393834,0.445365,RIGHT_TO_LEFT,OUTSIDE_LEFT,,6
GOPR0241U20_trajectories_dynamic.json,886,0.842180,1.000000,0.587796,0.535056,LEFT_TO_RIGHT,OUTSIDE_RIGHT,,0
GOPR0241U20_trajectories_dynamic.json,908,0.190462,1.000000,-0.407132,0.500865,RIGHT_TO_LEFT,OUTSIDE_LEFT,,0
GOPR0241U20_trajectories_dynamic.json,923,0.063128,0.758542,-0.539577,0.148680,RIGHT_TO_LEFT,OUTSIDE_LEFT,,0
GOPR0241U20_trajectories_dynamic.json,928,0.956227,0.722338,0.324582,0.036065,LEFT_TO_RIGHT,OUTSIDE_RIGHT,,
GOPR0241U20_trajectories_dynamic.json,957,0.887984,0.872556,0.565970,0.352044,LEFT_TO_RIGHT,OUTSIDE_RIGHT,,0
GOPR0241U20_trajectories_dynamic.json,964,0.795271,0.981235,0.363962,0.512623,LEFT_TO_RIGHT,OUTSIDE_RIGHT,,0
GOPR0241U20_trajectories_dynamic.json,968,0.154802,0.959483,-0.498054,0.411456,RIGHT_TO_LEFT,OUTSIDE_LEFT,,0
GOPR0241U20_trajectories_dynamic.json,977,0.031061,0.769406,-0.504183,0.171688,RIGHT_TO_LEFT,OUTSIDE_LEFT,,
GOPR0241U20_trajectories_dynamic.json,978,0.088595,0.820135,-0.469537,0.207339,RIGHT_TO_LEFT,OUTSIDE_LEFT,,0
GOPR0241U20_trajectories_dynamic.json,987,0.924656,0.872566,0.442887,0.321639,LEFT_TO_RIGHT,OUTSIDE_RIGHT,,0
GOPR0241U20_trajectories_dynamic.json,1010,0.917527,0.773012,0.511651,0.192395,LEFT_TO_RIGHT,OUTSIDE_RIGHT,,0
GOPR0241U20_trajectories_dynamic.json,1018,0.902176,0.879792,0.395524,0.148587,LEFT_TO_RIGHT,OUTSIDE_RIGHT,,
GOPR0242U20_trajectories_dynamic.json,1,0.044816,0.821870,-0.433888,0.208771,RIGHT_TO_LEFT,OUTSIDE_LEFT,,
GOPR0242U20_trajectories_dynamic.json,3,0.109987,0.941333,-0.051652,0.211777,RIGHT_TO_LEFT,OUTSIDE_LEFT,,0
GOPR0242U20_trajectories_dynamic.json,30,0.067175,0.912407,-0.564078,0.276976,RIGHT_TO_LEFT,OUTSIDE_LEFT,,0
GOPR0242U20_trajectories_dynamic.json,49,0.219943,0.935972,-0.436974,0.243870,RIGHT_TO_LEFT,OUTSIDE_LEFT,,0
GOPR0242U20_trajectories_dynamic.json,107,0.863559,0.843640,0.470733,0.346646,LEFT_TO_RIGHT,OUTSIDE_RIGHT,,0
GOPR0242U20_trajectories_dynamic.json,109,0.194471,0.780246,-0.294736,0.107747,RIGHT_TO_LEFT,OUTSIDE_LEFT,,0
GOPR0242U20_trajectories_dynamic.json,157,0.119127,0.883483,-0.540310,0.159491,RIGHT_TO_LEFT,OUTSIDE_LEFT,,0
GOPR0242U20_trajectories_dynamic.json,191,0.040202,0.905199,-0.413646,0.243318,RIGHT_TO_LEFT,OUTSIDE_LEFT,,0
GOPR0242U20_trajectories_dynamic.json,198,0.830965,0.865355,0.359777,0.455494,LEFT_TO_RIGHT,OUTSIDE_RIGHT,,
GOPR0242U20_trajectories_dynamic.json,242,0.168073,0.876172,-0.509373,0.380586,RIGHT_TO_LEFT,OUTSIDE_LEFT,,0
GOPR0242U20_trajectories_dynamic.json,264,0.538666,0.619144,-0.026898,0.016638,LEFT_TO_RIGHT,INSIDE_STATIONARY,0.000000,0
GOPR0242U20_trajectories_dynamic.json,296,0.553954,0.649843,0.065568,0.032328,VERTICAL,INSIDE_MOVING_RIGHT,0.000000,0
GOPR0242U20_trajectories_dynamic.json,305,0.554998,0.628208,0.048901,0.034570,RIGHT_TO_LEFT,INSIDE_MOVING_RIGHT,0.000000,0
GOPR0242U20_trajectories_dynamic.json,354,0.309588,0.705924,-0.120757,0.088504,RIGHT_TO_LEFT,OUTSIDE_LEFT,,0
GOPR0242U20_trajectories_dynamic.json,358,0.603833,0.640907,0.116913,-0.044361,RIGHT_TO_LEFT,INSIDE_MOVING_RIGHT,0.000000,0
GOPR0242U20_trajectories_dynamic.json,361,0.153789,0.968562,-0.469660,0.552896,RIGHT_TO_LEFT,OUTSIDE_LEFT,,0
GOPR0242U20_trajectories_dynamic.json,368,0.944973,0.689720,0.085818,0.111994,LEFT_TO_RIGHT,OUTSIDE_RIGHT,,
GOPR0242U20_trajectories_dynamic.json,385,0.127298,0.785635,-0.458536,0.165667,RIGHT_TO_LEFT,OUTSIDE_LEFT,,0
GOPR0242U20_trajectories_dynamic.json,394,0.498972,0.646327,-0.016935,0.016375,RIGHT_TO_LEFT,INSIDE_STATIONARY,0.000000,0
GOPR0242U20_trajectories_dynamic.json,413,0.912434,0.720559,0.409378,0.149855,LEFT_TO_RIGHT,OUTSIDE_RIGHT,,
GOPR0242U20_trajectories_dynamic.json,417,0.883941,0.820078,0.480873,0.327621,LEFT_TO_RIGHT,OUTSIDE_RIGHT,,0
GOPR0242U20_trajectories_dynamic.json,472,0.881848,0.908822,0.630675,0.527634,LEFT_TO_RIGHT,OUTSIDE_RIGHT,,0
GOPR0242U20_trajectories_dynamic.json,474,0.522412,0.680733,0.112304,0.053349,RIGHT_TO_LEFT,INSIDE_MOVING_RIGHT,0.000000,0
GOPR0242U20_trajectories_dynamic.json,478,0.471553,0.651651,0.138575,0.041447,LEFT_TO_RIGHT,INSIDE_MOVING_RIGHT,0.000000,0
GOPR0242U20_trajectories_dynamic.json,482,0.545856,0.684371,0.047822,0.085595,LEFT_TO_RIGHT,INSIDE_MOVING_RIGHT,0.000000,0
GOPR0242U20_trajectories_dynamic.json,506,0.933797,0.792932,0.499535,0.307464,LEFT_TO_RIGHT,OUTSIDE_RIGHT,,0
GOPR0242U20_trajectories_dynamic.json,513,0.465387,0.637277,0.056029,0.037977,RIGHT_TO_LEFT,INSIDE_MOVING_RIGHT,0.000000,0
GOPR0242U20_trajectories_dynamic.json,515,0.423637,0.615512,0.026916,-0.000781,RIGHT_TO_LEFT,INSIDE_STATIONARY,0.000000,0
GOPR0242U20_trajectories_dynamic.json,517,0.886980,0.706013,0.318327,-0.052201,LEFT_TO_RIGHT,OUTSIDE_RIGHT,,63
GOPR0242U20_trajectories_dynamic.json,547,0.807568,0.888874,0.361825,0.497396,LEFT_TO_RIGHT,OUTSIDE_RIGHT,,0
GOPR0242U20_trajectories_dynamic.json,579,0.384936,0.673429,-0.137166,0.030481,LEFT_TO_RIGHT,INSIDE_MOVING_LEFT,0.000000,7
GOPR0242U20_trajectories_dynamic.json,590,0.485771,0.653521,-0.079290,0.010716,LEFT_TO_RIGHT,INSIDE_MOVING_LEFT,0.000000,0
GOPR0242U20_trajectories_dynamic.json,615,0.548900,0.660744,0.113703,-0.095160,LEFT_TO_RIGHT,INSIDE_MOVING_RIGHT,0.000000,0
GOPR0242U20_trajectories_dynamic.json,616,0.071299,0.707783,-0.335183,0.166161,RIGHT_TO_LEFT,OUTSIDE_LEFT,,0
GOPR0242U20_trajectories_dynamic.json,620,0.586568,0.657177,0.130916,-0.035343,VERTICAL,INSIDE_MOVING_RIGHT,0.000000,0
GOPR0242U20_trajectories_dynamic.json,629,0.928723,0.706040,0.198456,0.070537,LEFT_TO_RIGHT,OUTSIDE_RIGHT,,
GOPR0242U20_trajectories_dynamic.json,636,0.526493,0.651784,0.001504,0.024715,RIGHT_TO_LEFT,INSIDE_STATIONARY,0.000000,0
GOPR0242U20_trajectories_dynamic.json,660,0.692454,0.620964,-0.041092,-0.055034,RIGHT_TO_LEFT,APPROACHING_FROM_RIGHT,1.033151,
GOPR0242U20_trajectories_dynamic.json,664,0.069238,0.887037,-0.421695,0.363368,RIGHT_TO_LEFT,OUTSIDE_LEFT,,0
GOPR0242U20_trajectories_dynamic.json,674,0.430795,0.707758,0.016662,-0.021232,RIGHT_TO_LEFT,INSIDE_STATIONARY,0.000000,0
GOPR0242U20_trajectories_dynamic.json,684,0.027996,0.711483,-0.433865,0.113257,RIGHT_TO_LEFT,OUTSIDE_LEFT,,0
GOPR0242U20_trajectories_dynamic.json,689,0.501048,0.622665,-0.058214,0.061341,RIGHT_TO_LEFT,INSIDE_MOVING_LEFT,0.000000,0
GOPR0242U20_trajectories_dynamic.json,704,0.415461,0.680717,-0.009776,0.033154,VERTICAL,INSIDE_STATIONARY,0.000000,0
GOPR0242U20_trajectories_dynamic.json,706,0.522376,0.666199,0.156353,0.063671,RIGHT_TO_LEFT,INSIDE_MOVING_RIGHT,0.000000,3
GOPR0242U20_trajectories_dynamic.json,719,0.586545,0.676960,0.130182,-0.028470,LEFT_TO_RIGHT,INSIDE_MOVING_RIGHT,0.000000,0
GOPR0242U20_trajectories_dynamic.json,755,0.730116,0.707741,0.001314,0.027146,LEFT_TO_RIGHT,OUTSIDE_RIGHT,,0
GOPR0242U20_trajectories_dynamic.json,764,0.080448,0.847238,-0.083630,-0.016030,VERTICAL,OUTSIDE_LEFT,,12
GOPR0242U20_trajectories_dynamic.json,768,0.062098,0.825492,-0.444250,0.172814,RIGHT_TO_LEFT,OUTSIDE_LEFT,,0
GOPR0242U20_trajectories_dynamic.json,769,0.512223,0.628296,-0.103212,0.015664,VERTICAL,INSIDE_MOVING_LEFT,0.000000,0
GOPR0242U20_trajectories_dynamic.json,797,0.879805,0.783809,0.607170,0.185494,LEFT_TO_RIGHT,OUTSIDE_RIGHT,,0
GOPR0242U20_trajectories_dynamic.json,801,0.836027,0.916081,0.600741,0.509322,LEFT_TO_RIGHT,OUTSIDE_RIGHT,,0
GOPR0242U20_trajectories_dynamic.json,804,0.498967,0.767544,0.227828,0.004122,LEFT_TO_RIGHT,INSIDE_MOVING_RIGHT,0.000000,0
GOPR0242U20_trajectories_dynamic.json,805,0.520358,0.678940,0.182121,-0.091543,LEFT_TO_RIGHT,INSIDE_MOVING_RIGHT,0.000000,0
GOPR0242U20_trajectories_dynamic.json,817,0.071292,0.850876,-0.595128,0.314013,RIGHT_TO_LEFT,OUTSIDE_LEFT,,
GOPR0242U20_trajectories_dynamic.json,819,0.607945,0.769359,0.093128,-0.016036,LEFT_TO_RIGHT,INSIDE_MOVING_RIGHT,0.000000,0
GOPR0242U20_trajectories_dynamic.json,825,0.929680,0.796588,0.329062,0.199148,LEFT_TO_RIGHT,OUTSIDE_RIGHT,,
GOPR0242U20_trajectories_dynamic.json,835,0.537691,0.657232,-0.085493,-0.024572,LEFT_TO_RIGHT,INSIDE_MOVING_LEFT,0.000000,11
GOPR0242U20_trajectories_dynamic.json,849,0.727074,0.763943,0.083853,-0.182448,LEFT_TO_RIGHT,OUTSIDE_RIGHT,,
GOPR0242U20_trajectories_dynamic.json,869,0.545875,0.744097,-0.030778,-0.016484,RIGHT_TO_LEFT,INSIDE_MOVING_LEFT,0.000000,3
GOPR0242U20_trajectories_dynamic.json,877,0.087602,0.722377,-0.459804,0.079144,RIGHT_TO_LEFT,OUTSIDE_LEFT,,0
GOPR0242U20_trajectories_dynamic.json,891,0.049890,0.742326,-0.130320,-0.070999,RIGHT_TO_LEFT,OUTSIDE_LEFT,,73
GOPR0242U20_trajectories_dynamic.json,910,0.510103,0.631786,-0.319848,-0.189124,RIGHT_TO_LEFT,INSIDE_MOVING_LEFT,0.000000,6
GOPR0242U20_trajectories_dynamic.json,945,0.090665,0.805583,-0.396270,0.082920,RIGHT_TO_LEFT,OUTSIDE_LEFT,,0
GOPR0242U20_trajectories_dynamic.json,959,0.777988,0.888833,0.739171,0.424109,LEFT_TO_RIGHT,OUTSIDE_RIGHT,,9
GOPR0242U20_trajectories_dynamic.json,971,0.611998,0.662598,0.489164,-0.016125,LEFT_TO_RIGHT,INSIDE_MOVING_RIGHT,0.000000,16
GOPR0242U20_trajectories_dynamic.json,977,0.863535,0.816492,0.597405,0.289786,LEFT_TO_RIGHT,OUTSIDE_RIGHT,,0
GOPR0242U20_trajectories_dynamic.json,993,0.124270,0.792940,-0.387728,0.061428,LEFT_TO_RIGHT,OUTSIDE_LEFT,,
GOPR0242U20_trajectories_dynamic.json,997,0.015766,0.705985,-0.750897,0.115353,RIGHT_TO_LEFT,OUTSIDE_LEFT,,3
GOPR0242U20_trajectories_dynamic.json,1007,0.073337,0.744060,-0.520982,0.186542,RIGHT_TO_LEFT,OUTSIDE_LEFT,,2
GOPR0242U20_trajectories_dynamic.json,1026,0.072247,0.829140,-0.387424,0.157709,RIGHT_TO_LEFT,OUTSIDE_LEFT,,12
GOPR0242U20_trajectories_dynamic.json,1099,0.059041,0.901549,-0.465504,0.108214,RIGHT_TO_LEFT,OUTSIDE_LEFT,,27
GOPR0242U20_trajectories_dynamic.json,1100,0.755559,0.954071,0.377285,0.482854,LEFT_TO_RIGHT,OUTSIDE_RIGHT,,0
GOPR0242U20_trajectories_dynamic.json,1111,0.915496,1.000000,0.697846,0.622036,LEFT_TO_RIGHT,OUTSIDE_RIGHT,,0
GOPR0242U20_trajectories_dynamic.json,1134,0.220963,0.934111,-0.470360,0.448672,RIGHT_TO_LEFT,OUTSIDE_LEFT,,0
GOPR0242U20_trajectories_dynamic.json,1136,0.862539,0.992113,0.498002,0.471987,LEFT_TO_RIGHT,OUTSIDE_RIGHT,,0
GOPR0242U20_trajectories_dynamic.json,1138,0.365560,0.954052,-0.270479,0.389494,RIGHT_TO_LEFT,INSIDE_MOVING_LEFT,0.000000,0
GOPR0242U20_trajectories_dynamic.json,1173,0.175176,0.727702,0.029315,-0.030736,RIGHT_TO_LEFT,OUTSIDE_LEFT,5.963686,
GOPR0242U20_trajectories_dynamic.json,1174,0.169040,0.979411,-0.451573,0.386209,RIGHT_TO_LEFT,OUTSIDE_LEFT,,0
GOPR0242U20_trajectories_dynamic.json,1175,0.925668,0.966655,0.568298,0.383529,LEFT_TO_RIGHT,OUTSIDE_RIGHT,,0
GOPR0242U20_trajectories_dynamic.json,1176,0.096732,0.892549,-0.434809,0.279419,RIGHT_TO_LEFT,OUTSIDE_LEFT,,5
GOPR0242U20_trajectories_dynamic.json,1177,0.145585,1.000000,-0.587196,0.482426,RIGHT_TO_LEFT,OUTSIDE_LEFT,,0
GOPR0242U20_trajectories_dynamic.json,1197,0.053964,0.774835,-0.482026,0.134146,RIGHT_TO_LEFT,OUTSIDE_LEFT,,8
GOPR0242U20_trajectories_dynamic.json,1208,0.905316,0.910597,0.456719,0.302261,LEFT_TO_RIGHT,OUTSIDE_RIGHT,,0
GOPR0242U20_trajectories_dynamic.json,1229,0.074332,0.910604,-0.566565,0.358699,RIGHT_TO_LEFT,OUTSIDE_LEFT,,0
GOPR0242U20_trajectories_dynamic.json,1244,0.169983,0.970345,-0.574859,0.432003,RIGHT_TO_LEFT,OUTSIDE_LEFT,,21
GOPR0242U20_trajectories_dynamic.json,1259,0.075374,0.881639,-1.020820,0.236927,RIGHT_TO_LEFT,OUTSIDE_LEFT,,9
GOPR0242U20_trajectories_dynamic.json,1301,0.940934,0.919665,0.594635,0.391053,LEFT_TO_RIGHT,OUTSIDE_RIGHT,,0
GOPR0242U20_trajectories_dynamic.json,1308,0.022861,0.800181,-0.266550,-0.034906,RIGHT_TO_LEFT,OUTSIDE_LEFT,,
GOPR0242U20_trajectories_dynamic.json,1319,0.821764,0.966738,0.223209,0.456088,LEFT_TO_RIGHT,OUTSIDE_RIGHT,,0
GOPR0242U20_trajectories_dynamic.json,1323,0.094680,0.680633,-0.483107,0.024554,RIGHT_TO_LEFT,OUTSIDE_LEFT,,0
GOPR0244U20_trajectories_dynamic.json,0,0.105924,0.791177,-0.255482,0.102489,RIGHT_TO_LEFT,OUTSIDE_LEFT,,
GOPR0244U20_trajectories_dynamic.json,21,0.079411,0.811040,-0.304807,0.328160,RIGHT_TO_LEFT,OUTSIDE_LEFT,,
GOPR0244U20_trajectories_dynamic.json,29,0.081466,0.789361,-0.651916,0.391411,RIGHT_TO_LEFT,OUTSIDE_LEFT,,0
GOPR0244U20_trajectories_dynamic.json,62,0.233167,0.698844,-0.463252,0.103790,RIGHT_TO_LEFT,OUTSIDE_LEFT,,0
GOPR0244U20_trajectories_dynamic.json,79,0.846234,0.961331,0.789994,0.424939,LEFT_TO_RIGHT,OUTSIDE_RIGHT,,0
GOPR0244U20_trajectories_dynamic.json,85,0.414463,0.684354,0.222841,-0.051676,LEFT_TO_RIGHT,INSIDE_MOVING_RIGHT,0.000000,0
GOPR0244U20_trajectories_dynamic.json,117,0.548865,0.646265,-0.035246,0.048719,RIGHT_TO_LEFT,INSIDE_MOVING_LEFT,0.000000,21
GOPR0244U20_trajectories_dynamic.json,118,0.866582,0.928729,0.426126,0.282927,LEFT_TO_RIGHT,OUTSIDE_RIGHT,,31
GOPR0244U20_trajectories_dynamic.json,119,0.896137,0.950429,-0.013459,0.257073,VERTICAL,OUTSIDE_RIGHT,18.288153,
GOPR0244U20_trajectories_dynamic.json,131,0.531563,0.646274,0.302724,0.001333,LEFT_TO_RIGHT,INSIDE_MOVING_RIGHT,0.000000,0
GOPR0244U20_trajectories_dynamic.json,135,0.094741,0.981231,-0.535520,0.557649,RIGHT_TO_LEFT,OUTSIDE_LEFT,,13
GOPR0244U20_trajectories_dynamic.json,140,0.918551,0.831009,0.222500,-0.001115,LEFT_TO_RIGHT,OUTSIDE_RIGHT,,0
GOPR0244U20_trajectories_dynamic.json,149,0.436872,0.662591,-0.160235,0.029388,LEFT_TO_RIGHT,INSIDE_MOVING_LEFT,0.000000,0
GOPR0244U20_trajectories_dynamic.json,150,0.146632,0.943176,-0.512127,0.479639,RIGHT_TO_LEFT,OUTSIDE_LEFT,,2
GOPR0244U20_trajectories_dynamic.json,152,0.122222,0.816436,-0.485181,0.237345,RIGHT_TO_LEFT,OUTSIDE_LEFT,,0
GOPR0244U20_trajectories_dynamic.json,155,0.949062,0.879881,0.248017,0.322229,LEFT_TO_RIGHT,OUTSIDE_RIGHT,,0
GOPR0244U20_trajectories_dynamic.json,165,0.296314,0.858034,-0.227171,0.410563,RIGHT_TO_LEFT,OUTSIDE_LEFT,,0
GOPR0244U20_trajectories_dynamic.json,208,0.937898,0.729510,0.433354,0.267497,LEFT_TO_RIGHT,OUTSIDE_RIGHT,,
GOPR0244U20_trajectories_dynamic.json,224,0.798375,0.885239,0.768146,-0.007014,LEFT_TO_RIGHT,OUTSIDE_RIGHT,,19
GOPR0244U20_trajectories_dynamic.json,230,0.905316,0.733182,0.179240,0.005234,LEFT_TO_RIGHT,OUTSIDE_RIGHT,,
GOPR0244U20_trajectories_dynamic.json,236,0.357373,0.622679,-0.069878,-0.077928,RIGHT_TO_LEFT,INSIDE_MOVING_LEFT,0.000000,0
GOPR0244U20_trajectories_dynamic.json,243,0.426693,0.702374,-0.105969,-0.139419,RIGHT_TO_LEFT,INSIDE_MOVING_LEFT,0.000000,2
GOPR0244U20_trajectories_dynamic.json,251,0.657798,0.696955,0.373995,0.066055,LEFT_TO_RIGHT,OUTSIDE_RIGHT,,0
GOPR0244U20_trajectories_dynamic.json,289,0.061094,0.818297,-0.306335,0.138721,RIGHT_TO_LEFT,OUTSIDE_LEFT,,21
GOPR0244U20_trajectories_dynamic.json,316,0.106911,0.702362,-0.802227,0.060785,RIGHT_TO_LEFT,OUTSIDE_LEFT,,0
GOPR0244U20_trajectories_dynamic.json,320,0.841109,0.832721,0.362489,0.349730,LEFT_TO_RIGHT,OUTSIDE_RIGHT,,0
GOPR0244U20_trajectories_dynamic.json,325,0.067237,0.791107,-0.731525,0.282513,RIGHT_TO_LEFT,OUTSIDE_LEFT,,8
GOPR0244U20_trajectories_dynamic.json,330,0.759651,0.760352,0.249171,0.124758,VERTICAL,OUTSIDE_RIGHT,,19
GOPR0245U20_trajectories_dynamic.json,0,0.054963,0.756749,-0.543804,0.090685,RIGHT_TO_LEFT,OUTSIDE_LEFT,,0
GOPR0245U20_trajectories_dynamic.json,1,0.041236,0.847253,-0.769141,0.359710,RIGHT_TO_LEFT,OUTSIDE_LEFT,,0
GOPR0245U20_trajectories_dynamic.json,2,0.572305,0.734987,0.003748,-0.078327,VERTICAL,INSIDE_STATIONARY,0.000000,0
GOPR0245U20_trajectories_dynamic.json,3,0.245487,0.738628,-0.035896,0.016187,RIGHT_TO_LEFT,OUTSIDE_LEFT,,0
GOPR0245U20_trajectories_dynamic.json,4,0.915508,0.738570,0.437281,0.133454,LEFT_TO_RIGHT,OUTSIDE_RIGHT,,53
GOPR0245U20_trajectories_dynamic.json,5,0.618129,0.753076,-0.075961,-0.090178,RIGHT_TO_LEFT,INSIDE_MOVING_LEFT,0.000000,11
GOPR0245U20_trajectories_dynamic.json,6,0.718921,0.762074,0.131945,0.143658,RIGHT_TO_LEFT,OUTSIDE_RIGHT,,59
GOPR0245U20_trajectories_dynamic.json,14,0.777021,0.735125,-0.075665,0.058305,RIGHT_TO_LEFT,APPROACHING_FROM_RIGHT,1.678737,
GOPR0245U20_trajectories_dynamic.json,15,0.786125,0.749485,-0.038012,0.044362,RIGHT_TO_LEFT,APPROACHING_FROM_RIGHT,3.581063,
GOPR0245U20_trajectories_dynamic.json,25,0.259697,1.000000,-0.493332,0.020984,RIGHT_TO_LEFT,OUTSIDE_LEFT,,0
GOPR0245U20_trajectories_dynamic.json,29,0.934836,0.785650,0.142743,0.226813,RIGHT_TO_LEFT,OUTSIDE_RIGHT,,
GOPR0245U20_trajectories_dynamic.json,43,0.821825,0.970349,0.556431,0.551055,LEFT_TO_RIGHT,OUTSIDE_RIGHT,,0
GOPR0245U20_trajectories_dynamic.json,47,0.948059,0.792887,0.508751,0.044316,LEFT_TO_RIGHT,OUTSIDE_RIGHT,,3
GOPR0245U20_trajectories_dynamic.json,51,0.663916,0.622687,0.112269,-0.088291,LEFT_TO_RIGHT,OUTSIDE_RIGHT,,6
GOPR0245U20_trajectories_dynamic.json,61,0.896078,0.792906,0.492126,0.173613,RIGHT_TO_LEFT,OUTSIDE_RIGHT,,21
GOPR0245U20_trajectories_dynamic.json,68,0.565170,0.631826,0.220940,-0.065965,LEFT_TO_RIGHT,INSIDE_MOVING_RIGHT,0.000000,0
GOPR0245U20_trajectories_dynamic.json,83,0.820715,0.883522,0.330573,0.404628,LEFT_TO_RIGHT,OUTSIDE_RIGHT,,0
GOPR0245U20_trajectories_dynamic.json,95,0.823840,0.839999,0.375982,0.080246,LEFT_TO_RIGHT,OUTSIDE_RIGHT,,2
GOPR0245U20_trajectories_dynamic.json,152,0.755578,0.841844,0.242090,0.263648,LEFT_TO_RIGHT,OUTSIDE_RIGHT,,0
GOPR0245U20_trajectories_dynamic.json,172,0.108943,0.917881,-0.303984,0.271987,RIGHT_TO_LEFT,OUTSIDE_LEFT,,4
GOPR0245U20_trajectories_dynamic.json,180,0.795275,0.952243,0.607173,0.576166,LEFT_TO_RIGHT,OUTSIDE_RIGHT,,0
GOPR0245U20_trajectories_dynamic.json,195,0.756586,0.744064,0.080341,0.182445,LEFT_TO_RIGHT,OUTSIDE_RIGHT,,2
GOPR0245U20_trajectories_dynamic.json,199,0.058004,0.827309,-0.544031,0.334879,RIGHT_TO_LEFT,OUTSIDE_LEFT,,3
GOPR0245U20_trajectories_dynamic.json,205,0.124225,0.792973,-0.227627,0.254711,RIGHT_TO_LEFT,OUTSIDE_LEFT,,
GOPR0245U20_trajectories_dynamic.json,219,0.037153,0.751268,-0.579524,0.205593,RIGHT_TO_LEFT,OUTSIDE_LEFT,,0
GOPR0245U20_trajectories_dynamic.json,220,0.869621,0.783986,0.187076,0.367361,LEFT_TO_RIGHT,OUTSIDE_RIGHT,,
GOPR0245U20_trajectories_dynamic.json,226,0.041712,0.894299,-0.488859,0.317191,RIGHT_TO_LEFT,OUTSIDE_LEFT,,
GOPR0245U20_trajectories_dynamic.json,231,0.877824,0.711512,0.346593,0.243652,LEFT_TO_RIGHT,OUTSIDE_RIGHT,,0
GOPR0245U20_trajectories_dynamic.json,232,0.073347,0.709715,-0.360883,0.150290,RIGHT_TO_LEFT,OUTSIDE_LEFT,,0
GOPR0246U20_trajectories_dynamic.json,1,0.065229,0.736767,-0.473046,0.099969,RIGHT_TO_LEFT,OUTSIDE_LEFT,,0
GOPR0246U20_trajectories_dynamic.json,13,0.864570,0.812808,0.465177,0.358044,LEFT_TO_RIGHT,OUTSIDE_RIGHT,,0
GOPR0246U20_trajectories_dynamic.json,20,0.814625,0.820056,0.256613,0.261713,LEFT_TO_RIGHT,OUTSIDE_RIGHT,,0
GOPR0246U20_trajectories_dynamic.json,23,0.068191,0.872601,-0.598003,0.365190,RIGHT_TO_LEFT,OUTSIDE_LEFT,,0
GOPR0246U20_trajectories_dynamic.json,24,0.133352,0.711496,-0.360758,0.138935,RIGHT_TO_LEFT,OUTSIDE_LEFT,,0
GOPR0246U20_trajectories_dynamic.json,33,0.896129,0.725956,0.566978,0.182166,LEFT_TO_RIGHT,OUTSIDE_RIGHT,,
GOPR0246U20_trajectories_dynamic.json,87,0.023902,0.691551,-0.307416,0.206608,RIGHT_TO_LEFT,OUTSIDE_LEFT,,
GOPR0246U20_trajectories_dynamic.json,115,0.890012,0.798358,0.195442,0.192487,LEFT_TO_RIGHT,OUTSIDE_RIGHT,,0
GOPR0246U20_trajectories_dynamic.json,143,0.021887,0.715092,-0.409272,0.050480,RIGHT_TO_LEFT,OUTSIDE_LEFT,,0
GOPR0246U20_trajectories_dynamic.json,145,0.107941,0.874381,-0.363356,0.207477,RIGHT_TO_LEFT,OUTSIDE_LEFT,,0
GOPR0246U20_trajectories_dynamic.json,146,0.897156,0.611889,0.079861,-0.059336,LEFT_TO_RIGHT,OUTSIDE_RIGHT,,
GOPR0246U20_trajectories_dynamic.json,148,0.732199,0.677117,0.073010,-0.020102,LEFT_TO_RIGHT,OUTSIDE_RIGHT,,
GOPR0246U20_trajectories_dynamic.json,160,0.906363,0.774803,0.376787,0.241712,LEFT_TO_RIGHT,OUTSIDE_RIGHT,,
GOPR0246U20_trajectories_dynamic.json,162,0.865551,0.887057,0.446188,0.365299,LEFT_TO_RIGHT,OUTSIDE_RIGHT,,0
GOPR0246U20_trajectories_dynamic.json,217,0.160926,0.867196,-0.440004,0.407847,RIGHT_TO_LEFT,OUTSIDE_LEFT,,0
GOPR0246U20_trajectories_dynamic.json,227,0.064157,0.792956,-0.394472,0.221148,RIGHT_TO_LEFT,OUTSIDE_LEFT,,
GOPR0246U20_trajectories_dynamic.json,238,0.103857,0.691485,-0.431126,0.155047,RIGHT_TO_LEFT,OUTSIDE_LEFT,,2
GOPR0246U20_trajectories_dynamic.json,264,0.054018,0.825631,-0.439847,0.254599,RIGHT_TO_LEFT,OUTSIDE_LEFT,,
GOPR0246U20_trajectories_dynamic.json,275,0.745366,0.997539,0.317145,0.642708,LEFT_TO_RIGHT,OUTSIDE_RIGHT,,0
GOPR0246U20_trajectories_dynamic.json,288,0.602796,0.642640,0.007561,-0.054833,LEFT_TO_RIGHT,INSIDE_STATIONARY,0.000000,0
GOPR0246U20_trajectories_dynamic.json,290,0.043778,0.769370,-0.490237,0.177338,RIGHT_TO_LEFT,OUTSIDE_LEFT,,0
GOPR0246U20_trajectories_dynamic.json,306,0.457261,0.648197,-0.354001,-0.006843,RIGHT_TO_LEFT,INSIDE_MOVING_LEFT,0.000000,43
GOPR0246U20_trajectories_dynamic.json,343,0.131335,1.000000,-0.531315,0.660233,RIGHT_TO_LEFT,OUTSIDE_LEFT,,0
GOPR0246U20_trajectories_dynamic.json,350,0.802457,0.735020,0.423840,0.169095,LEFT_TO_RIGHT,OUTSIDE_RIGHT,,0
GOPR0246U20_trajectories_dynamic.json,361,0.852289,0.973975,0.380628,0.527098,LEFT_TO_RIGHT,OUTSIDE_RIGHT,,0
GOPR0246U20_trajectories_dynamic.json,379,0.950039,0.642719,0.418796,0.021724,LEFT_TO_RIGHT,OUTSIDE_RIGHT,,
GOPR0246U20_trajectories_dynamic.json,404,0.857441,0.635372,0.069449,0.020827,LEFT_TO_RIGHT,OUTSIDE_RIGHT,,
GOPR0246U20_trajectories_dynamic.json,406,0.120182,0.950376,-0.279159,0.273096,RIGHT_TO_LEFT,OUTSIDE_LEFT,,11
GOPR0246U20_trajectories_dynamic.json,450,0.213870,0.930544,-0.339673,0.565104,RIGHT_TO_LEFT,OUTSIDE_LEFT,,4
GOPR0246U20_trajectories_dynamic.json,460,0.820739,0.856278,0.432701,0.396462,LEFT_TO_RIGHT,OUTSIDE_RIGHT,,0
GOPR0246U20_trajectories_dynamic.json,468,0.021833,0.706131,-0.680182,0.101258,RIGHT_TO_LEFT,OUTSIDE_LEFT,,0
GOPR0246U20_trajectories_dynamic.json,471,0.068200,0.843621,-0.626260,0.373569,RIGHT_TO_LEFT,OUTSIDE_LEFT,,0
GOPR0246U20_trajectories_dynamic.json,532,0.836047,0.925085,0.309517,0.407085,LEFT_TO_RIGHT,OUTSIDE_RIGHT,,0
GOPR0246U20_trajectories_dynamic.json,540,0.025954,0.649969,-0.786007,0.029497,RIGHT_TO_LEFT,OUTSIDE_LEFT,,0
GOPR0246U20_trajectories_dynamic.json,576,0.165008,0.934149,-0.311256,0.502846,RIGHT_TO_LEFT,OUTSIDE_LEFT,,0
GOPR0246U20_trajectories_dynamic.json,591,0.079443,0.765764,-0.147971,0.308559,RIGHT_TO_LEFT,OUTSIDE_LEFT,,
GOPR0246U20_trajectories_dynamic.json,602,0.818770,0.827317,0.335490,0.213230,LEFT_TO_RIGHT,OUTSIDE_RIGHT,,0
GOPR0246U20_trajectories_dynamic.json,669,0.028496,0.631856,-0.450070,0.047476,RIGHT_TO_LEFT,OUTSIDE_LEFT,,
GOPR0246U20_trajectories_dynamic.json,688,0.879812,0.879861,0.494204,0.405028,LEFT_TO_RIGHT,OUTSIDE_RIGHT,,0
GOPR0246U20_trajectories_dynamic.json,712,0.949043,0.678916,0.364210,0.074961,LEFT_TO_RIGHT,OUTSIDE_RIGHT,,
GOPR0246U20_trajectories_dynamic.json,714,0.895066,0.682510,0.303985,0.076578,LEFT_TO_RIGHT,OUTSIDE_RIGHT,,
GOPR0246U20_trajectories_dynamic.json,739,0.038188,0.758533,-0.243134,0.172235,RIGHT_TO_LEFT,OUTSIDE_LEFT,,61
GOPR0246U20_trajectories_dynamic.json,769,0.038176,0.805615,-0.640503,0.305496,RIGHT_TO_LEFT,OUTSIDE_LEFT,,0
GOPR0246U20_trajectories_dynamic.json,789,0.105941,0.794765,-0.362683,-0.020472,RIGHT_TO_LEFT,OUTSIDE_LEFT,,0
GOPR0246U20_trajectories_dynamic.json,887,0.522404,0.666169,0.137667,0.009066,LEFT_TO_RIGHT,INSIDE_MOVING_RIGHT,0.000000,0
GOPR0246U20_trajectories_dynamic.json,903,0.789229,0.867156,0.283790,0.380246,LEFT_TO_RIGHT,OUTSIDE_RIGHT,,0
GOPR0246U20_trajectories_dynamic.json,916,0.799398,0.805640,0.377113,0.281676,LEFT_TO_RIGHT,OUTSIDE_RIGHT,,0
GOPR0246U20_trajectories_dynamic.json,924,0.022916,0.733138,-0.747167,0.109583,RIGHT_TO_LEFT,OUTSIDE_LEFT,,0
GOPR0246U20_trajectories_dynamic.json,925,0.064147,0.722327,-0.424905,0.114848,RIGHT_TO_LEFT,OUTSIDE_LEFT,,0
GOPR0246U20_trajectories_dynamic.json,981,0.697576,0.910622,0.755508,0.278071,LEFT_TO_RIGHT,OUTSIDE_RIGHT,,18
GOPR0246U20_trajectories_dynamic.json,982,0.690435,0.879825,0.759353,0.244076,LEFT_TO_RIGHT,OUTSIDE_RIGHT,,12
GOPR0246U20_trajectories_dynamic.json,997,0.885988,0.765715,0.332205,0.104684,LEFT_TO_RIGHT,OUTSIDE_RIGHT,,13
GOPR0246U20_trajectories_dynamic.json,1087,0.255575,0.943258,-0.109983,0.116422,LEFT_TO_RIGHT,OUTSIDE_LEFT,,16
GOPR0246U20_trajectories_dynamic.json,1088,0.867594,0.963076,0.733447,0.618925,LEFT_TO_RIGHT,OUTSIDE_RIGHT,,2
GOPR0246U20_trajectories_dynamic.json,1089,0.467382,0.593947,-0.094302,-0.048401,LEFT_TO_RIGHT,INSIDE_MOVING_LEFT,0.000000,0
GOPR0246U20_trajectories_dynamic.json,1143,0.822795,0.838255,0.507306,0.294530,LEFT_TO_RIGHT,OUTSIDE_RIGHT,,0
GOPR0246U20_trajectories_dynamic.json,1146,0.246443,0.651788,0.192559,-0.067335,RIGHT_TO_LEFT,APPROACHING_FROM_LEFT,0.537793,0
GOPR0246U20_trajectories_dynamic.json,1149,0.071280,0.805590,-0.364311,0.109524,RIGHT_TO_LEFT,OUTSIDE_LEFT,,0
GOPR0246U20_trajectories_dynamic.json,1153,0.023923,0.802047,-0.733440,0.201437,RIGHT_TO_LEFT,OUTSIDE_LEFT,,0
GOPR0246U20_trajectories_dynamic.json,1166,0.721991,0.658960,0.267781,0.087495,LEFT_TO_RIGHT,OUTSIDE_RIGHT,,0
GOPR0246U20_trajectories_dynamic.json,1169,0.285109,0.684343,-0.012036,-0.049608,RIGHT_TO_LEFT,OUTSIDE_LEFT,,0
GOPR0246U20_trajectories_dynamic.json,1193,0.576312,0.698801,0.109599,0.066774,LEFT_TO_RIGHT,INSIDE_MOVING_RIGHT,0.000000,13
GOPR0246U20_trajectories_dynamic.json,1194,0.047853,0.774913,-0.229209,-0.011016,RIGHT_TO_LEFT,OUTSIDE_LEFT,,
GOPR0246U20_trajectories_dynamic.json,1224,0.746463,0.648013,-0.100496,0.004029,RIGHT_TO_LEFT,APPROACHING_FROM_RIGHT,0.959876,
GOPR0246U20_trajectories_dynamic.json,1225,0.961273,0.689687,1.081846,0.054035,LEFT_TO_RIGHT,OUTSIDE_RIGHT,,0
GOPR0247U20_trajectories_dynamic.json,0,0.741336,0.729575,0.643266,-0.213846,LEFT_TO_RIGHT,OUTSIDE_RIGHT,,6
GOPR0247U20_trajectories_dynamic.json,28,0.198537,0.930550,-0.325397,0.447917,RIGHT_TO_LEFT,OUTSIDE_LEFT,,0
GOPR0247U20_trajectories_dynamic.json,93,0.090597,0.863517,-0.571145,0.314153,RIGHT_TO_LEFT,OUTSIDE_LEFT,,0
GOPR0247U20_trajectories_dynamic.json,117,0.845223,0.823758,0.419804,0.341833,LEFT_TO_RIGHT,OUTSIDE_RIGHT,,0
GOPR0247U20_trajectories_dynamic.json,127,0.103791,0.691574,-0.428531,0.058403,RIGHT_TO_LEFT,OUTSIDE_LEFT,,0
GOPR0247U20_trajectories_dynamic.json,160,0.815754,0.783819,0.206888,0.153339,LEFT_TO_RIGHT,OUTSIDE_RIGHT,,0
GOPR0247U20_trajectories_dynamic.json,166,0.412436,0.642630,-0.053742,0.075358,RIGHT_TO_LEFT,INSIDE_MOVING_LEFT,0.000000,0
GOPR0247U20_trajectories_dynamic.json,211,0.044740,0.749464,-0.451127,0.190676,RIGHT_TO_LEFT,OUTSIDE_LEFT,,0
GOPR0247U20_trajectories_dynamic.json,228,0.021836,0.838197,-0.302007,0.228487,RIGHT_TO_LEFT,OUTSIDE_LEFT,,0
GOPR0247U20_trajectories_dynamic.json,230,0.438937,0.651754,0.032633,0.033866,VERTICAL,INSIDE_MOVING_RIGHT,0.000000,0
GOPR0247U20_trajectories_dynamic.json,239,0.904242,0.711435,0.229857,0.020624,LEFT_TO_RIGHT,OUTSIDE_RIGHT,,0
GOPR0247U20_trajectories_dynamic.json,270,0.831937,0.887122,0.363430,0.457437,LEFT_TO_RIGHT,OUTSIDE_RIGHT,,0
GOPR0247U20_trajectories_dynamic.json,274,0.407354,0.622795,-0.251174,-0.187013,RIGHT_TO_LEFT,INSIDE_MOVING_LEFT,0.000000,0
GOPR0247U20_trajectories_dynamic.json,281,0.022908,0.773003,-0.051792,0.150973,RIGHT_TO_LEFT,OUTSIDE_LEFT,,
GOPR0247U20_trajectories_dynamic.json,308,0.965367,0.794732,0.427001,0.165843,LEFT_TO_RIGHT,OUTSIDE_RIGHT,,
GOPR0247U20_trajectories_dynamic.json,340,0.423658,0.633627,0.112588,-0.033333,RIGHT_TO_LEFT,INSIDE_MOVING_RIGHT,0.000000,0
GOPR0247U20_trajectories_dynamic.json,375,0.692462,0.657185,-0.126286,0.032497,LEFT_TO_RIGHT,APPROACHING_FROM_RIGHT,0.336238,
GOPR0247U20_trajectories_dynamic.json,382,0.016782,0.687909,-0.154533,0.092941,RIGHT_TO_LEFT,OUTSIDE_LEFT,,0
GOPR0247U20_trajectories_dynamic.json,387,0.895113,0.709639,0.412474,0.199403,LEFT_TO_RIGHT,OUTSIDE_RIGHT,,3
GOPR0247U20_trajectories_dynamic.json,412,0.444025,0.664424,0.023693,0.034091,VERTICAL,INSIDE_STATIONARY,0.000000,0
GOPR0247U20_trajectories_dynamic.json,416,0.310625,0.628190,-0.070954,-0.023439,RIGHT_TO_LEFT,OUTSIDE_LEFT,,0
GOPR0247U20_trajectories_dynamic.json,426,0.513228,0.640795,-0.017774,-0.010305,RIGHT_TO_LEFT,INSIDE_STATIONARY,0.000000,3
GOPR0247U20_trajectories_dynamic.json,445,0.014766,0.707852,-0.168481,0.063095,RIGHT_TO_LEFT,OUTSIDE_LEFT,,
GOPR0247U20_trajectories_dynamic.json,496,0.278067,0.673466,-0.037007,-0.059705,VERTICAL,OUTSIDE_LEFT,,
GOPR0247U20_trajectories_dynamic.json,515,0.482679,0.653578,0.054428,-0.074397,LEFT_TO_RIGHT,INSIDE_MOVING_RIGHT,0.000000,0
GOPR0247U20_trajectories_dynamic.json,516,0.521404,0.648169,0.017475,0.059787,LEFT_TO_RIGHT,INSIDE_STATIONARY,0.000000,0
GOPR0247U20_trajectories_dynamic.json,544,0.292210,0.629965,0.109000,-0.063003,VERTICAL,APPROACHING_FROM_LEFT,0.530180,
GOPR0247U20_trajectories_dynamic.json,548,0.245467,0.653554,0.320466,-0.142354,LEFT_TO_RIGHT,APPROACHING_FROM_LEFT,0.326190,
GOPR0247U20_trajectories_dynamic.json,605,0.459318,0.639001,-0.142490,-0.038320,RIGHT_TO_LEFT,INSIDE_MOVING_LEFT,0.000000,0
GOPR0247U20_trajectories_dynamic.json,608,0.045770,0.745905,-0.384093,0.046474,RIGHT_TO_LEFT,OUTSIDE_LEFT,,0
GOPR0247U20_trajectories_dynamic.json,610,0.071278,0.803821,-0.278189,0.057664,RIGHT_TO_LEFT,OUTSIDE_LEFT,,
GOPR0247U20_trajectories_dynamic.json,643,0.017791,0.702356,-0.515131,0.120125,RIGHT_TO_LEFT,OUTSIDE_LEFT,,0
GOPR0247U20_trajectories_dynamic.json,648,0.013745,0.682562,-0.156770,0.073432,RIGHT_TO_LEFT,OUTSIDE_LEFT,,0
GOPR0247U20_trajectories_dynamic.json,706,0.569206,0.624595,0.019733,-0.043849,RIGHT_TO_LEFT,INSIDE_STATIONARY,0.000000,1
GOPR0247U20_trajectories_dynamic.json,709,0.130373,0.906933,-0.495955,0.423087,RIGHT_TO_LEFT,OUTSIDE_LEFT,,0
GOPR0247U20_trajectories_dynamic.json,731,0.357481,0.615490,0.055034,-0.045969,LEFT_TO_RIGHT,INSIDE_MOVING_RIGHT,0.000000,11
GOPR0247U20_trajectories_dynamic.json,732,0.496917,0.678902,-0.132145,0.004724,RIGHT_TO_LEFT,INSIDE_MOVING_LEFT,0.000000,0
GOPR0247U20_trajectories_dynamic.json,733,0.039199,0.923250,-0.020292,0.086922,VERTICAL,OUTSIDE_LEFT,,
GOPR0247U20_trajectories_dynamic.json,798,0.368650,0.628262,0.012867,-0.055723,RIGHT_TO_LEFT,INSIDE_STATIONARY,0.000000,0
GOPR0247U20_trajectories_dynamic.json,828,0.506071,0.648116,-0.023395,-0.070708,VERTICAL,INSIDE_STATIONARY,0.000000,0
GOPR0247U20_trajectories_dynamic.json,845,0.154766,0.914209,-0.430433,0.246792,RIGHT_TO_LEFT,OUTSIDE_LEFT,,0
GOPR0247U20_trajectories_dynamic.json,859,0.055457,0.780309,-0.303074,0.106612,RIGHT_TO_LEFT,OUTSIDE_LEFT,,0
GOPR0247U20_trajectories_dynamic.json,872,0.032578,0.782103,-0.127291,0.021720,RIGHT_TO_LEFT,OUTSIDE_LEFT,,
GOPR0247U20_trajectories_dynamic.json,874,0.446037,0.630025,0.031378,-0.050855,RIGHT_TO_LEFT,INSIDE_MOVING_RIGHT,0.000000,0
GOPR0247U20_trajectories_dynamic.json,896,0.318717,0.648053,-0.074619,-0.006865,RIGHT_TO_LEFT,OUTSIDE_LEFT,,0
GOPR0247U20_trajectories_dynamic.json,921,0.397203,0.673440,-0.075592,0.022034,RIGHT_TO_LEFT,INSIDE_MOVING_LEFT,0.000000,0
GOPR0247U20_trajectories_dynamic.json,973,0.049958,0.745925,-0.289981,0.059027,RIGHT_TO_LEFT,OUTSIDE_LEFT,,
GOPR0247U20_trajectories_dynamic.json,1030,0.088594,0.753086,-0.332896,-0.216438,RIGHT_TO_LEFT,OUTSIDE_LEFT,,0
GOPR0248U20_trajectories_dynamic.json,0,0.429685,0.709695,-0.005660,0.042268,RIGHT_TO_LEFT,INSIDE_STATIONARY,0.000000,0
GOPR0248U20_trajectories_dynamic.json,40,0.060121,0.809228,-0.400154,0.242577,RIGHT_TO_LEFT,OUTSIDE_LEFT,,
GOPR0248U20_trajectories_dynamic.json,62,0.856430,0.765694,0.081665,0.019639,LEFT_TO_RIGHT,OUTSIDE_RIGHT,,
GOPR0248U20_trajectories_dynamic.json,90,0.417503,0.798428,0.183947,-0.032327,LEFT_TO_RIGHT,INSIDE_MOVING_RIGHT,0.000000,14
GOPR0248U20_trajectories_dynamic.json,109,0.883926,0.749502,0.314126,0.064414,LEFT_TO_RIGHT,OUTSIDE_RIGHT,,0
GOPR0248U20_trajectories_dynamic.json,112,0.607924,0.764028,0.002168,0.050598,LEFT_TO_RIGHT,INSIDE_STATIONARY,0.000000,0
GOPR0248U20_trajectories_dynamic.json,113,0.509205,0.678851,-0.005484,-0.108142,LEFT_TO_RIGHT,INSIDE_STATIONARY,0.000000,0
GOPR0248U20_trajectories_dynamic.json,130,0.504079,0.684336,-0.032085,-0.001058,LEFT_TO_RIGHT,INSIDE_MOVING_LEFT,0.000000,0
GOPR0248U20_trajectories_dynamic.json,156,0.554982,0.738606,0.101981,0.071736,LEFT_TO_RIGHT,INSIDE_MOVING_RIGHT,0.000000,0
GOPR0248U20_trajectories_dynamic.json,189,0.938945,0.709678,0.177066,0.029950,LEFT_TO_RIGHT,OUTSIDE_RIGHT,,
GOPR0248U20_trajectories_dynamic.json,197,0.707734,0.957639,0.286774,0.160369,LEFT_TO_RIGHT,OUTSIDE_RIGHT,,0
GOPR0248U20_trajectories_dynamic.json,210,0.082542,0.709683,-0.107486,-0.041042,RIGHT_TO_LEFT,OUTSIDE_LEFT,,
GOPR0248U20_trajectories_dynamic.json,211,0.047813,0.840064,-0.357874,0.267147,RIGHT_TO_LEFT,OUTSIDE_LEFT,,0
GOPR0248U20_trajectories_dynamic.json,212,0.953207,0.764022,0.199585,0.056338,LEFT_TO_RIGHT,OUTSIDE_RIGHT,,
GOPR0248U20_trajectories_dynamic.json,239,0.073328,0.878011,-0.545090,0.273242,RIGHT_TO_LEFT,OUTSIDE_LEFT,,0
GOPR0248U20_trajectories_dynamic.json,247,0.045291,0.841785,-0.572848,0.178553,RIGHT_TO_LEFT,OUTSIDE_LEFT,,0
GOPR0248U20_trajectories_dynamic.json,273,0.868590,0.841765,0.616967,0.212041,LEFT_TO_RIGHT,OUTSIDE_RIGHT,,0
GOPR0248U20_trajectories_dynamic.json,283,0.626298,0.769341,0.074203,0.024571,LEFT_TO_RIGHT,INSIDE_MOVING_RIGHT,0.000000,0
GOPR0248U20_trajectories_dynamic.json,340,0.560027,0.738672,-0.566302,-0.044883,VERTICAL,INSIDE_MOVING_LEFT,0.000000,0
GOPR0248U20_trajectories_dynamic.json,363,0.439953,0.734972,-0.005111,-0.052937,RIGHT_TO_LEFT,INSIDE_STATIONARY,0.000000,0
GOPR0248U20_trajectories_dynamic.json,412,0.456254,0.905139,-0.107421,0.280925,LEFT_TO_RIGHT,INSIDE_MOVING_LEFT,0.000000,0
GOPR0248U20_trajectories_dynamic.json,455,0.866613,0.932385,0.599924,0.447138,LEFT_TO_RIGHT,OUTSIDE_RIGHT,,0
GOPR0248U20_trajectories_dynamic.json,460,0.727120,0.984866,0.623209,0.129453,LEFT_TO_RIGHT,OUTSIDE_RIGHT,,0
GOPR0248U20_trajectories_dynamic.json,576,0.533629,0.671546,0.076771,-0.097160,LEFT_TO_RIGHT,INSIDE_MOVING_RIGHT,0.000000,0
GOPR0248U20_trajectories_dynamic.json,589,0.072325,0.964945,-0.427198,0.293666,RIGHT_TO_LEFT,OUTSIDE_LEFT,,0
GOPR0248U20_trajectories_dynamic.json,604,0.434868,0.735135,-0.023290,-0.038709,RIGHT_TO_LEFT,INSIDE_STATIONARY,0.000000,0
GOPR0248U20_trajectories_dynamic.json,619,0.917457,0.763894,0.568451,0.124244,LEFT_TO_RIGHT,OUTSIDE_RIGHT,,0
GOPR0248U20_trajectories_dynamic.json,623,0.218924,0.914260,-0.381696,0.171200,RIGHT_TO_LEFT,OUTSIDE_LEFT,,12
GOPR0248U20_trajectories_dynamic.json,624,0.236273,0.917832,-0.547632,0.215499,RIGHT_TO_LEFT,OUTSIDE_LEFT,,0
GOPR0248U20_trajectories_dynamic.json,637,0.272875,0.877967,-0.294631,0.368909,RIGHT_TO_LEFT,OUTSIDE_LEFT,,3
GOPR0248U20_trajectories_dynamic.json,647,0.915461,0.774915,-0.025684,0.047142,LEFT_TO_RIGHT,OUTSIDE_RIGHT,10.335770,0
GOPR0248U20_trajectories_dynamic.json,653,0.883922,0.841856,0.343621,0.234013,LEFT_TO_RIGHT,OUTSIDE_RIGHT,,0
GOPR0248U20_trajectories_dynamic.json,655,0.912398,0.814645,0.303244,0.232763,LEFT_TO_RIGHT,OUTSIDE_RIGHT,,
GOPR0248U20_trajectories_dynamic.json,656,0.044812,0.769455,-0.326763,0.085328,RIGHT_TO_LEFT,OUTSIDE_LEFT,,0
GOPR0248U20_trajectories_dynamic.json,664,0.022863,0.686131,-0.384251,0.008286,RIGHT_TO_LEFT,OUTSIDE_LEFT,,0
GOPR0248U20_trajectories_dynamic.json,671,0.919582,0.745878,0.069776,0.030521,LEFT_TO_RIGHT,OUTSIDE_RIGHT,,
GOPR0248U20_trajectories_dynamic.json,682,0.325834,0.653624,-0.155526,-0.007538,RIGHT_TO_LEFT,OUTSIDE_LEFT,,0
GOPR0248U20_trajectories_dynamic.json,685,0.885953,0.792860,-0.027663,0.135120,LEFT_TO_RIGHT,OUTSIDE_RIGHT,8.529448,0
GOPR0248U20_trajectories_dynamic.json,688,0.064136,0.631858,-0.049846,0.002420,RIGHT_TO_LEFT,OUTSIDE_LEFT,,
GOPR0248U20_trajectories_dynamic.json,694,0.975609,0.704227,0.043715,0.022096,VERTICAL,OUTSIDE_RIGHT,,
GOPR0248U20_trajectories_dynamic.json,696,0.292255,0.664427,0.008714,0.044782,VERTICAL,OUTSIDE_LEFT,6.626267,
GOPR0248U20_trajectories_dynamic.json,697,0.952133,0.729608,0.143289,0.001719,LEFT_TO_RIGHT,OUTSIDE_RIGHT,,
GOPR0248U20_trajectories_dynamic.json,721,0.033586,0.684347,-0.327051,-0.000483,RIGHT_TO_LEFT,OUTSIDE_LEFT,,0
GOPR0248U20_trajectories_dynamic.json,734,0.031068,0.729551,-0.330780,0.011322,RIGHT_TO_LEFT,OUTSIDE_LEFT,,9
GOPR0248U20_trajectories_dynamic.json,736,0.036622,0.637215,-0.315643,0.033057,RIGHT_TO_LEFT,OUTSIDE_LEFT,,
GOPR0248U20_trajectories_dynamic.json,745,0.043767,0.649925,0.005894,-0.020328,RIGHT_TO_LEFT,OUTSIDE_LEFT,51.958839,
GOPR0248U20_trajectories_dynamic.json,754,0.209698,0.620938,-0.107067,0.036219,RIGHT_TO_LEFT,OUTSIDE_LEFT,,
GOPR0248U20_trajectories_dynamic.json,774,0.730075,0.633666,0.156892,-0.043939,LEFT_TO_RIGHT,OUTSIDE_RIGHT,,0
GOPR0248U20_trajectories_dynamic.json,830,0.962301,0.727821,0.408854,0.182413,LEFT_TO_RIGHT,OUTSIDE_RIGHT,,
GOPR0248U20_trajectories_dynamic.json,898,0.039717,0.622819,-0.220650,-0.046202,RIGHT_TO_LEFT,OUTSIDE_LEFT,,
GOPR0248U20_trajectories_dynamic.json,902,0.167002,0.638986,-0.074183,-0.018183,RIGHT_TO_LEFT,OUTSIDE_LEFT,,
GOPR0248U20_trajectories_dynamic.json,914,0.100799,0.798433,-0.333816,0.091497,LEFT_TO_RIGHT,OUTSIDE_LEFT,,56
GOPR0248U20_trajectories_dynamic.json,929,0.557005,0.622688,0.213630,-0.022427,LEFT_TO_RIGHT,INSIDE_MOVING_RIGHT,0.000000,4
GOPR0248U20_trajectories_dynamic.json,941,0.437870,0.678890,-0.046923,0.009404,LEFT_TO_RIGHT,INSIDE_MOVING_LEFT,0.000000,13
GOPR0248U20_trajectories_dynamic.json,978,0.569227,0.639064,0.137835,0.035446,VERTICAL,INSIDE_MOVING_RIGHT,0.000000,0
GOPR0248U20_trajectories_dynamic.json,979,0.739270,0.707797,-0.031497,-0.019513,VERTICAL,APPROACHING_FROM_RIGHT,2.834207,
GOPR0248U20_trajectories_dynamic.json,984,0.058022,0.707891,-0.560780,0.113449,RIGHT_TO_LEFT,OUTSIDE_LEFT,,0
GOPR0248U20_trajectories_dynamic.json,990,0.488804,0.700608,-0.294963,-0.070390,LEFT_TO_RIGHT,INSIDE_MOVING_LEFT,0.000000,0
GOPR0248U20_trajectories_dynamic.json,992,0.032038,0.747660,-0.484268,0.124412,RIGHT_TO_LEFT,OUTSIDE_LEFT,,0
GOPR0248U20_trajectories_dynamic.json,996,0.089695,0.673458,-0.366708,0.046386,RIGHT_TO_LEFT,OUTSIDE_LEFT,,0
GOPR0248U20_trajectories_dynamic.json,999,0.031079,0.796581,-0.578975,0.231504,RIGHT_TO_LEFT,OUTSIDE_LEFT,,
GOPR0248U20_trajectories_dynamic.json,1001,0.220996,0.917833,-0.289281,0.003668,RIGHT_TO_LEFT,OUTSIDE_LEFT,,20
GOPR0248U20_trajectories_dynamic.json,1034,0.322851,0.628272,-0.273186,-0.053349,RIGHT_TO_LEFT,OUTSIDE_LEFT,,3
GOPR0248U20_trajectories_dynamic.json,1054,0.723005,0.838184,0.446095,0.400263,LEFT_TO_RIGHT,OUTSIDE_RIGHT,,0
GOPR0248U20_trajectories_dynamic.json,1055,0.175170,1.000000,-0.431091,0.323375,RIGHT_TO_LEFT,OUTSIDE_LEFT,,0
GOPR0248U20_trajectories_dynamic.json,1058,0.262734,0.653528,0.021192,0.009462,RIGHT_TO_LEFT,OUTSIDE_LEFT,4.117903,4
GOPR0248U20_trajectories_dynamic.json,1067,0.283046,0.897950,-0.198284,0.485924,RIGHT_TO_LEFT,OUTSIDE_LEFT,,0
GOPR0248U20_trajectories_dynamic.json,1068,0.837086,1.000000,0.472123,0.613456,LEFT_TO_RIGHT,OUTSIDE_RIGHT,,0
GOPR0248U20_trajectories_dynamic.json,1077,0.094696,0.970360,-0.360123,0.333832,RIGHT_TO_LEFT,OUTSIDE_LEFT,,0
GOPR0248U20_trajectories_dynamic.json,1093,0.738285,0.696956,0.205756,0.078596,LEFT_TO_RIGHT,OUTSIDE_RIGHT,,0
GOPR0248U20_trajectories_dynamic.json,1103,0.489837,0.673424,0.116583,0.056172,RIGHT_TO_LEFT,INSIDE_MOVING_RIGHT,0.000000,0
GOPR0248U20_trajectories_dynamic.json,1108,0.262775,1.000000,-0.334660,0.237851,RIGHT_TO_LEFT,OUTSIDE_LEFT,,0
GOPR0248U20_trajectories_dynamic.json,1118,0.820768,0.821871,0.377673,0.311757,LEFT_TO_RIGHT,OUTSIDE_RIGHT,,0
GOPR0248U20_trajectories_dynamic.json,1153,0.800374,0.778470,0.291367,0.158207,LEFT_TO_RIGHT,OUTSIDE_RIGHT,,0
GOPR0248U20_trajectories_dynamic.json,1156,0.028999,0.718773,-0.613419,0.058091,RIGHT_TO_LEFT,OUTSIDE_LEFT,,
GOPR0248U20_trajectories_dynamic.json,1165,0.755639,0.890708,0.535959,0.437515,LEFT_TO_RIGHT,OUTSIDE_RIGHT,,0
GOPR0248U20_trajectories_dynamic.json,1170,0.122212,0.861675,-0.346004,0.377855,RIGHT_TO_LEFT,OUTSIDE_LEFT,,
GOPR0248U20_trajectories_dynamic.json,1178,0.066246,0.675293,-0.389192,0.024893,RIGHT_TO_LEFT,OUTSIDE_LEFT,,0
GOPR0248U20_trajectories_dynamic.json,1198,0.870660,0.832742,0.383310,0.357999,LEFT_TO_RIGHT,OUTSIDE_RIGHT,,0
GOPR0248U20_trajectories_dynamic.json,1245,0.894086,0.653599,0.311026,0.151678,VERTICAL,OUTSIDE_RIGHT,,
GOPR0248U20_trajectories_dynamic.json,1277,0.297366,0.921480,-0.169274,0.047012,RIGHT_TO_LEFT,OUTSIDE_LEFT,,0
GOPR0248U20_trajectories_dynamic.json,1284,0.109965,0.988472,-0.255248,0.316445,RIGHT_TO_LEFT,OUTSIDE_LEFT,,14
GOPR0248U20_trajectories_dynamic.json,1312,0.641530,0.753104,0.082225,0.269172,VERTICAL,INSIDE_MOVING_RIGHT,0.000000,2
GOPR0248U20_trajectories_dynamic.json,1326,0.716928,0.865287,0.450106,0.398446,LEFT_TO_RIGHT,OUTSIDE_RIGHT,,0
GOPR0248U20_trajectories_dynamic.json,1332,0.169004,0.881689,-0.197287,0.143497,RIGHT_TO_LEFT,OUTSIDE_LEFT,,1
GOPR0248U20_trajectories_dynamic.json,1369,0.867609,0.738547,0.249508,0.171906,LEFT_TO_RIGHT,OUTSIDE_RIGHT,,
GOPR0248U20_trajectories_dynamic.json,1370,0.216919,1.000000,-0.268006,0.264372,RIGHT_TO_LEFT,OUTSIDE_LEFT,,37
GOPR0248U20_trajectories_dynamic.json,1373,0.952117,0.508753,0.475529,-0.131463,LEFT_TO_RIGHT,OUTSIDE_RIGHT,,0
GOPR0248U20_trajectories_dynamic.json,1385,0.904270,0.725969,0.478017,0.278764,LEFT_TO_RIGHT,OUTSIDE_RIGHT,,0
GOPR0248U20_trajectories_dynamic.json,1390,0.031061,0.807411,-0.389506,0.214090,RIGHT_TO_LEFT,OUTSIDE_LEFT,,
GOPR0248U20_trajectories_dynamic.json,1397,0.832986,0.865335,0.378374,0.494936,LEFT_TO_RIGHT,OUTSIDE_RIGHT,,0
GOPR0248U20_trajectories_dynamic.json,1408,0.084548,0.738643,-0.418611,0.107753,RIGHT_TO_LEFT,OUTSIDE_LEFT,,0
GOPR0248U20_trajectories_dynamic.json,1411,0.094694,0.693306,-0.500947,0.102002,RIGHT_TO_LEFT,OUTSIDE_LEFT,,
GOPR0248U20_trajectories_dynamic.json,1427,0.166003,0.829208,-0.564943,0.498846,RIGHT_TO_LEFT,OUTSIDE_LEFT,,0
GOPR0249U20_trajectories_dynamic.json,49,0.207719,0.999314,-0.129237,0.318801,RIGHT_TO_LEFT,OUTSIDE_LEFT,,3
GOPR0249U20_trajectories_dynamic.json,51,0.078428,0.753155,-0.471392,0.176622,RIGHT_TO_LEFT,OUTSIDE_LEFT,,7
GOPR0249U20_trajectories_dynamic.json,65,0.445991,0.660798,-0.076197,0.048449,RIGHT_TO_LEFT,INSIDE_MOVING_LEFT,0.000000,0
GOPR0249U20_trajectories_dynamic.json,70,0.815670,0.709692,0.401198,0.092710,LEFT_TO_RIGHT,OUTSIDE_RIGHT,,0
GOPR0249U20_trajectories_dynamic.json,88,0.569307,0.676963,0.117237,0.070577,LEFT_TO_RIGHT,INSIDE_MOVING_RIGHT,0.000000,0
GOPR0249U20_trajectories_dynamic.json,95,0.776973,0.771295,0.386200,0.237055,LEFT_TO_RIGHT,OUTSIDE_RIGHT,,0
GOPR0249U20_trajectories_dynamic.json,111,0.556050,0.669858,-0.018198,0.035404,LEFT_TO_RIGHT,INSIDE_STATIONARY,0.000000,0
GOPR0249U20_trajectories_dynamic.json,118,0.296299,0.769450,-0.471236,0.203138,RIGHT_TO_LEFT,OUTSIDE_LEFT,,0
GOPR0249U20_trajectories_dynamic.json,134,0.879852,0.783860,0.250850,0.140704,LEFT_TO_RIGHT,OUTSIDE_RIGHT,,0
GOPR0249U20_trajectories_dynamic.json,137,0.814695,0.825539,0.027384,0.125249,LEFT_TO_RIGHT,OUTSIDE_RIGHT,,0
GOPR0249U20_trajectories_dynamic.json,141,0.408371,0.664343,-0.259010,0.107459,RIGHT_TO_LEFT,INSIDE_MOVING_LEFT,0.000000,0
GOPR0249U20_trajectories_dynamic.json,209,0.114003,0.792912,-0.474142,0.275341,RIGHT_TO_LEFT,OUTSIDE_LEFT,,0
GOPR0249U20_trajectories_dynamic.json,240,0.674163,0.727741,-0.130451,0.022862,VERTICAL,APPROACHING_FROM_RIGHT,0.185228,
GOPR0249U20_trajectories_dynamic.json,254,0.921613,0.774854,-0.035107,-0.062984,LEFT_TO_RIGHT,APPROACHING_FROM_RIGHT,7.736726,
GOPR0249U20_trajectories_dynamic.json,271,0.178227,0.716987,-0.053080,0.055686,LEFT_TO_RIGHT,OUTSIDE_LEFT,,
GOPR0249U20_trajectories_dynamic.json,273,0.610980,0.689751,0.087173,0.021090,LEFT_TO_RIGHT,INSIDE_MOVING_RIGHT,0.000000,0
GOPR0249U20_trajectories_dynamic.json,282,0.701637,0.754895,-0.015279,0.022040,RIGHT_TO_LEFT,OUTSIDE_RIGHT,3.379723,14
GOPR0249U20_trajectories_dynamic.json,301,0.471518,0.655349,0.003558,0.014209,VERTICAL,INSIDE_STATIONARY,0.000000,0
GOPR0249U20_trajectories_dynamic.json,323,0.437927,0.657192,-0.119665,-0.010623,RIGHT_TO_LEFT,INSIDE_MOVING_LEFT,0.000000,0
GOPR0249U20_trajectories_dynamic.json,325,0.498009,0.716878,-0.110881,0.010759,RIGHT_TO_LEFT,INSIDE_MOVING_LEFT,0.000000,0
GOPR0249U20_trajectories_dynamic.json,330,0.561095,0.704210,-0.188499,0.034119,RIGHT_TO_LEFT,INSIDE_MOVING_LEFT,0.000000,13
GOPR0249U20_trajectories_dynamic.json,379,0.237222,0.678848,-0.212931,0.016900,RIGHT_TO_LEFT,OUTSIDE_LEFT,,0
GOPR0249U20_trajectories_dynamic.json,382,0.442000,0.727803,-0.127566,-0.064719,RIGHT_TO_LEFT,INSIDE_MOVING_LEFT,0.000000,27
GOPR0249U20_trajectories_dynamic.json,406,0.471495,0.664440,-0.023853,0.011798,VERTICAL,INSIDE_STATIONARY,0.000000,0
GOPR0249U20_trajectories_dynamic.json,407,0.510192,0.680662,-0.075681,-0.090895,RIGHT_TO_LEFT,INSIDE_MOVING_LEFT,0.000000,0
GOPR0249U20_trajectories_dynamic.json,418,0.270875,0.787483,-0.224512,0.016947,RIGHT_TO_LEFT,OUTSIDE_LEFT,,0
GOPR0249U20_trajectories_dynamic.json,431,0.632351,0.718710,0.026515,-0.028069,LEFT_TO_RIGHT,INSIDE_STATIONARY,0.000000,0
GOPR0249U20_trajectories_dynamic.json,438,0.666980,0.713342,0.380760,-0.012175,LEFT_TO_RIGHT,OUTSIDE_RIGHT,,0
GOPR0249U20_trajectories_dynamic.json,439,0.495911,0.682542,0.312147,-0.081120,LEFT_TO_RIGHT,INSIDE_MOVING_RIGHT,0.000000,33
GOPR0249U20_trajectories_dynamic.json,444,0.317730,0.827389,-0.313376,0.108521,RIGHT_TO_LEFT,OUTSIDE_LEFT,,0
GOPR0249U20_trajectories_dynamic.json,453,0.255584,0.881640,-0.158096,0.182473,LEFT_TO_RIGHT,OUTSIDE_LEFT,,10
GOPR0249U20_trajectories_dynamic.json,460,0.127326,0.903343,0.117720,0.186443,VERTICAL,APPROACHING_FROM_LEFT,1.891565,
GOPR0249U20_trajectories_dynamic.json,468,0.364579,0.675253,0.009472,-0.068377,RIGHT_TO_LEFT,INSIDE_STATIONARY,0.000000,0
GOPR0249U20_trajectories_dynamic.json,471,0.459254,0.932272,0.509601,-0.210573,RIGHT_TO_LEFT,INSIDE_MOVING_RIGHT,0.000000,1
GOPR0249U20_trajectories_dynamic.json,494,0.421572,0.702365,-0.067454,-0.111144,RIGHT_TO_LEFT,INSIDE_MOVING_LEFT,0.000000,0
GOPR0249U20_trajectories_dynamic.json,543,0.431768,0.762028,0.113701,0.011525,RIGHT_TO_LEFT,INSIDE_MOVING_RIGHT,0.000000,0
GOPR0249U20_trajectories_dynamic.json,546,0.397170,0.686185,0.379896,-0.067797,RIGHT_TO_LEFT,INSIDE_MOVING_RIGHT,0.000000,0
GOPR0249U20_trajectories_dynamic.json,550,0.403285,0.760281,0.221222,0.033579,RIGHT_TO_LEFT,INSIDE_MOVING_RIGHT,0.000000,0
GOPR0249U20_trajectories_dynamic.json,580,0.182252,0.840033,-0.760604,0.116284,LEFT_TO_RIGHT,OUTSIDE_LEFT,,8
GOPR0249U20_trajectories_dynamic.json,603,0.534602,0.644526,0.108762,-0.037509,LEFT_TO_RIGHT,INSIDE_MOVING_RIGHT,0.000000,0
GOPR0249U20_trajectories_dynamic.json,634,0.490859,0.789359,0.107038,-0.022341,LEFT_TO_RIGHT,INSIDE_MOVING_RIGHT,0.000000,40
GOPR0249U20_trajectories_dynamic.json,636,0.405293,0.711428,0.124422,0.049931,LEFT_TO_RIGHT,INSIDE_MOVING_RIGHT,0.000000,13
GOPR0249U20_trajectories_dynamic.json,642,0.215935,0.677040,0.041231,-0.067579,LEFT_TO_RIGHT,APPROACHING_FROM_LEFT,3.251570,
GOPR0249U20_trajectories_dynamic.json,649,0.833008,0.809325,0.521794,0.298900,LEFT_TO_RIGHT,OUTSIDE_RIGHT,,0
GOPR0249U20_trajectories_dynamic.json,657,0.847320,0.736801,0.319806,0.220357,LEFT_TO_RIGHT,OUTSIDE_RIGHT,,0
GOPR0249U20_trajectories_dynamic.json,685,0.229129,0.677119,0.258871,0.012812,LEFT_TO_RIGHT,APPROACHING_FROM_LEFT,0.466916,
GOPR0249U20_trajectories_dynamic.json,708,0.378745,0.827375,0.072077,-0.105717,LEFT_TO_RIGHT,INSIDE_MOVING_RIGHT,0.000000,57
GOPR0249U20_trajectories_dynamic.json,745,0.349287,0.696957,-0.030262,0.050185,RIGHT_TO_LEFT,OUTSIDE_LEFT,,0
GOPR0249U20_trajectories_dynamic.json,748,0.148712,0.916035,-0.813251,0.159031,RIGHT_TO_LEFT,OUTSIDE_LEFT,,0
GOPR0249U20_trajectories_dynamic.json,777,0.084525,0.952256,-0.010498,0.246696,RIGHT_TO_LEFT,OUTSIDE_LEFT,,
GOPR0249U20_trajectories_dynamic.json,786,0.562090,0.718677,0.144004,0.023665,LEFT_TO_RIGHT,INSIDE_MOVING_RIGHT,0.000000,0
GOPR0249U20_trajectories_dynamic.json,789,0.071258,0.767606,-0.132284,0.051620,RIGHT_TO_LEFT,OUTSIDE_LEFT,,0
GOPR0249U20_trajectories_dynamic.json,793,0.288198,0.890735,-0.022816,0.049484,RIGHT_TO_LEFT,OUTSIDE_LEFT,,0
GOPR0249U20_trajectories_dynamic.json,857,0.227124,0.736756,-0.105598,0.075167,RIGHT_TO_LEFT,OUTSIDE_LEFT,,3
GOPR0249U20_trajectories_dynamic.json,862,0.124256,0.716859,-0.309626,0.059266,RIGHT_TO_LEFT,OUTSIDE_LEFT,,
GOPR0249U20_trajectories_dynamic.json,867,0.202655,1.000000,-0.289086,0.596924,RIGHT_TO_LEFT,OUTSIDE_LEFT,,0
GOPR0249U20_trajectories_dynamic.json,886,0.102849,0.702392,-0.640952,0.004486,RIGHT_TO_LEFT,OUTSIDE_LEFT,,2
GOPR0249U20_trajectories_dynamic.json,941,0.427764,0.635437,0.031982,0.014582,LEFT_TO_RIGHT,INSIDE_MOVING_RIGHT,0.000000,4
GOPR0249U20_trajectories_dynamic.json,945,0.833996,0.870738,0.462320,0.348370,LEFT_TO_RIGHT,OUTSIDE_RIGHT,,0
GOPR0249U20_trajectories_dynamic.json,947,0.846230,0.843703,0.303348,0.086362,LEFT_TO_RIGHT,OUTSIDE_RIGHT,,18
GOPR0249U20_trajectories_dynamic.json,969,0.539707,0.671607,0.075360,0.039268,VERTICAL,INSIDE_MOVING_RIGHT,0.000000,0
GOPR0249U20_trajectories_dynamic.json,970,0.492931,0.731347,0.045201,0.037247,VERTICAL,INSIDE_MOVING_RIGHT,0.000000,0
GOPR0249U20_trajectories_dynamic.json,986,0.157843,0.970333,-0.745410,0.211483,RIGHT_TO_LEFT,OUTSIDE_LEFT,,0
GOPR0249U20_trajectories_dynamic.json,989,0.367596,0.830902,0.008628,0.060487,RIGHT_TO_LEFT,INSIDE_STATIONARY,0.000000,0
GOPR0249U20_trajectories_dynamic.json,997,0.627248,0.642614,0.337820,0.007135,LEFT_TO_RIGHT,INSIDE_MOVING_RIGHT,0.000000,0
GOPR0249U20_trajectories_dynamic.json,998,0.402217,0.657232,-0.074183,-0.033203,RIGHT_TO_LEFT,INSIDE_MOVING_LEFT,0.000000,0
GOPR0249U20_trajectories_dynamic.json,1002,0.832000,0.999285,0.444241,0.282306,LEFT_TO_RIGHT,OUTSIDE_RIGHT,,0
GOPR0249U20_trajectories_dynamic.json,1005,0.116096,0.906970,-0.872431,0.257749,RIGHT_TO_LEFT,OUTSIDE_LEFT,,1
GOPR0249U20_trajectories_dynamic.json,1009,0.916520,0.912363,0.616211,0.483663,LEFT_TO_RIGHT,OUTSIDE_RIGHT,,
GOPR0249U20_trajectories_dynamic.json,1025,0.183344,0.914210,-0.586484,0.255906,RIGHT_TO_LEFT,OUTSIDE_LEFT,,8
GOPR0249U20_trajectories_dynamic.json,1027,0.604833,0.702427,-0.039785,0.098948,RIGHT_TO_LEFT,INSIDE_MOVING_LEFT,0.000000,9
GOPR0249U20_trajectories_dynamic.json,1037,0.895098,0.823715,0.242220,0.061908,RIGHT_TO_LEFT,OUTSIDE_RIGHT,,
GOPR0249U20_trajectories_dynamic.json,1127,0.775985,0.787526,0.058144,0.064769,RIGHT_TO_LEFT,OUTSIDE_RIGHT,,
GOPR0249U20_trajectories_dynamic.json,1139,0.275995,0.937767,-0.285676,0.576193,RIGHT_TO_LEFT,OUTSIDE_LEFT,,0
GOPR0249U20_trajectories_dynamic.json,1311,0.154785,0.731358,-0.367952,0.128661,RIGHT_TO_LEFT,OUTSIDE_LEFT,,0
GOPR0249U20_trajectories_dynamic.json,1360,0.178243,0.923286,-0.715369,0.251626,RIGHT_TO_LEFT,OUTSIDE_LEFT,,0
GOPR0249U20_trajectories_dynamic.json,1378,0.243315,0.620956,-0.166079,-0.055295,RIGHT_TO_LEFT,OUTSIDE_LEFT,,0
GOPR0249U20_trajectories_dynamic.json,1488,0.015762,0.669769,-0.019960,-0.062318,RIGHT_TO_LEFT,OUTSIDE_LEFT,,
GOPR0249U20_trajectories_dynamic.json,1622,0.873727,0.657156,0.112223,0.109818,LEFT_TO_RIGHT,OUTSIDE_RIGHT,,5
GOPR0249U20_trajectories_dynamic.json,1713,0.700566,0.593745,0.098615,0.079579,LEFT_TO_RIGHT,OUTSIDE_RIGHT,,0
GOPR0249U20_trajectories_dynamic.json,1716,0.030571,0.675224,-0.112420,-0.010977,RIGHT_TO_LEFT,OUTSIDE_LEFT,,
GOPR0249U20_trajectories_dynamic.json,1719,0.051919,0.675294,-0.199395,0.155763,RIGHT_TO_LEFT,OUTSIDE_LEFT,,
GOPR0249U20_trajectories_dynamic.json,1745,0.941961,0.595554,0.329589,-0.031971,LEFT_TO_RIGHT,OUTSIDE_RIGHT,,
GOPR0249U20_trajectories_dynamic.json,1752,0.138514,0.818308,0.044496,0.019838,LEFT_TO_RIGHT,APPROACHING_FROM_LEFT,4.752863,
GOPR0249U20_trajectories_dynamic.json,1792,0.787175,0.865275,0.476983,0.244480,LEFT_TO_RIGHT,OUTSIDE_RIGHT,,84
GOPR0249U20_trajectories_dynamic.json,1834,0.423580,0.640820,0.014724,0.089332,VERTICAL,INSIDE_STATIONARY,0.000000,0
GOPR0249U20_trajectories_dynamic.json,1837,0.256578,0.990290,-0.340893,0.321644,RIGHT_TO_LEFT,OUTSIDE_LEFT,,11
GOPR0249U20_trajectories_dynamic.json,1848,0.871664,0.731306,0.485150,0.219257,LEFT_TO_RIGHT,OUTSIDE_RIGHT,,0
GOPR0249U20_trajectories_dynamic.json,1875,0.860508,0.760317,0.653863,0.199484,LEFT_TO_RIGHT,OUTSIDE_RIGHT,,0
GOPR0249U20_trajectories_dynamic.json,1889,0.871738,0.821913,0.386423,0.207339,LEFT_TO_RIGHT,OUTSIDE_RIGHT,,0
GOPR0249U20_trajectories_dynamic.json,1890,0.830922,0.749503,0.548012,0.113504,LEFT_TO_RIGHT,OUTSIDE_RIGHT,,0
GOPR0249U20_trajectories_dynamic.json,1893,0.918473,0.800256,0.770654,0.226716,LEFT_TO_RIGHT,OUTSIDE_RIGHT,,0
GOPR0249U20_trajectories_dynamic.json,1898,0.701620,0.785690,0.592449,0.269132,LEFT_TO_RIGHT,OUTSIDE_RIGHT,,7
GOPR0249U20_trajectories_dynamic.json,1899,0.691465,0.845427,0.390989,0.348147,LEFT_TO_RIGHT,OUTSIDE_RIGHT,,9
GOPR0249U20_trajectories_dynamic.json,1903,0.829965,0.724199,0.811547,0.137184,LEFT_TO_RIGHT,OUTSIDE_RIGHT,,10
GOPR0249U20_trajectories_dynamic.json,1922,0.297383,0.818246,-0.369607,0.437030,LEFT_TO_RIGHT,OUTSIDE_LEFT,,9
GOPR0249U20_trajectories_dynamic.json,1939,0.914492,1.000000,0.429141,0.604732,LEFT_TO_RIGHT,OUTSIDE_RIGHT,,0
GOPR0249U20_trajectories_dynamic.json,1950,0.035098,0.774789,-0.558641,0.259085,RIGHT_TO_LEFT,OUTSIDE_LEFT,,0
GOPR0249U20_trajectories_dynamic.json,1955,0.468418,0.655486,-0.095189,0.082362,VERTICAL,INSIDE_MOVING_LEFT,0.000000,0
GOPR0249U20_trajectories_dynamic.json,1964,0.241354,0.704241,0.001754,0.096765,RIGHT_TO_LEFT,OUTSIDE_LEFT,61.947720,0
GOPR0249U20_trajectories_dynamic.json,1977,0.114053,0.838179,-0.362065,0.233398,RIGHT_TO_LEFT,OUTSIDE_LEFT,,0
GOPR0249U20_trajectories_dynamic.json,1979,0.055950,0.774848,-0.240437,0.144860,RIGHT_TO_LEFT,OUTSIDE_LEFT,,
GOPR0249U20_trajectories_dynamic.json,1984,0.040737,0.687943,-0.558447,0.033103,RIGHT_TO_LEFT,OUTSIDE_LEFT,,0
GOPR0249U20_trajectories_dynamic.json,1993,0.046836,0.659017,-0.529172,0.132850,RIGHT_TO_LEFT,OUTSIDE_LEFT,,19
GOPR0249U20_trajectories_dynamic.json,1997,0.925652,0.841892,0.456551,0.249880,LEFT_TO_RIGHT,OUTSIDE_RIGHT,,0
GOPR0249U20_trajectories_dynamic.json,2007,0.075346,0.678849,-0.156669,0.123833,RIGHT_TO_LEFT,OUTSIDE_LEFT,,
GOPR0249U20_trajectories_dynamic.json,2021,0.040173,0.796550,-0.683143,0.178840,RIGHT_TO_LEFT,OUTSIDE_LEFT,,0
GOPR0249U20_trajectories_dynamic.json,2027,0.128290,0.937753,-0.365797,0.439206,RIGHT_TO_LEFT,OUTSIDE_LEFT,,0
GOPR0249U20_trajectories_dynamic.json,2041,0.705676,0.876153,0.513458,0.347487,LEFT_TO_RIGHT,OUTSIDE_RIGHT,,0
GOPR0249U20_trajectories_dynamic.json,2127,0.802492,0.821933,0.276596,0.295998,LEFT_TO_RIGHT,OUTSIDE_RIGHT,,
GOPR0249U20_trajectories_dynamic.json,2164,0.841168,0.964867,0.504697,0.587598,LEFT_TO_RIGHT,OUTSIDE_RIGHT,,0
GOPR0249U20_trajectories_dynamic.json,2207,0.454190,0.646162,-0.033877,-0.027294,RIGHT_TO_LEFT,INSIDE_MOVING_LEFT,0.000000,0
GOPR0249U20_trajectories_dynamic.json,2223,0.925652,0.818242,0.554735,0.257226,LEFT_TO_RIGHT,OUTSIDE_RIGHT,,
GOPR0250U20_trajectories_dynamic.json,2,0.294366,0.648104,-0.225760,0.182814,LEFT_TO_RIGHT,OUTSIDE_LEFT,,12
GOPR0250U20_trajectories_dynamic.json,3,0.019834,0.664401,-0.524914,0.104855,RIGHT_TO_LEFT,OUTSIDE_LEFT,,
GOPR0250U20_trajectories_dynamic.json,4,0.095701,0.885245,-0.763837,0.500049,RIGHT_TO_LEFT,OUTSIDE_LEFT,,0
GOPR0250U20_trajectories_dynamic.json,5,0.344173,0.834569,-0.292864,0.435962,RIGHT_TO_LEFT,OUTSIDE_LEFT,,0
GOPR0250U20_trajectories_dynamic.json,10,0.097821,0.854514,-0.256665,0.084593,RIGHT_TO_LEFT,OUTSIDE_LEFT,,
GOPR0250U20_trajectories_dynamic.json,13,0.023923,0.733247,-0.383582,0.053526,RIGHT_TO_LEFT,OUTSIDE_LEFT,,0
GOPR0250U20_trajectories_dynamic.json,26,0.870715,0.744017,0.225774,0.156181,LEFT_TO_RIGHT,OUTSIDE_RIGHT,,
GOPR0250U20_trajectories_dynamic.json,29,0.758654,0.894291,0.336600,0.548464,LEFT_TO_RIGHT,OUTSIDE_RIGHT,,0
GOPR0250U20_trajectories_dynamic.json,33,0.233182,0.796543,-0.364209,0.233522,RIGHT_TO_LEFT,OUTSIDE_LEFT,,0
GOPR0250U20_trajectories_dynamic.json,40,0.758669,0.827278,0.213520,0.296701,LEFT_TO_RIGHT,OUTSIDE_RIGHT,,0
GOPR0250U20_trajectories_dynamic.json,65,0.475602,0.735051,0.031593,0.104025,RIGHT_TO_LEFT,INSIDE_MOVING_RIGHT,0.000000,0
GOPR0250U20_trajectories_dynamic.json,84,0.745445,0.774831,0.684366,0.255273,LEFT_TO_RIGHT,OUTSIDE_RIGHT,,0
GOPR0250U20_trajectories_dynamic.json,88,0.369665,0.711465,-0.207960,0.210380,LEFT_TO_RIGHT,INSIDE_MOVING_LEFT,0.000000,6
GOPR0250U20_trajectories_dynamic.json,112,0.760710,0.908791,0.263361,0.470422,LEFT_TO_RIGHT,OUTSIDE_RIGHT,,0
GOPR0250U20_trajectories_dynamic.json,143,0.188396,0.921449,-0.268929,0.490425,RIGHT_TO_LEFT,OUTSIDE_LEFT,,0
GOPR0250U20_trajectories_dynamic.json,154,0.870750,0.713287,0.446892,0.134863,LEFT_TO_RIGHT,OUTSIDE_RIGHT,,0
GOPR0250U20_trajectories_dynamic.json,175,0.102883,0.785715,-0.591357,0.359797,RIGHT_TO_LEFT,OUTSIDE_LEFT,,0
GOPR0250U20_trajectories_dynamic.json,192,0.807529,0.832758,0.375087,0.400565,LEFT_TO_RIGHT,OUTSIDE_RIGHT,,0
GOPR0250U20_trajectories_dynamic.json,220,0.087538,0.821917,-0.769012,0.212526,RIGHT_TO_LEFT,OUTSIDE_LEFT,,0
GOPR0250U20_trajectories_dynamic.json,238,0.222021,0.840017,-0.213750,0.364182,RIGHT_TO_LEFT,OUTSIDE_LEFT,,0
GOPR0250U20_trajectories_dynamic.json,239,0.931820,0.745870,0.587796,0.268515,LEFT_TO_RIGHT,OUTSIDE_RIGHT,,0
GOPR0250U20_trajectories_dynamic.json,308,0.680246,0.680760,0.124719,0.063890,LEFT_TO_RIGHT,OUTSIDE_RIGHT,,0
GOPR0250U20_trajectories_dynamic.json,331,0.061075,0.789294,-0.534904,0.154031,RIGHT_TO_LEFT,OUTSIDE_LEFT,,0
GOPR0250U20_trajectories_dynamic.json,333,0.121173,0.776580,-0.410218,0.342237,RIGHT_TO_LEFT,OUTSIDE_LEFT,,0
GOPR0250U20_trajectories_dynamic.json,382,0.896187,0.724135,0.268103,0.144483,LEFT_TO_RIGHT,OUTSIDE_RIGHT,,
GOPR0250U20_trajectories_dynamic.json,395,0.878766,0.894315,0.470559,0.436859,LEFT_TO_RIGHT,OUTSIDE_RIGHT,,0
GOPR0250U20_trajectories_dynamic.json,417,0.843156,0.856301,0.412318,0.323893,LEFT_TO_RIGHT,OUTSIDE_RIGHT,,0
GOPR0250U20_trajectories_dynamic.json,420,0.821778,0.983041,0.464763,0.552091,LEFT_TO_RIGHT,OUTSIDE_RIGHT,,0
GOPR0250U20_trajectories_dynamic.json,428,0.066248,0.798351,-0.476800,0.085615,RIGHT_TO_LEFT,OUTSIDE_LEFT,,0
GOPR0250U20_trajectories_dynamic.json,445,0.080469,0.740439,-0.210997,0.106037,RIGHT_TO_LEFT,OUTSIDE_LEFT,,
GOPR0251U20_trajectories_dynamic.json,0,0.242346,0.849033,0.030535,0.354793,VERTICAL,APPROACHING_FROM_LEFT,3.525643,
GOPR0251U20_trajectories_dynamic.json,5,0.507133,0.680681,0.392220,0.138129,LEFT_TO_RIGHT,INSIDE_MOVING_RIGHT,0.000000,12
GOPR0251U20_trajectories_dynamic.json,160,0.029507,0.709674,-0.303119,0.095341,VERTICAL,OUTSIDE_LEFT,,
GOPR0251U20_trajectories_dynamic.json,176,0.179290,0.651883,0.134563,-0.049902,RIGHT_TO_LEFT,APPROACHING_FROM_LEFT,1.268628,17
GOPR0251U20_trajectories_dynamic.json,227,0.302465,0.769372,-0.158424,0.119265,RIGHT_TO_LEFT,OUTSIDE_LEFT,,0
GOPR0251U20_trajectories_dynamic.json,230,0.770875,0.823735,0.198365,0.355727,LEFT_TO_RIGHT,OUTSIDE_RIGHT,,0
GOPR0251U20_trajectories_dynamic.json,237,0.079411,0.820126,-0.208182,0.060801,RIGHT_TO_LEFT,OUTSIDE_LEFT,,
GOPR0251U20_trajectories_dynamic.json,238,0.096778,0.689744,0.024211,-0.019475,RIGHT_TO_LEFT,OUTSIDE_LEFT,10.458909,
GOPR0251U20_trajectories_dynamic.json,241,0.292333,0.646152,-0.023259,0.037445,RIGHT_TO_LEFT,OUTSIDE_LEFT,,0
GOPR0251U20_trajectories_dynamic.json,242,0.039160,0.801981,-0.465986,0.064657,RIGHT_TO_LEFT,OUTSIDE_LEFT,,0
GOPR0251U20_trajectories_dynamic.json,251,0.422593,0.648074,-0.099736,-0.042226,LEFT_TO_RIGHT,INSIDE_MOVING_LEFT,0.000000,5
GOPR0251U20_trajectories_dynamic.json,279,0.273969,0.624712,0.064135,-0.035566,RIGHT_TO_LEFT,APPROACHING_FROM_LEFT,1.185481,0
GOPR0251U20_trajectories_dynamic.json,284,0.213850,0.680635,0.154693,-0.045772,VERTICAL,APPROACHING_FROM_LEFT,0.880131,
GOPR0251U20_trajectories_dynamic.json,295,0.687356,0.677032,0.030936,0.084147,LEFT_TO_RIGHT,OUTSIDE_RIGHT,,1
GOPR0251U20_trajectories_dynamic.json,303,0.393050,0.648010,0.282743,-0.090581,LEFT_TO_RIGHT,INSIDE_MOVING_RIGHT,0.000000,0
GOPR0251U20_trajectories_dynamic.json,305,0.490874,0.653531,0.101333,-0.004538,LEFT_TO_RIGHT,INSIDE_MOVING_RIGHT,0.000000,0
GOPR0251U20_trajectories_dynamic.json,307,0.762736,0.966815,0.353719,0.653520,LEFT_TO_RIGHT,OUTSIDE_RIGHT,,0
GOPR0251U20_trajectories_dynamic.json,326,0.832973,0.894314,0.413322,0.292420,LEFT_TO_RIGHT,OUTSIDE_RIGHT,,0
GOPR0251U20_trajectories_dynamic.json,330,0.327914,0.649974,-0.075304,-0.074032,RIGHT_TO_LEFT,OUTSIDE_LEFT,,0
GOPR0251U20_trajectories_dynamic.json,388,0.161898,0.892491,-0.346594,0.329832,RIGHT_TO_LEFT,OUTSIDE_LEFT,,0
GOPR0251U20_trajectories_dynamic.json,389,0.176171,0.883462,-0.391768,0.396834,RIGHT_TO_LEFT,OUTSIDE_LEFT,,0
GOPR0251U20_trajectories_dynamic.json,417,0.597758,1.000000,0.441530,0.000000,LEFT_TO_RIGHT,INSIDE_MOVING_RIGHT,0.000000,0
GOPR0251U20_trajectories_dynamic.json,429,0.132380,0.856275,0.049067,-0.011691,LEFT_TO_RIGHT,APPROACHING_FROM_LEFT,4.435146,
GOPR0251U20_trajectories_dynamic.json,433,0.068226,0.682497,0.070771,-0.211528,VERTICAL,APPROACHING_FROM_LEFT,3.981480,
GOPR0251U20_trajectories_dynamic.json,434,0.024420,0.744032,-0.012866,0.033238,VERTICAL,OUTSIDE_LEFT,,
GOPR0251U20_trajectories_dynamic.json,437,0.054999,0.773018,-0.270544,-0.139433,RIGHT_TO_LEFT,OUTSIDE_LEFT,,
GOPR0251U20_trajectories_dynamic.json,478,0.263746,1.000000,-0.400516,0.529826,RIGHT_TO_LEFT,OUTSIDE_LEFT,,0
GOPR0251U20_trajectories_dynamic.json,504,0.069226,0.693340,-0.537716,0.096448,RIGHT_TO_LEFT,OUTSIDE_LEFT,,3
GOPR0251U20_trajectories_dynamic.json,514,0.924672,0.722297,0.449141,0.108605,LEFT_TO_RIGHT,OUTSIDE_RIGHT,,
GOPR0251U20_trajectories_dynamic.json,539,0.088629,0.950402,-0.404001,0.375824,RIGHT_TO_LEFT,OUTSIDE_LEFT,,0
GOPR0251U20_trajectories_dynamic.json,553,0.128298,0.809219,-0.469400,0.253360,RIGHT_TO_LEFT,OUTSIDE_LEFT,,0
GOPR0251U20_trajectories_dynamic.json,557,0.841156,0.926879,0.562378,0.527590,LEFT_TO_RIGHT,OUTSIDE_RIGHT,,0
GOPR0251U20_trajectories_dynamic.json,574,0.043257,0.865367,-0.472322,0.350709,RIGHT_TO_LEFT,OUTSIDE_LEFT,,0
GOPR0251U20_trajectories_dynamic.json,579,0.058110,0.731325,-0.296486,0.123804,RIGHT_TO_LEFT,OUTSIDE_LEFT,,0
GOPR0251U20_trajectories_dynamic.json,590,0.021874,0.745862,-0.068389,0.077422,RIGHT_TO_LEFT,OUTSIDE_LEFT,,
GOPR0251U20_trajectories_dynamic.json,592,0.656794,0.686164,0.207367,0.147310,LEFT_TO_RIGHT,OUTSIDE_RIGHT,,0
GOPR0251U20_trajectories_dynamic.json,606,0.819776,0.914194,0.394607,0.486224,LEFT_TO_RIGHT,OUTSIDE_RIGHT,,0
GOPR0251U20_trajectories_dynamic.json,632,0.931742,0.705986,0.107672,0.104130,LEFT_TO_RIGHT,OUTSIDE_RIGHT,,
GOPR0251U20_trajectories_dynamic.json,642,0.031079,0.742288,-0.627383,0.192662,RIGHT_TO_LEFT,OUTSIDE_LEFT,,0
GOPR0251U20_trajectories_dynamic.json,656,0.131336,0.973959,-0.399991,0.338136,RIGHT_TO_LEFT,OUTSIDE_LEFT,,0
GOPR0251U20_trajectories_dynamic.json,663,0.733263,0.838155,0.386914,0.129481,LEFT_TO_RIGHT,OUTSIDE_RIGHT,,0
GOPR0251U20_trajectories_dynamic.json,681,0.786114,0.878022,0.556689,0.538564,LEFT_TO_RIGHT,OUTSIDE_RIGHT,,7
GOPR0251U20_trajectories_dynamic.json,697,0.091621,0.887099,-0.532518,0.577932,RIGHT_TO_LEFT,OUTSIDE_LEFT,,0
GOPR0251U20_trajectories_dynamic.json,748,0.904238,0.774900,0.453381,0.286689,LEFT_TO_RIGHT,OUTSIDE_RIGHT,,0
GOPR0251U20_trajectories_dynamic.json,792,0.899156,0.955892,0.512940,0.535278,LEFT_TO_RIGHT,OUTSIDE_RIGHT,,0
GOPR0251U20_trajectories_dynamic.json,801,0.151688,0.914232,-0.330797,0.464165,RIGHT_TO_LEFT,OUTSIDE_LEFT,,0
GOPR0251U20_trajectories_dynamic.json,822,0.500999,0.662599,0.090601,0.059860,LEFT_TO_RIGHT,INSIDE_MOVING_RIGHT,0.000000,5
GOPR0251U20_trajectories_dynamic.json,832,0.016775,0.753157,-0.452272,0.208953,RIGHT_TO_LEFT,OUTSIDE_LEFT,,
GOPR0251U20_trajectories_dynamic.json,848,0.829957,0.613685,0.004551,-0.067581,RIGHT_TO_LEFT,OUTSIDE_RIGHT,,
GOPR0251U20_trajectories_dynamic.json,855,0.418475,0.599195,-0.101334,-0.017449,RIGHT_TO_LEFT,INSIDE_MOVING_LEFT,0.000000,0
GOPR0251U20_trajectories_dynamic.json,859,0.087546,0.925093,-0.517124,0.540382,RIGHT_TO_LEFT,OUTSIDE_LEFT,,0
GOPR0251U20_trajectories_dynamic.json,871,0.845246,0.868973,0.637171,0.494246,LEFT_TO_RIGHT,OUTSIDE_RIGHT,,17
GOPR0251U20_trajectories_dynamic.json,884,0.091679,0.945028,-0.445373,0.430494,RIGHT_TO_LEFT,OUTSIDE_LEFT,,0
GOPR0251U20_trajectories_dynamic.json,888,0.214861,0.952276,-0.268276,0.460431,VERTICAL,OUTSIDE_LEFT,,
GOPR0251U20_trajectories_dynamic.json,897,0.226068,0.981169,-0.557035,0.608601,RIGHT_TO_LEFT,OUTSIDE_LEFT,,0
GOPR0251U20_trajectories_dynamic.json,913,0.254575,0.859955,0.208097,0.236101,RIGHT_TO_LEFT,APPROACHING_FROM_LEFT,0.458560,0
GOPR0251U20_trajectories_dynamic.json,915,0.821727,0.805615,0.852068,0.371171,LEFT_TO_RIGHT,OUTSIDE_RIGHT,,0
GOPR0251U20_trajectories_dynamic.json,996,0.091627,0.968506,-0.464612,0.587005,RIGHT_TO_LEFT,OUTSIDE_LEFT,,6
GOPR0251U20_trajectories_dynamic.json,1019,0.476578,0.671653,-0.009358,0.044138,RIGHT_TO_LEFT,INSIDE_STATIONARY,0.000000,0
GOPR0251U20_trajectories_dynamic.json,1024,0.156858,0.852752,-0.473736,0.372391,RIGHT_TO_LEFT,OUTSIDE_LEFT,,0
GOPR0251U20_trajectories_dynamic.json,1025,0.416516,0.686181,0.026090,0.091033,RIGHT_TO_LEFT,INSIDE_STATIONARY,0.000000,0
GOPR0251U20_trajectories_dynamic.json,1034,0.853398,0.774887,0.455632,0.321303,LEFT_TO_RIGHT,OUTSIDE_RIGHT,,0
GOPR0251U20_trajectories_dynamic.json,1070,0.075387,0.883404,-0.292874,0.134151,RIGHT_TO_LEFT,OUTSIDE_LEFT,,0
GOPR0251U20_trajectories_dynamic.json,1075,0.127283,0.910593,-0.229627,0.170146,RIGHT_TO_LEFT,OUTSIDE_LEFT,,0
GOPR0251U20_trajectories_dynamic.json,1088,0.062094,0.796555,-0.089602,0.050491,RIGHT_TO_LEFT,OUTSIDE_LEFT,,
GOPR0251U20_trajectories_dynamic.json,1089,0.640516,0.736877,0.069911,0.054458,LEFT_TO_RIGHT,INSIDE_MOVING_RIGHT,0.000000,0
GOPR0251U20_trajectories_dynamic.json,1124,0.038138,0.825532,-0.377482,0.111597,RIGHT_TO_LEFT,OUTSIDE_LEFT,,
GOPR0251U20_trajectories_dynamic.json,1172,0.853383,0.876201,0.492583,0.206498,LEFT_TO_RIGHT,OUTSIDE_RIGHT,,0
GOPR0251U20_trajectories_dynamic.json,1178,0.399217,0.796574,0.080545,0.211241,LEFT_TO_RIGHT,INSIDE_MOVING_RIGHT,0.000000,0
GOPR0251U20_trajectories_dynamic.json,1204,0.719960,1.000000,0.372308,0.404980,LEFT_TO_RIGHT,OUTSIDE_RIGHT,,0
GOPR0251U20_trajectories_dynamic.json,1218,0.516313,0.610034,-0.071571,-0.060777,RIGHT_TO_LEFT,INSIDE_MOVING_LEFT,0.000000,0
GOPR0251U20_trajectories_dynamic.json,1230,0.553986,0.655397,-0.151320,-0.017822,RIGHT_TO_LEFT,INSIDE_MOVING_LEFT,0.000000,7
GOPR0251U20_trajectories_dynamic.json,1235,0.530605,0.676958,-0.028201,-0.072370,RIGHT_TO_LEFT,INSIDE_STATIONARY,0.000000,0
GOPR0251U20_trajectories_dynamic.json,1272,0.048856,0.791140,-0.401939,0.142686,RIGHT_TO_LEFT,OUTSIDE_LEFT,,0
GOPR0251U20_trajectories_dynamic.json,1280,0.092661,0.914196,-0.252522,0.106032,RIGHT_TO_LEFT,OUTSIDE_LEFT,,0
GOPR0251U20_trajectories_dynamic.json,1303,0.756661,0.852682,0.356636,0.347983,LEFT_TO_RIGHT,OUTSIDE_RIGHT,,0
GOPR0251U20_trajectories_dynamic.json,1306,0.062124,0.983075,-0.322769,0.484348,RIGHT_TO_LEFT,OUTSIDE_LEFT,,
GOPR0251U20_trajectories_dynamic.json,1351,0.077443,0.774842,-0.557419,0.226995,RIGHT_TO_LEFT,OUTSIDE_LEFT,,3
GOPR0251U20_trajectories_dynamic.json,1366,0.064172,0.785690,-0.647093,0.264630,RIGHT_TO_LEFT,OUTSIDE_LEFT,,0
GOPR0251U20_trajectories_dynamic.json,1369,0.741364,0.713403,0.170956,0.139384,LEFT_TO_RIGHT,OUTSIDE_RIGHT,,0
GOPR0251U20_trajectories_dynamic.json,1375,0.077372,0.707876,0.077072,0.013218,RIGHT_TO_LEFT,APPROACHING_FROM_LEFT,3.537315,
GOPR0251U20_trajectories_dynamic.json,1376,0.167998,0.700528,0.038582,0.023955,RIGHT_TO_LEFT,APPROACHING_FROM_LEFT,4.717277,
GOPR0252U20_trajectories_dynamic.json,17,0.839090,0.687933,0.151495,0.025020,LEFT_TO_RIGHT,OUTSIDE_RIGHT,,
GOPR0252U20_trajectories_dynamic.json,18,0.498986,0.617317,-0.072311,-0.005376,RIGHT_TO_LEFT,INSIDE_MOVING_LEFT,0.000000,0
GOPR0252U20_trajectories_dynamic.json,19,0.958246,0.698788,0.378095,0.057912,LEFT_TO_RIGHT,OUTSIDE_RIGHT,,0
GOPR0252U20_trajectories_dynamic.json,26,0.883945,0.711469,0.414326,0.082846,LEFT_TO_RIGHT,OUTSIDE_RIGHT,,0
GOPR0252U20_trajectories_dynamic.json,50,0.921656,0.626344,0.603143,0.033907,LEFT_TO_RIGHT,OUTSIDE_RIGHT,,0
GOPR0252U20_trajectories_dynamic.json,53,0.019806,0.621008,-0.327267,-0.009502,RIGHT_TO_LEFT,OUTSIDE_LEFT,,0
GOPR0252U20_trajectories_dynamic.json,64,0.070283,0.878024,-0.278298,0.468781,RIGHT_TO_LEFT,OUTSIDE_LEFT,,
GOPR0252U20_trajectories_dynamic.json,66,0.906273,0.686137,0.685616,0.132613,LEFT_TO_RIGHT,OUTSIDE_RIGHT,,0
GOPR0252U20_trajectories_dynamic.json,101,0.917441,0.711463,0.554433,0.038663,LEFT_TO_RIGHT,OUTSIDE_RIGHT,,6
GOPR0252U20_trajectories_dynamic.json,102,0.797403,0.899769,0.469222,0.443661,LEFT_TO_RIGHT,OUTSIDE_RIGHT,,0
GOPR0252U20_trajectories_dynamic.json,112,0.112030,0.890640,-0.186869,0.157950,RIGHT_TO_LEFT,OUTSIDE_LEFT,,0
GOPR0252U20_trajectories_dynamic.json,118,0.854379,0.764037,0.338284,0.111414,LEFT_TO_RIGHT,OUTSIDE_RIGHT,,0
GOPR0252U20_trajectories_dynamic.json,147,0.109953,0.767533,-0.315979,0.257687,RIGHT_TO_LEFT,OUTSIDE_LEFT,,0
GOPR0252U20_trajectories_dynamic.json,159,0.920531,0.736838,0.452366,0.106945,VERTICAL,OUTSIDE_RIGHT,,6
GOPR0252U20_trajectories_dynamic.json,181,0.845215,0.798415,0.399227,0.174869,LEFT_TO_RIGHT,OUTSIDE_RIGHT,,0
GOPR0252U20_trajectories_dynamic.json,182,0.193488,0.923231,-0.833237,0.262795,RIGHT_TO_LEFT,OUTSIDE_LEFT,,12
GOPR0252U20_trajectories_dynamic.json,203,0.648716,0.836375,0.399342,0.159897,RIGHT_TO_LEFT,INSIDE_MOVING_RIGHT,0.000000,12
GOPR0252U20_trajectories_dynamic.json,218,0.775933,0.783890,0.039991,0.186194,LEFT_TO_RIGHT,OUTSIDE_RIGHT,,0
GOPR0252U20_trajectories_dynamic.json,248,0.043769,0.753178,-0.478513,0.253932,RIGHT_TO_LEFT,OUTSIDE_LEFT,,0
GOPR0252U20_trajectories_dynamic.json,286,0.360525,0.626381,-0.047394,0.080596,RIGHT_TO_LEFT,INSIDE_MOVING_LEFT,0.000000,0
GOPR0252U20_trajectories_dynamic.json,291,0.940922,0.678842,0.295858,0.076143,VERTICAL,OUTSIDE_RIGHT,,
GOPR0252U20_trajectories_dynamic.json,296,0.784138,0.896147,0.789188,0.302911,LEFT_TO_RIGHT,OUTSIDE_RIGHT,,0
GOPR0252U20_trajectories_dynamic.json,348,0.530541,0.619064,0.141218,-0.073967,LEFT_TO_RIGHT,INSIDE_MOVING_RIGHT,0.000000,0
GOPR0252U20_trajectories_dynamic.json,366,0.537647,0.675215,-0.008785,0.065523,VERTICAL,INSIDE_STATIONARY,0.000000,0
GOPR0252U20_trajectories_dynamic.json,387,0.054961,0.537720,-0.266298,-0.034946,RIGHT_TO_LEFT,OUTSIDE_LEFT,,3
GOPR0252U20_trajectories_dynamic.json,390,0.873742,0.792949,0.184852,0.221037,LEFT_TO_RIGHT,OUTSIDE_RIGHT,,
GOPR0252U20_trajectories_dynamic.json,425,0.852367,0.840026,0.427582,0.419248,LEFT_TO_RIGHT,OUTSIDE_RIGHT,,0
GOPR0252U20_trajectories_dynamic.json,450,0.587587,0.597506,-0.012580,-0.050520,VERTICAL,INSIDE_STATIONARY,0.000000,0
GOPR0252U20_trajectories_dynamic.json,452,0.888984,0.850872,0.305228,0.452808,LEFT_TO_RIGHT,OUTSIDE_RIGHT,,
GOPR0252U20_trajectories_dynamic.json,458,0.021846,0.774878,-0.448721,0.274441,RIGHT_TO_LEFT,OUTSIDE_LEFT,,0
GOPR0252U20_trajectories_dynamic.json,499,0.529572,0.620878,-0.037575,0.035417,RIGHT_TO_LEFT,INSIDE_MOVING_LEFT,0.000000,0
GOPR0252U20_trajectories_dynamic.json,506,0.358430,0.606474,0.104324,0.066375,RIGHT_TO_LEFT,INSIDE_MOVING_RIGHT,0.000000,0
GOPR0252U20_trajectories_dynamic.json,524,0.895098,0.742235,0.215678,0.024059,LEFT_TO_RIGHT,OUTSIDE_RIGHT,,
GOPR0252U20_trajectories_dynamic.json,525,0.477631,0.593757,-0.015840,-0.013503,RIGHT_TO_LEFT,INSIDE_STATIONARY,0.000000,0
GOPR0252U20_trajectories_dynamic.json,528,0.929754,0.718755,0.125633,0.082446,LEFT_TO_RIGHT,OUTSIDE_RIGHT,,
GOPR0252U20_trajectories_dynamic.json,530,0.410385,0.646347,-0.149953,-0.019223,RIGHT_TO_LEFT,INSIDE_MOVING_LEFT,0.000000,0
GOPR0252U20_trajectories_dynamic.json,537,0.844234,0.858063,0.404650,0.440865,LEFT_TO_RIGHT,OUTSIDE_RIGHT,,0
GOPR0252U20_trajectories_dynamic.json,538,0.570270,0.590183,0.133752,-0.120480,LEFT_TO_RIGHT,INSIDE_MOVING_RIGHT,0.000000,0
GOPR0252U20_trajectories_dynamic.json,562,0.495909,0.664406,-0.106054,-0.042932,RIGHT_TO_LEFT,INSIDE_MOVING_LEFT,0.000000,0
GOPR0252U20_trajectories_dynamic.json,567,0.235201,0.845361,-0.561158,0.290139,RIGHT_TO_LEFT,OUTSIDE_LEFT,,0
GOPR0252U20_trajectories_dynamic.json,605,0.805496,0.990293,0.819386,0.530560,LEFT_TO_RIGHT,OUTSIDE_RIGHT,,0
GOPR0252U20_trajectories_dynamic.json,610,0.088534,0.756757,-0.678440,0.185768,RIGHT_TO_LEFT,OUTSIDE_LEFT,,0
GOPR0252U20_trajectories_dynamic.json,623,0.229119,0.818288,-0.501492,0.281289,RIGHT_TO_LEFT,OUTSIDE_LEFT,,6
GOPR0252U20_trajectories_dynamic.json,635,0.904273,0.785728,0.641086,0.137957,LEFT_TO_RIGHT,OUTSIDE_RIGHT,,0
GOPR0252U20_trajectories_dynamic.json,647,0.078423,0.794753,-0.013227,-0.017548,RIGHT_TO_LEFT,OUTSIDE_LEFT,,0
GOPR0252U20_trajectories_dynamic.json,652,0.075379,0.762134,-0.017757,0.089936,RIGHT_TO_LEFT,OUTSIDE_LEFT,,0
GOPR0252U20_trajectories_dynamic.json,662,0.599803,0.702344,0.084624,-0.091582,RIGHT_TO_LEFT,INSIDE_MOVING_RIGHT,0.000000,8
GOPR0252U20_trajectories_dynamic.json,690,0.477585,0.622828,0.110549,0.035280,LEFT_TO_RIGHT,INSIDE_MOVING_RIGHT,0.000000,0
GOPR0252U20_trajectories_dynamic.json,706,0.300428,0.512305,-0.006992,-0.122740,LEFT_TO_RIGHT,OUTSIDE_LEFT,,
GOPR0252U20_trajectories_dynamic.json,720,0.158861,0.774826,-0.604681,0.151582,LEFT_TO_RIGHT,OUTSIDE_LEFT,,44
GOPR0252U20_trajectories_dynamic.json,722,0.804472,0.868983,0.435255,0.465023,LEFT_TO_RIGHT,OUTSIDE_RIGHT,,0
GOPR0252U20_trajectories_dynamic.json,740,0.874734,0.724252,0.500760,0.304070,LEFT_TO_RIGHT,OUTSIDE_RIGHT,,0
GOPR0252U20_trajectories_dynamic.json,754,0.368622,0.619119,0.055646,-0.103789,LEFT_TO_RIGHT,INSIDE_MOVING_RIGHT,0.000000,25
GOPR0252U20_trajectories_dynamic.json,779,0.110978,0.849006,-0.359474,0.224634,RIGHT_TO_LEFT,OUTSIDE_LEFT,,1
GOPR0252U20_trajectories_dynamic.json,806,0.380856,0.666240,0.177939,-0.034518,RIGHT_TO_LEFT,INSIDE_MOVING_RIGHT,0.000000,0
GOPR0252U20_trajectories_dynamic.json,810,0.481690,0.698800,0.025067,0.108593,LEFT_TO_RIGHT,INSIDE_STATIONARY,0.000000,28
GOPR0252U20_trajectories_dynamic.json,819,0.251538,0.673510,-0.182259,-0.102580,LEFT_TO_RIGHT,OUTSIDE_LEFT,,27
GOPR0252U20_trajectories_dynamic.json,827,0.192475,0.897942,-0.619009,0.162554,RIGHT_TO_LEFT,OUTSIDE_LEFT,,0
GOPR0252U20_trajectories_dynamic.json,869,0.449077,0.722367,-0.058499,-0.064837,VERTICAL,INSIDE_MOVING_LEFT,0.000000,0
GOPR0252U20_trajectories_dynamic.json,876,0.373754,0.649929,-0.057159,0.038903,RIGHT_TO_LEFT,INSIDE_MOVING_LEFT,0.000000,0
GOPR0252U20_trajectories_dynamic.json,911,0.086560,0.838213,-0.100876,0.258179,RIGHT_TO_LEFT,OUTSIDE_LEFT,,
GOPR0252U20_trajectories_dynamic.json,914,0.142546,0.934198,-0.404934,0.355559,RIGHT_TO_LEFT,OUTSIDE_LEFT,,0
GOPR0252U20_trajectories_dynamic.json,920,0.038133,0.868972,-0.387595,0.342519,RIGHT_TO_LEFT,OUTSIDE_LEFT,,
GOPR0252U20_trajectories_dynamic.json,924,0.031561,0.740416,-0.543294,0.071919,RIGHT_TO_LEFT,OUTSIDE_LEFT,,0
GOPR0252U20_trajectories_dynamic.json,942,0.059546,0.780267,-0.255579,0.267468,RIGHT_TO_LEFT,OUTSIDE_LEFT,,0
GOPR0252U20_trajectories_dynamic.json,974,0.289228,0.881663,-0.325882,0.436797,RIGHT_TO_LEFT,OUTSIDE_LEFT,,0
GOPR0252U20_trajectories_dynamic.json,979,0.485704,0.780240,-0.119847,0.215213,RIGHT_TO_LEFT,INSIDE_MOVING_LEFT,0.000000,0
GOPR0252U20_trajectories_dynamic.json,1065,0.843203,0.977618,0.419637,0.308137,LEFT_TO_RIGHT,OUTSIDE_RIGHT,,0
GOPR0252U20_trajectories_dynamic.json,1086,0.486714,0.669847,-0.016306,0.050251,RIGHT_TO_LEFT,INSIDE_STATIONARY,0.000000,0
GOPR0252U20_trajectories_dynamic.json,1104,0.273910,1.000000,-0.397460,0.438816,RIGHT_TO_LEFT,OUTSIDE_LEFT,,0
GOPR0252U20_trajectories_dynamic.json,1113,0.844230,0.874359,0.456332,0.350775,LEFT_TO_RIGHT,OUTSIDE_RIGHT,,0
GOPR0252U20_trajectories_dynamic.json,1162,0.687375,0.798422,0.205635,0.377959,RIGHT_TO_LEFT,OUTSIDE_RIGHT,,11
GOPR0252U20_trajectories_dynamic.json,1199,0.039152,0.803783,-0.707213,0.149278,RIGHT_TO_LEFT,OUTSIDE_LEFT,,0
GOPR0252U20_trajectories_dynamic.json,1200,0.056012,0.839969,-0.134297,0.125870,RIGHT_TO_LEFT,OUTSIDE_LEFT,,0
GOPR0252U20_trajectories_dynamic.json,1236,0.342085,0.669821,0.098435,0.068801,RIGHT_TO_LEFT,APPROACHING_FROM_LEFT,0.080407,0
GOPR0252U20_trajectories_dynamic.json,1243,0.197610,0.821927,-0.321204,-0.040257,RIGHT_TO_LEFT,OUTSIDE_LEFT,,2
GOPR0252U20_trajectories_dynamic.json,1245,0.267850,0.885253,-0.618807,-0.047399,RIGHT_TO_LEFT,OUTSIDE_LEFT,,0
GOPR0252U20_trajectories_dynamic.json,1253,0.516263,0.657239,-0.109681,0.053408,LEFT_TO_RIGHT,INSIDE_MOVING_LEFT,0.000000,0
GOPR0252U20_trajectories_dynamic.json,1254,0.788152,0.883460,0.199929,0.415858,LEFT_TO_RIGHT,OUTSIDE_RIGHT,,0
GOPR0252U20_trajectories_dynamic.json,1285,0.836074,0.849050,0.456194,0.123590,LEFT_TO_RIGHT,OUTSIDE_RIGHT,,22
GOPR0252U20_trajectories_dynamic.json,1289,0.862512,0.908808,0.404140,0.407170,LEFT_TO_RIGHT,OUTSIDE_RIGHT,,0
GOPR0252U20_trajectories_dynamic.json,1321,0.032587,0.729588,-0.287004,0.185612,RIGHT_TO_LEFT,OUTSIDE_LEFT,,
GOPR0252U20_trajectories_dynamic.json,1349,0.183325,0.928726,-0.453150,0.416389,RIGHT_TO_LEFT,OUTSIDE_LEFT,,0
GOPR0252U20_trajectories_dynamic.json,1404,0.062126,0.845461,-0.430321,0.173575,RIGHT_TO_LEFT,OUTSIDE_LEFT,,0
GOPR0252U20_trajectories_dynamic.json,1410,0.804448,0.988478,0.192679,0.555929,LEFT_TO_RIGHT,OUTSIDE_RIGHT,,0
GOPR0252U20_trajectories_dynamic.json,1412,0.454194,0.649890,0.245763,-0.030459,RIGHT_TO_LEFT,INSIDE_MOVING_RIGHT,0.000000,0
GOPR0252U20_trajectories_dynamic.json,1422,0.676215,0.827340,0.076516,0.402794,LEFT_TO_RIGHT,OUTSIDE_RIGHT,,0
GOPR0252U20_trajectories_dynamic.json,1435,0.137469,0.836359,-0.441316,0.297064,RIGHT_TO_LEFT,OUTSIDE_LEFT,,0
GOPR0252U20_trajectories_dynamic.json,1477,0.088588,0.707910,-0.389691,0.140954,RIGHT_TO_LEFT,OUTSIDE_LEFT,,0
GOPR0252U20_trajectories_dynamic.json,1483,0.636493,0.646214,0.154745,-0.067046,VERTICAL,INSIDE_MOVING_RIGHT,0.000000,0
GOPR0252U20_trajectories_dynamic.json,1493,0.668055,0.707766,0.112412,0.055752,VERTICAL,OUTSIDE_RIGHT,,1
GOPR0252U20_trajectories_dynamic.json,1495,0.858477,0.659031,0.362048,0.021105,LEFT_TO_RIGHT,OUTSIDE_RIGHT,,2
GOPR0252U20_trajectories_dynamic.json,1515,0.404320,0.653491,-0.453658,-0.093632,RIGHT_TO_LEFT,INSIDE_MOVING_LEFT,0.000000,6
GOPR0252U20_trajectories_dynamic.json,1516,0.847230,0.794737,0.332304,0.267786,LEFT_TO_RIGHT,OUTSIDE_RIGHT,,
GOPR0252U20_trajectories_dynamic.json,1517,0.889023,0.769439,0.201379,0.143881,LEFT_TO_RIGHT,OUTSIDE_RIGHT,,
GOPR0252U20_trajectories_dynamic.json,1555,0.924668,0.818260,0.330215,0.103782,LEFT_TO_RIGHT,OUTSIDE_RIGHT,,0
GOPR0252U20_trajectories_dynamic.json,1565,0.074355,0.894240,-0.470648,0.459818,RIGHT_TO_LEFT,OUTSIDE_LEFT,,
GOPR0252U20_trajectories_dynamic.json,1650,0.752533,0.903315,0.305103,0.401896,LEFT_TO_RIGHT,OUTSIDE_RIGHT,,0
GOPR0252U20_trajectories_dynamic.json,1680,0.949066,0.765779,0.515088,0.131318,LEFT_TO_RIGHT,OUTSIDE_RIGHT,,
GOPR0252U20_trajectories_dynamic.json,1694,0.155828,0.713294,-0.375604,0.136028,RIGHT_TO_LEFT,OUTSIDE_LEFT,,0
GOPR0252U20_trajectories_dynamic.json,1706,0.164982,0.820072,-0.234334,0.254735,RIGHT_TO_LEFT,OUTSIDE_LEFT,,0
GOPR0252U20_trajectories_dynamic.json,1739,0.805441,0.707819,-0.005323,0.014442,LEFT_TO_RIGHT,OUTSIDE_RIGHT,29.202819,
GOPR0252U20_trajectories_dynamic.json,1748,0.049867,0.792872,-0.843278,0.173743,RIGHT_TO_LEFT,OUTSIDE_LEFT,,0
GOPR0254U20_trajectories_dynamic.json,30,0.045825,0.604642,-0.425177,-0.047499,RIGHT_TO_LEFT,OUTSIDE_LEFT,,
GOPR0254U20_trajectories_dynamic.json,44,0.098795,0.798347,-0.600852,0.452432,RIGHT_TO_LEFT,OUTSIDE_LEFT,,0
GOPR0254U20_trajectories_dynamic.json,65,0.013729,0.660835,-0.416432,0.174320,RIGHT_TO_LEFT,OUTSIDE_LEFT,,
GOPR0254U20_trajectories_dynamic.json,70,0.766788,0.858144,0.443292,0.495412,LEFT_TO_RIGHT,OUTSIDE_RIGHT,,0
GOPR0254U20_trajectories_dynamic.json,160,0.765730,0.923294,0.847166,0.141047,LEFT_TO_RIGHT,OUTSIDE_RIGHT,,19
GOPR0254U20_trajectories_dynamic.json,180,0.144593,0.651710,-0.134558,0.052853,RIGHT_TO_LEFT,OUTSIDE_LEFT,,
GOPR0254U20_trajectories_dynamic.json,204,0.065131,0.680776,-0.134379,0.020519,RIGHT_TO_LEFT,OUTSIDE_LEFT,,
GOPR0254U20_trajectories_dynamic.json,218,0.767792,0.946810,0.203546,0.337558,LEFT_TO_RIGHT,OUTSIDE_RIGHT,,0
GOPR0254U20_trajectories_dynamic.json,231,0.035618,0.754935,-0.374712,0.143071,RIGHT_TO_LEFT,OUTSIDE_LEFT,,
GOPR0255U20_trajectories_dynamic.json,46,0.877770,0.863569,0.436482,0.318767,LEFT_TO_RIGHT,OUTSIDE_RIGHT,,0
GOPR0255U20_trajectories_dynamic.json,78,0.038693,0.687935,-0.268801,0.047264,RIGHT_TO_LEFT,OUTSIDE_LEFT,,
GOPR0255U20_trajectories_dynamic.json,83,0.087579,0.881658,-0.402662,0.352473,RIGHT_TO_LEFT,OUTSIDE_LEFT,,
GOPR0255U20_trajectories_dynamic.json,92,0.015759,0.675303,-0.213008,-0.043388,RIGHT_TO_LEFT,OUTSIDE_LEFT,,
GOPR0255U20_trajectories_dynamic.json,121,0.126309,0.818330,-0.492436,0.341582,RIGHT_TO_LEFT,OUTSIDE_LEFT,,0
GOPR0255U20_trajectories_dynamic.json,170,0.070249,0.850899,-0.541201,0.351378,RIGHT_TO_LEFT,OUTSIDE_LEFT,,0
GOPR0255U20_trajectories_dynamic.json,185,0.031516,0.682607,-0.138881,0.068753,RIGHT_TO_LEFT,OUTSIDE_LEFT,,
GOPR0255U20_trajectories_dynamic.json,214,0.208830,0.673492,0.145571,-0.035729,LEFT_TO_RIGHT,APPROACHING_FROM_LEFT,0.969766,
GOPR0255U20_trajectories_dynamic.json,234,0.091651,0.711485,-0.269457,0.077413,RIGHT_TO_LEFT,OUTSIDE_LEFT,,
GOPR0255U20_trajectories_dynamic.json,244,0.013765,0.706019,-0.276615,0.021412,RIGHT_TO_LEFT,OUTSIDE_LEFT,,
GOPR0255U20_trajectories_dynamic.json,258,0.791233,0.852719,0.344391,0.350929,LEFT_TO_RIGHT,OUTSIDE_RIGHT,,0
GOPR0255U20_trajectories_dynamic.json,270,0.013730,0.675252,-0.113319,-0.004777,RIGHT_TO_LEFT,OUTSIDE_LEFT,,
GOPR0255U20_trajectories_dynamic.json,275,0.956242,0.653600,0.311092,0.061536,LEFT_TO_RIGHT,OUTSIDE_RIGHT,,
GOPR0255U20_trajectories_dynamic.json,343,0.950078,0.780217,0.285007,0.151101,LEFT_TO_RIGHT,OUTSIDE_RIGHT,,
GOPR0255U20_trajectories_dynamic.json,346,0.863617,0.805603,0.279627,0.288898,LEFT_TO_RIGHT,OUTSIDE_RIGHT,,
GOPR0255U20_trajectories_dynamic.json,492,0.943980,0.767551,0.151287,0.229698,LEFT_TO_RIGHT,OUTSIDE_RIGHT,,
GOPR0255U20_trajectories_dynamic.json,501,0.870688,0.939530,0.420398,0.442299,LEFT_TO_RIGHT,OUTSIDE_RIGHT,,0
GOPR0255U20_trajectories_dynamic.json,615,0.496971,0.666207,-0.098666,0.058425,RIGHT_TO_LEFT,INSIDE_MOVING_LEFT,0.000000,0
GOPR0255U20_trajectories_dynamic.json,660,0.439927,0.655418,-0.048218,-0.036549,RIGHT_TO_LEFT,INSIDE_MOVING_LEFT,0.000000,0
GOPR0255U20_trajectories_dynamic.json,675,0.430749,0.689790,0.066648,0.021218,LEFT_TO_RIGHT,INSIDE_MOVING_RIGHT,0.000000,0
GOPR0255U20_trajectories_dynamic.json,734,0.824824,0.858151,0.484613,0.388681,LEFT_TO_RIGHT,OUTSIDE_RIGHT,,0
GOPR0255U20_trajectories_dynamic.json,754,0.301448,0.934170,-0.525848,0.474331,RIGHT_TO_LEFT,OUTSIDE_LEFT,,0
GOPR0255U20_trajectories_dynamic.json,787,0.892039,0.705966,0.421788,0.044877,LEFT_TO_RIGHT,OUTSIDE_RIGHT,,0
GOPR0255U20_trajectories_dynamic.json,801,0.838102,0.820083,0.522229,0.238922,LEFT_TO_RIGHT,OUTSIDE_RIGHT,,0
GOPR0255U20_trajectories_dynamic.json,856,0.958273,0.709589,0.234416,-0.036562,LEFT_TO_RIGHT,OUTSIDE_RIGHT,,
GOPR0255U20_trajectories_dynamic.json,857,0.349318,0.738660,-0.184588,0.032332,VERTICAL,OUTSIDE_LEFT,,0
GOPR0255U20_trajectories_dynamic.json,899,0.290227,0.709573,-0.099388,0.023968,VERTICAL,OUTSIDE_LEFT,,
GOPR0255U20_trajectories_dynamic.json,907,0.098769,0.950419,0.143920,-0.040190,RIGHT_TO_LEFT,APPROACHING_FROM_LEFT,1.745626,10
GOPR0255U20_trajectories_dynamic.json,928,0.911359,0.738734,0.069257,0.052622,LEFT_TO_RIGHT,OUTSIDE_RIGHT,,
GOPR0255U20_trajectories_dynamic.json,933,0.853367,0.814631,0.150753,0.152326,LEFT_TO_RIGHT,OUTSIDE_RIGHT,,
GOPR0255U20_trajectories_dynamic.json,938,0.731065,0.758485,-0.105116,0.017535,VERTICAL,APPROACHING_FROM_RIGHT,0.771199,
GOPR0255U20_trajectories_dynamic.json,947,0.070207,0.820013,-0.236862,0.126567,RIGHT_TO_LEFT,OUTSIDE_LEFT,,
GOPR0255U20_trajectories_dynamic.json,948,0.795308,0.992017,0.311615,0.540859,LEFT_TO_RIGHT,OUTSIDE_RIGHT,,0
GOPR0255U20_trajectories_dynamic.json,951,0.827913,0.999251,0.436451,0.343148,LEFT_TO_RIGHT,OUTSIDE_RIGHT,,25
GOPR0255U20_trajectories_dynamic.json,978,0.437864,0.773041,0.225178,0.014268,LEFT_TO_RIGHT,INSIDE_MOVING_RIGHT,0.000000,9
GOPR0255U20_trajectories_dynamic.json,989,0.478594,0.800217,0.396447,-0.141935,LEFT_TO_RIGHT,INSIDE_MOVING_RIGHT,0.000000,0
GOPR0255U20_trajectories_dynamic.json,1058,0.467445,0.664389,0.104555,-0.246917,RIGHT_TO_LEFT,INSIDE_MOVING_RIGHT,0.000000,0
GOPR0255U20_trajectories_dynamic.json,1087,0.818750,0.917904,0.388484,0.181622,LEFT_TO_RIGHT,OUTSIDE_RIGHT,,0
GOPR0255U20_trajectories_dynamic.json,1226,0.072302,1.000000,-0.624425,0.340457,RIGHT_TO_LEFT,OUTSIDE_LEFT,,12
GOPR0255U20_trajectories_dynamic.json,1293,0.107981,0.753125,-0.620240,-0.016013,RIGHT_TO_LEFT,OUTSIDE_LEFT,,0
GOPR0255U20_trajectories_dynamic.json,1296,0.930758,0.888893,0.281920,0.099412,LEFT_TO_RIGHT,OUTSIDE_RIGHT,,
GOPR0255U20_trajectories_dynamic.json,1393,0.542785,0.620962,-0.263128,-0.023615,RIGHT_TO_LEFT,INSIDE_MOVING_LEFT,0.000000,11
GOPR0255U20_trajectories_dynamic.json,1396,0.153777,0.986630,-0.596960,0.422400,RIGHT_TO_LEFT,OUTSIDE_LEFT,,10
GOPR0255U20_trajectories_dynamic.json,1415,0.494889,0.705953,0.398414,-0.187625,VERTICAL,INSIDE_MOVING_RIGHT,0.000000,0
GOPR0255U20_trajectories_dynamic.json,1452,0.444985,0.649879,0.193768,-0.045798,LEFT_TO_RIGHT,INSIDE_MOVING_RIGHT,0.000000,14
GOPR0255U20_trajectories_dynamic.json,1461,0.072315,0.935949,-0.381336,0.134240,RIGHT_TO_LEFT,OUTSIDE_LEFT,,
GOPR0255U20_trajectories_dynamic.json,1467,0.257652,0.908783,-0.485751,0.110386,RIGHT_TO_LEFT,OUTSIDE_LEFT,,0
GOPR0255U20_trajectories_dynamic.json,1485,0.117104,0.756717,-0.318624,0.138660,RIGHT_TO_LEFT,OUTSIDE_LEFT,,0
GOPR0255U20_trajectories_dynamic.json,1494,0.094687,0.934076,-0.406442,0.192051,RIGHT_TO_LEFT,OUTSIDE_LEFT,,0
GOPR0255U20_trajectories_dynamic.json,1503,0.482700,0.720517,0.151467,-0.082558,LEFT_TO_RIGHT,INSIDE_MOVING_RIGHT,0.000000,0
GOPR0255U20_trajectories_dynamic.json,1506,0.355378,0.727769,-0.038627,0.112492,RIGHT_TO_LEFT,INSIDE_MOVING_LEFT,0.000000,0
GOPR0255U20_trajectories_dynamic.json,1523,0.028985,0.778485,-0.134113,0.026497,RIGHT_TO_LEFT,OUTSIDE_LEFT,,
GOPR0255U20_trajectories_dynamic.json,1537,0.029564,0.803814,-0.580110,0.100639,RIGHT_TO_LEFT,OUTSIDE_LEFT,,
GOPR0255U20_trajectories_dynamic.json,1538,0.880828,0.747630,0.855401,-0.000873,LEFT_TO_RIGHT,OUTSIDE_RIGHT,,1
GOPR0255U20_trajectories_dynamic.json,1545,0.832996,0.834631,0.489026,0.095610,LEFT_TO_RIGHT,OUTSIDE_RIGHT,,0
GOPR0255U20_trajectories_dynamic.json,1574,0.057077,0.745840,-0.379774,0.315093,RIGHT_TO_LEFT,OUTSIDE_LEFT,,
GOPR0255U20_trajectories_dynamic.json,1581,0.915504,0.792985,0.618032,0.188635,LEFT_TO_RIGHT,OUTSIDE_RIGHT,,0
GOPR0255U20_trajectories_dynamic.json,1588,0.884891,0.941331,0.616985,0.417164,LEFT_TO_RIGHT,OUTSIDE_RIGHT,,0
GOPR0255U20_trajectories_dynamic.json,1607,0.157858,0.644497,-0.124469,-0.115698,RIGHT_TO_LEFT,OUTSIDE_LEFT,,
GOPR0255U20_trajectories_dynamic.json,1620,0.046845,0.706063,-0.074840,-0.067369,RIGHT_TO_LEFT,OUTSIDE_LEFT,,
GOPR0255U20_trajectories_dynamic.json,1646,0.040725,0.617417,-0.208339,0.049924,RIGHT_TO_LEFT,OUTSIDE_LEFT,,
GOPR0255U20_trajectories_dynamic.json,1650,0.305469,0.610092,0.111519,0.001452,LEFT_TO_RIGHT,APPROACHING_FROM_LEFT,0.399317,
GOPR0255U20_trajectories_dynamic.json,1652,0.239291,0.601109,0.044075,-0.083811,LEFT_TO_RIGHT,APPROACHING_FROM_LEFT,2.511839,
GOPR0255U20_trajectories_dynamic.json,1662,0.282129,0.668036,-0.085461,0.060738,RIGHT_TO_LEFT,OUTSIDE_LEFT,,11
GOPR0255U20_trajectories_dynamic.json,1663,0.105907,0.688003,-0.136484,0.077262,RIGHT_TO_LEFT,OUTSIDE_LEFT,,
GOPR0255U20_trajectories_dynamic.json,1671,0.817694,0.858115,0.395360,0.409360,LEFT_TO_RIGHT,OUTSIDE_RIGHT,,0
GOPR0255U20_trajectories_dynamic.json,1685,0.020336,0.763979,-0.262896,0.099407,RIGHT_TO_LEFT,OUTSIDE_LEFT,,
GOPR0255U20_trajectories_dynamic.json,1697,0.120167,0.827310,-0.602755,0.322491,RIGHT_TO_LEFT,OUTSIDE_LEFT,,0
GOPR0255U20_trajectories_dynamic.json,1702,0.485670,0.673435,0.054284,0.103422,VERTICAL,INSIDE_MOVING_RIGHT,0.000000,0
GOPR0255U20_trajectories_dynamic.json,1707,0.361545,0.615556,0.067716,0.006896,LEFT_TO_RIGHT,INSIDE_MOVING_RIGHT,0.000000,25
GOPR0255U20_trajectories_dynamic.json,1709,0.940938,0.836451,0.518835,0.229928,LEFT_TO_RIGHT,OUTSIDE_RIGHT,,0
GOPR0255U20_trajectories_dynamic.json,1723,0.812656,0.751238,0.262544,0.223196,LEFT_TO_RIGHT,OUTSIDE_RIGHT,,0
GOPR0255U20_trajectories_dynamic.json,1725,0.864613,0.820113,0.067657,0.013683,LEFT_TO_RIGHT,OUTSIDE_RIGHT,,0
GOPR0255U20_trajectories_dynamic.json,1727,0.921594,0.711476,0.199593,0.129980,LEFT_TO_RIGHT,OUTSIDE_RIGHT,,
GOPR0255U20_trajectories_dynamic.json,1730,0.602798,0.668069,0.072346,0.039350,LEFT_TO_RIGHT,INSIDE_MOVING_RIGHT,0.000000,0
GOPR0255U20_trajectories_dynamic.json,1747,0.081509,0.709631,-0.413731,-0.022201,RIGHT_TO_LEFT,OUTSIDE_LEFT,,0
GOPR0255U20_trajectories_dynamic.json,1748,0.638488,0.724084,0.029134,0.078713,LEFT_TO_RIGHT,INSIDE_STATIONARY,0.000000,0
GOPR0255U20_trajectories_dynamic.json,1753,0.909398,0.778496,0.275360,0.254477,LEFT_TO_RIGHT,OUTSIDE_RIGHT,,
GOPR0255U20_trajectories_dynamic.json,1791,0.115056,0.802001,-0.475826,0.092340,RIGHT_TO_LEFT,OUTSIDE_LEFT,,0
GOPR0255U20_trajectories_dynamic.json,1798,0.811618,0.724103,0.180354,0.140351,LEFT_TO_RIGHT,OUTSIDE_RIGHT,,6
GOPR0255U20_trajectories_dynamic.json,1807,0.788220,0.760303,0.421584,0.147604,LEFT_TO_RIGHT,OUTSIDE_RIGHT,,3
GOPR0255U20_trajectories_dynamic.json,1823,0.903293,0.658946,0.286502,-0.006694,LEFT_TO_RIGHT,OUTSIDE_RIGHT,,
GOPR0255U20_trajectories_dynamic.json,1836,0.816688,0.879883,0.420233,0.184524,LEFT_TO_RIGHT,OUTSIDE_RIGHT,,0
GOPR0255U20_trajectories_dynamic.json,1841,0.954141,0.676951,0.511380,0.019157,LEFT_TO_RIGHT,OUTSIDE_RIGHT,,2
GOPR0255U20_trajectories_dynamic.json,1856,0.913434,0.705988,0.353551,0.039205,LEFT_TO_RIGHT,OUTSIDE_RIGHT,,0
GOPR0255U20_trajectories_dynamic.json,1860,0.086564,0.624627,-0.119921,0.034166,RIGHT_TO_LEFT,OUTSIDE_LEFT,,0
GOPR0255U20_trajectories_dynamic.json,1869,0.942965,0.711455,0.627474,0.088640,LEFT_TO_RIGHT,OUTSIDE_RIGHT,,0
GOPR0255U20_trajectories_dynamic.json,1879,0.952117,0.734997,0.251513,0.250947,LEFT_TO_RIGHT,OUTSIDE_RIGHT,,0
GOPR0255U20_trajectories_dynamic.json,1884,0.774922,0.983028,0.345066,0.556488,LEFT_TO_RIGHT,OUTSIDE_RIGHT,,0
GOPR0255U20_trajectories_dynamic.json,1896,0.864605,0.713260,0.351576,-0.010506,LEFT_TO_RIGHT,OUTSIDE_RIGHT,,
GOPR0255U20_trajectories_dynamic.json,1900,0.797297,0.792935,0.351069,0.239173,LEFT_TO_RIGHT,OUTSIDE_RIGHT,,0
GOPR0255U20_trajectories_dynamic.json,1917,0.292265,0.990263,-0.433563,0.626157,RIGHT_TO_LEFT,OUTSIDE_LEFT,,0
GOPR0255U20_trajectories_dynamic.json,1982,0.625244,0.925101,0.503007,0.481379,LEFT_TO_RIGHT,INSIDE_MOVING_RIGHT,0.000000,18
GOPR0255U20_trajectories_dynamic.json,1983,0.074360,0.666169,-0.514352,0.137798,RIGHT_TO_LEFT,OUTSIDE_LEFT,,0
GOPR0255U20_trajectories_dynamic.json,2023,0.879785,0.816407,0.432173,0.325297,LEFT_TO_RIGHT,OUTSIDE_RIGHT,,7
GOPR0255U20_trajectories_dynamic.json,2025,0.797342,0.919676,0.419679,0.490513,LEFT_TO_RIGHT,OUTSIDE_RIGHT,,0
GOPR0255U20_trajectories_dynamic.json,2026,0.235272,0.646236,0.000464,0.015645,RIGHT_TO_LEFT,OUTSIDE_LEFT,247.287825,0
GOPR0255U20_trajectories_dynamic.json,2028,0.978602,0.901564,0.678324,0.409752,LEFT_TO_RIGHT,OUTSIDE_RIGHT,,0
GOPR0255U20_trajectories_dynamic.json,2040,0.613036,0.753044,-0.155150,0.035341,LEFT_TO_RIGHT,INSIDE_MOVING_LEFT,0.000000,0
GOPR0255U20_trajectories_dynamic.json,2044,0.078416,0.919647,-0.552686,0.571279,RIGHT_TO_LEFT,OUTSIDE_LEFT,,0
GOPR0255U20_trajectories_dynamic.json,2057,0.259679,1.000000,0.052712,0.224636,RIGHT_TO_LEFT,APPROACHING_FROM_LEFT,1.713486,0
GOPR0257U20_trajectories_dynamic.json,0,0.586575,0.742292,0.050609,-0.107304,LEFT_TO_RIGHT,INSIDE_MOVING_RIGHT,0.000000,0
GOPR0257U20_trajectories_dynamic.json,1,0.627298,0.794775,0.031367,-0.063385,RIGHT_TO_LEFT,INSIDE_MOVING_RIGHT,0.000000,43
GOPR0257U20_trajectories_dynamic.json,10,0.030003,0.825510,-0.551705,0.075012,RIGHT_TO_LEFT,OUTSIDE_LEFT,,0
GOPR0257U20_trajectories_dynamic.json,16,0.260689,0.983011,-0.294863,0.134923,RIGHT_TO_LEFT,OUTSIDE_LEFT,,0
GOPR0257U20_trajectories_dynamic.json,33,0.033069,0.874390,0.028304,-0.013247,RIGHT_TO_LEFT,OUTSIDE_LEFT,11.197219,0
GOPR0257U20_trajectories_dynamic.json,89,0.573332,0.816500,0.130602,0.141648,VERTICAL,INSIDE_MOVING_RIGHT,0.000000,0
GOPR0257U20_trajectories_dynamic.json,107,0.092671,0.916037,-0.482648,0.343405,RIGHT_TO_LEFT,OUTSIDE_LEFT,,4
GOPR0257U20_trajectories_dynamic.json,117,0.069264,1.000000,-0.472522,0.213291,RIGHT_TO_LEFT,OUTSIDE_LEFT,,4
GOPR0257U20_trajectories_dynamic.json,124,0.889977,0.948631,0.361124,0.257956,LEFT_TO_RIGHT,OUTSIDE_RIGHT,,0
GOPR0257U20_trajectories_dynamic.json,128,0.025959,0.796646,-0.372958,0.192996,RIGHT_TO_LEFT,OUTSIDE_LEFT,,0
GOPR0257U20_trajectories_dynamic.json,136,0.967383,0.821797,0.363589,0.138919,LEFT_TO_RIGHT,OUTSIDE_RIGHT,,
GOPR0257U20_trajectories_dynamic.json,137,0.075336,0.802007,-0.256357,0.064741,RIGHT_TO_LEFT,OUTSIDE_LEFT,,
GOPR0257U20_trajectories_dynamic.json,146,0.452111,0.738637,0.069692,-0.032381,RIGHT_TO_LEFT,INSIDE_MOVING_RIGHT,0.000000,0
GOPR0257U20_trajectories_dynamic.json,160,0.126294,0.955884,-0.260974,0.119247,RIGHT_TO_LEFT,OUTSIDE_LEFT,,0
GOPR0257U20_trajectories_dynamic.json,162,0.755637,0.954067,0.325206,0.363348,LEFT_TO_RIGHT,OUTSIDE_RIGHT,,0
GOPR0257U20_trajectories_dynamic.json,165,0.407348,0.731376,0.149967,0.037301,VERTICAL,INSIDE_MOVING_RIGHT,0.000000,0
GOPR0257U20_trajectories_dynamic.json,167,0.090613,0.925081,0.020524,0.114933,RIGHT_TO_LEFT,OUTSIDE_LEFT,12.638375,
GOPR0257U20_trajectories_dynamic.json,181,0.190429,0.957679,-0.331380,0.300550,RIGHT_TO_LEFT,OUTSIDE_LEFT,,0
GOPR0257U20_trajectories_dynamic.json,222,0.093698,0.899711,-0.525318,0.198632,RIGHT_TO_LEFT,OUTSIDE_LEFT,,0
GOPR0257U20_trajectories_dynamic.json,233,0.051393,0.807403,-0.359436,0.105861,RIGHT_TO_LEFT,OUTSIDE_LEFT,,0
GOPR0257U20_trajectories_dynamic.json,239,0.082509,0.966722,-0.327291,0.026653,RIGHT_TO_LEFT,OUTSIDE_LEFT,,0
GOPR0257U20_trajectories_dynamic.json,274,0.145619,0.762087,-0.302727,0.122613,RIGHT_TO_LEFT,OUTSIDE_LEFT,,0
GOPR0257U20_trajectories_dynamic.json,300,0.839164,0.955910,0.393062,0.315305,LEFT_TO_RIGHT,OUTSIDE_RIGHT,,0
GOPR0257U20_trajectories_dynamic.json,330,0.013715,0.669897,-0.071248,-0.072934,RIGHT_TO_LEFT,OUTSIDE_LEFT,,
GOPR0257U20_trajectories_dynamic.json,332,0.093690,0.698797,-0.126031,-0.073717,RIGHT_TO_LEFT,OUTSIDE_LEFT,,
GOPR0257U20_trajectories_dynamic.json,351,0.318723,0.716978,0.046777,-0.127559,LEFT_TO_RIGHT,APPROACHING_FROM_LEFT,0.668646,
GOPR0257U20_trajectories_dynamic.json,352,0.039749,0.696961,-0.007012,-0.001182,VERTICAL,OUTSIDE_LEFT,,
GOPR0257U20_trajectories_dynamic.json,356,0.190418,0.858157,-0.452635,0.266803,RIGHT_TO_LEFT,OUTSIDE_LEFT,,0
GOPR0257U20_trajectories_dynamic.json,357,0.836012,0.928724,0.376811,0.280945,LEFT_TO_RIGHT,OUTSIDE_RIGHT,,0
GOPR0257U20_trajectories_dynamic.json,359,0.488825,0.753060,0.119162,-0.052682,LEFT_TO_RIGHT,INSIDE_MOVING_RIGHT,0.000000,7
GOPR0257U20_trajectories_dynamic.json,368,0.533563,0.707851,-0.004582,-0.037676,LEFT_TO_RIGHT,INSIDE_STATIONARY,0.000000,0
GOPR0257U20_trajectories_dynamic.json,369,0.526509,0.716892,-0.185039,-0.068116,RIGHT_TO_LEFT,INSIDE_MOVING_LEFT,0.000000,0
GOPR0257U20_trajectories_dynamic.json,377,0.453155,0.716943,0.060831,-0.066149,LEFT_TO_RIGHT,INSIDE_MOVING_RIGHT,0.000000,1
GOPR0257U20_trajectories_dynamic.json,384,0.460255,0.803797,0.011705,0.015306,RIGHT_TO_LEFT,INSIDE_STATIONARY,0.000000,0
GOPR0257U20_trajectories_dynamic.json,385,0.064125,0.914252,-0.372776,0.219721,RIGHT_TO_LEFT,OUTSIDE_LEFT,,0
GOPR0257U20_trajectories_dynamic.json,392,0.075373,0.821901,-0.577246,0.202085,RIGHT_TO_LEFT,OUTSIDE_LEFT,,
GOPR0257U20_trajectories_dynamic.json,401,0.507166,0.850756,0.030923,-0.049698,LEFT_TO_RIGHT,INSIDE_MOVING_RIGHT,0.000000,0
GOPR0257U20_trajectories_dynamic.json,406,0.074333,0.906971,-0.300941,0.132838,RIGHT_TO_LEFT,OUTSIDE_LEFT,,10
GOPR0257U20_trajectories_dynamic.json,422,0.809596,1.000000,0.407840,0.466150,LEFT_TO_RIGHT,OUTSIDE_RIGHT,,0
GOPR0257U20_trajectories_dynamic.json,424,0.497966,0.841842,-0.054533,0.011008,RIGHT_TO_LEFT,INSIDE_MOVING_LEFT,0.000000,0
GOPR0257U20_trajectories_dynamic.json,431,0.273905,0.720570,-0.083384,-0.008726,RIGHT_TO_LEFT,OUTSIDE_LEFT,,0
GOPR0257U20_trajectories_dynamic.json,439,0.382849,0.780274,-0.140031,0.035405,RIGHT_TO_LEFT,INSIDE_MOVING_LEFT,0.000000,0
GOPR0257U20_trajectories_dynamic.json,454,0.902238,0.946778,0.447953,0.339832,LEFT_TO_RIGHT,OUTSIDE_RIGHT,,0
GOPR0257U20_trajectories_dynamic.json,481,0.312626,0.791081,-0.060085,0.051598,RIGHT_TO_LEFT,OUTSIDE_LEFT,,0
GOPR0257U20_trajectories_dynamic.json,523,0.614088,0.848972,0.034868,0.053682,LEFT_TO_RIGHT,INSIDE_MOVING_RIGHT,0.000000,27
GOPR0257U20_trajectories_dynamic.json,535,0.826881,1.000000,0.376921,0.499732,LEFT_TO_RIGHT,OUTSIDE_RIGHT,,0
GOPR0257U20_trajectories_dynamic.json,549,0.042763,0.854431,-0.140302,0.035432,RIGHT_TO_LEFT,OUTSIDE_LEFT,,0
GOPR0257U20_trajectories_dynamic.json,566,0.102876,0.792933,-0.303412,0.140299,RIGHT_TO_LEFT,OUTSIDE_LEFT,,0
GOPR0257U20_trajectories_dynamic.json,567,0.933766,0.954049,0.507379,0.305350,LEFT_TO_RIGHT,OUTSIDE_RIGHT,,0
GOPR0257U20_trajectories_dynamic.json,568,0.377850,0.764036,-0.072585,0.036730,RIGHT_TO_LEFT,INSIDE_MOVING_LEFT,0.000000,0
GOPR0257U20_trajectories_dynamic.json,611,0.103888,0.885312,-0.321436,0.058247,RIGHT_TO_LEFT,OUTSIDE_LEFT,,0
GOPR0257U20_trajectories_dynamic.json,654,0.258680,0.767653,-0.043018,0.023346,LEFT_TO_RIGHT,OUTSIDE_LEFT,,
GOPR0257U20_trajectories_dynamic.json,658,0.829945,1.000000,0.123035,0.060675,LEFT_TO_RIGHT,OUTSIDE_RIGHT,,0
GOPR0257U20_trajectories_dynamic.json,663,0.340063,0.713322,-0.126450,0.019122,VERTICAL,OUTSIDE_LEFT,,10
GOPR0257U20_trajectories_dynamic.json,733,0.738253,0.812850,-0.054047,-0.012639,RIGHT_TO_LEFT,APPROACHING_FROM_RIGHT,1.632905,
GOPR0257U20_trajectories_dynamic.json,738,0.033072,0.885248,-0.493614,0.096207,RIGHT_TO_LEFT,OUTSIDE_LEFT,,0
GOPR0257U20_trajectories_dynamic.json,803,0.896129,0.655390,0.435518,-0.185880,RIGHT_TO_LEFT,OUTSIDE_RIGHT,,
GOPR0257U20_trajectories_dynamic.json,862,0.539732,0.705926,-0.060005,-0.044204,LEFT_TO_RIGHT,INSIDE_MOVING_LEFT,0.000000,0
GOPR0257U20_trajectories_dynamic.json,868,0.123182,0.979463,-0.564646,0.044304,RIGHT_TO_LEFT,OUTSIDE_LEFT,,0
GOPR0257U20_trajectories_dynamic.json,887,0.432812,0.805628,-0.058432,0.154660,RIGHT_TO_LEFT,INSIDE_MOVING_LEFT,0.000000,0
GOPR0257U20_trajectories_dynamic.json,915,0.021828,0.792898,-0.170262,-0.046156,RIGHT_TO_LEFT,OUTSIDE_LEFT,,0
GOPR0257U20_trajectories_dynamic.json,917,0.839113,0.957642,0.416034,0.335184,LEFT_TO_RIGHT,OUTSIDE_RIGHT,,0
GOPR0257U20_trajectories_dynamic.json,922,0.340138,0.901574,-0.178657,0.037975,RIGHT_TO_LEFT,OUTSIDE_LEFT,,0
GOPR0257U20_trajectories_dynamic.json,933,0.373680,0.702412,-0.098508,0.014936,LEFT_TO_RIGHT,INSIDE_MOVING_LEFT,0.000000,41
GOPR0257U20_trajectories_dynamic.json,944,0.883926,0.975796,0.450622,0.336617,LEFT_TO_RIGHT,OUTSIDE_RIGHT,,0
GOPR0257U20_trajectories_dynamic.json,963,0.227106,0.649858,-0.186889,-0.076742,RIGHT_TO_LEFT,OUTSIDE_LEFT,,8
GOPR0257U20_trajectories_dynamic.json,964,0.809574,0.883403,0.402471,0.376446,LEFT_TO_RIGHT,OUTSIDE_RIGHT,,0
GOPR0257U20_trajectories_dynamic.json,1043,0.496936,0.773019,0.055929,0.095803,VERTICAL,INSIDE_MOVING_RIGHT,0.000000,0
GOPR0257U20_trajectories_dynamic.json,1044,0.551965,0.725971,-0.085768,-0.035126,VERTICAL,INSIDE_MOVING_LEFT,0.000000,0
GOPR0257U20_trajectories_dynamic.json,1054,0.045838,0.733218,-0.122906,0.081907,RIGHT_TO_LEFT,OUTSIDE_LEFT,,
GOPR0257U20_trajectories_dynamic.json,1068,0.560060,0.791147,0.163276,0.108473,LEFT_TO_RIGHT,INSIDE_MOVING_RIGHT,0.000000,0
GOPR0257U20_trajectories_dynamic.json,1069,0.799415,1.000000,0.728059,0.086196,LEFT_TO_RIGHT,OUTSIDE_RIGHT,,0
GOPR0257U20_trajectories_dynamic.json,1076,0.058052,0.733137,-0.149534,-0.023834,LEFT_TO_RIGHT,OUTSIDE_LEFT,,
GOPR0257U20_trajectories_dynamic.json,1097,0.900219,1.000000,0.681895,0.262577,LEFT_TO_RIGHT,OUTSIDE_RIGHT,,0
GOPR0257U20_trajectories_dynamic.json,1108,0.038676,0.698811,-0.305101,0.009203,RIGHT_TO_LEFT,OUTSIDE_LEFT,,0
GOPR0257U20_trajectories_dynamic.json,1113,0.851324,0.792988,0.142180,-0.008652,LEFT_TO_RIGHT,OUTSIDE_RIGHT,,0
GOPR0257U20_trajectories_dynamic.json,1172,0.757612,1.000000,0.548037,0.607916,LEFT_TO_RIGHT,OUTSIDE_RIGHT,,0
GOPR0257U20_trajectories_dynamic.json,1181,0.799411,0.952228,0.266933,0.394344,LEFT_TO_RIGHT,OUTSIDE_RIGHT,,0
GOPR0257U20_trajectories_dynamic.json,1209,0.287103,0.720538,0.076797,0.061710,RIGHT_TO_LEFT,APPROACHING_FROM_LEFT,0.819006,0
GOPR0258U20_trajectories_dynamic.json,6,0.779032,0.908756,0.365597,0.362304,LEFT_TO_RIGHT,OUTSIDE_RIGHT,,0
GOPR0258U20_trajectories_dynamic.json,11,0.074336,0.877985,-0.555616,0.334295,RIGHT_TO_LEFT,OUTSIDE_LEFT,,0
GOPR0258U20_trajectories_dynamic.json,15,0.872719,0.794837,0.177757,0.191878,LEFT_TO_RIGHT,OUTSIDE_RIGHT,,0
GOPR0258U20_trajectories_dynamic.json,36,0.183291,0.917836,-0.429093,0.440332,RIGHT_TO_LEFT,OUTSIDE_LEFT,,0
GOPR0258U20_trajectories_dynamic.json,42,0.153757,0.979394,-0.558446,0.484372,RIGHT_TO_LEFT,OUTSIDE_LEFT,,0
GOPR0258U20_trajectories_dynamic.json,49,0.129312,0.707819,-0.263101,0.075670,RIGHT_TO_LEFT,OUTSIDE_LEFT,,0
GOPR0258U20_trajectories_dynamic.json,53,0.162959,0.707833,-0.234178,0.009146,RIGHT_TO_LEFT,OUTSIDE_LEFT,,0
GOPR0258U20_trajectories_dynamic.json,66,0.952098,0.836397,0.348946,-0.002570,LEFT_TO_RIGHT,OUTSIDE_RIGHT,,19
GOPR0258U20_trajectories_dynamic.json,81,0.015791,0.668023,-0.366232,-0.012289,RIGHT_TO_LEFT,OUTSIDE_LEFT,,
GOPR0258U20_trajectories_dynamic.json,85,0.892070,0.841826,0.395427,0.244686,LEFT_TO_RIGHT,OUTSIDE_RIGHT,,0
GOPR0258U20_trajectories_dynamic.json,96,0.904277,0.859944,0.473278,0.325584,LEFT_TO_RIGHT,OUTSIDE_RIGHT,,
GOPR0258U20_trajectories_dynamic.json,109,0.837066,0.972160,0.599490,0.331761,LEFT_TO_RIGHT,OUTSIDE_RIGHT,,0
GOPR0258U20_trajectories_dynamic.json,125,0.759699,0.798415,0.017039,0.161811,LEFT_TO_RIGHT,OUTSIDE_RIGHT,,
GOPR0258U20_trajectories_dynamic.json,139,0.670080,0.754948,0.023427,-0.028206,RIGHT_TO_LEFT,OUTSIDE_RIGHT,,22
GOPR0258U20_trajectories_dynamic.json,181,0.731172,0.970397,-0.010109,0.214487,VERTICAL,OUTSIDE_RIGHT,8.029818,
GOPR0258U20_trajectories_dynamic.json,186,0.104968,0.845458,-0.690916,0.391694,RIGHT_TO_LEFT,OUTSIDE_LEFT,,0
GOPR0258U20_trajectories_dynamic.json,191,0.235256,0.794746,-0.440920,0.344816,RIGHT_TO_LEFT,OUTSIDE_LEFT,,0
GOPR0258U20_trajectories_dynamic.json,205,0.274956,0.706031,-0.351073,0.091676,RIGHT_TO_LEFT,OUTSIDE_LEFT,,0
GOPR0258U20_trajectories_dynamic.json,238,0.472492,0.711510,0.018778,0.034593,RIGHT_TO_LEFT,INSIDE_STATIONARY,0.000000,0
GOPR0258U20_trajectories_dynamic.json,294,0.435855,0.691524,-0.123870,-0.067695,RIGHT_TO_LEFT,INSIDE_MOVING_LEFT,0.000000,0
GOPR0258U20_trajectories_dynamic.json,404,0.842129,1.000000,0.533119,0.538045,LEFT_TO_RIGHT,OUTSIDE_RIGHT,,0
GOPR0258U20_trajectories_dynamic.json,428,0.179221,1.000000,-0.523083,0.334685,RIGHT_TO_LEFT,OUTSIDE_LEFT,,0
GOPR0258U20_trajectories_dynamic.json,444,0.769849,1.000000,0.399351,0.544079,LEFT_TO_RIGHT,OUTSIDE_RIGHT,,0
GOPR0258U20_trajectories_dynamic.json,454,0.732209,0.984872,0.421503,0.593875,LEFT_TO_RIGHT,OUTSIDE_RIGHT,,0
GOPR0258U20_trajectories_dynamic.json,466,0.602936,0.702402,0.551072,-0.079708,LEFT_TO_RIGHT,INSIDE_MOVING_RIGHT,0.000000,0
GOPR0258U20_trajectories_dynamic.json,467,0.827898,0.887059,0.355221,0.319077,LEFT_TO_RIGHT,OUTSIDE_RIGHT,,0
GOPR0258U20_trajectories_dynamic.json,473,0.784113,1.000000,0.479254,0.498381,LEFT_TO_RIGHT,OUTSIDE_RIGHT,,0
GOPR0258U20_trajectories_dynamic.json,477,0.131407,0.689749,0.009410,-0.055779,RIGHT_TO_LEFT,OUTSIDE_LEFT,23.229607,16
GOPR0258U20_trajectories_dynamic.json,515,0.022903,0.742275,-0.424329,0.067773,RIGHT_TO_LEFT,OUTSIDE_LEFT,,0
GOPR0258U20_trajectories_dynamic.json,617,0.865613,0.798305,0.417454,-0.019672,LEFT_TO_RIGHT,OUTSIDE_RIGHT,,0
GOPR0258U20_trajectories_dynamic.json,639,0.725045,0.754887,0.245971,0.043155,LEFT_TO_RIGHT,OUTSIDE_RIGHT,,0
GOPR0258U20_trajectories_dynamic.json,692,0.039180,0.747696,-0.541015,0.087645,RIGHT_TO_LEFT,OUTSIDE_LEFT,,
GOPR0258U20_trajectories_dynamic.json,693,0.896148,0.829184,0.502430,0.043825,LEFT_TO_RIGHT,OUTSIDE_RIGHT,,0
GOPR0258U20_trajectories_dynamic.json,713,0.955152,0.845404,0.404394,0.241637,LEFT_TO_RIGHT,OUTSIDE_RIGHT,,0
GOPR0258U20_trajectories_dynamic.json,739,0.932781,0.876161,0.398902,0.250059,LEFT_TO_RIGHT,OUTSIDE_RIGHT,,0
GOPR0259U20_trajectories_dynamic.json,11,0.213872,0.896156,-0.492134,0.388598,RIGHT_TO_LEFT,OUTSIDE_LEFT,,0
GOPR0259U20_trajectories_dynamic.json,69,0.810590,0.758478,0.392190,0.124445,LEFT_TO_RIGHT,OUTSIDE_RIGHT,,0
GOPR0259U20_trajectories_dynamic.json,101,0.528522,0.706116,0.028638,0.115097,LEFT_TO_RIGHT,INSIDE_STATIONARY,0.000000,6
GOPR0259U20_trajectories_dynamic.json,109,0.856418,0.841845,0.170812,0.112421,LEFT_TO_RIGHT,OUTSIDE_RIGHT,,0
GOPR0259U20_trajectories_dynamic.json,124,0.121126,0.764022,-0.327569,-0.012002,RIGHT_TO_LEFT,OUTSIDE_LEFT,,0
GOPR0259U20_trajectories_dynamic.json,127,0.141578,0.925067,-0.479530,0.380559,RIGHT_TO_LEFT,OUTSIDE_LEFT,,0
GOPR0259U20_trajectories_dynamic.json,185,0.840137,0.888881,0.492414,0.391883,LEFT_TO_RIGHT,OUTSIDE_RIGHT,,2
GOPR0259U20_trajectories_dynamic.json,253,0.310575,0.885304,-0.406662,0.358718,RIGHT_TO_LEFT,OUTSIDE_LEFT,,0
GOPR0259U20_trajectories_dynamic.json,267,0.834004,0.811057,0.454710,0.258125,LEFT_TO_RIGHT,OUTSIDE_RIGHT,,0
GOPR0259U20_trajectories_dynamic.json,279,0.034082,0.773030,-0.198219,-0.045228,RIGHT_TO_LEFT,OUTSIDE_LEFT,,
GOPR0259U20_trajectories_dynamic.json,325,0.887996,0.870822,0.273437,0.195022,LEFT_TO_RIGHT,OUTSIDE_RIGHT,,0
GOPR0259U20_trajectories_dynamic.json,342,0.775000,0.852643,0.453090,0.336083,LEFT_TO_RIGHT,OUTSIDE_RIGHT,,0
GOPR0259U20_trajectories_dynamic.json,489,0.913477,0.896176,0.229509,-0.057044,LEFT_TO_RIGHT,OUTSIDE_RIGHT,,40
GOPR0259U20_trajectories_dynamic.json,509,0.374807,0.624667,0.091738,-0.008421,VERTICAL,INSIDE_MOVING_RIGHT,0.000000,0
GOPR0259U20_trajectories_dynamic.json,590,0.460323,0.639003,-0.039072,-0.061466,LEFT_TO_RIGHT,INSIDE_MOVING_LEFT,0.000000,0
GOPR0259U20_trajectories_dynamic.json,599,0.592648,0.724127,0.020664,0.102796,LEFT_TO_RIGHT,INSIDE_STATIONARY,0.000000,0
GOPR0259U20_trajectories_dynamic.json,701,0.858449,1.000000,0.131149,0.053489,LEFT_TO_RIGHT,OUTSIDE_RIGHT,,0
GOPR0259U20_trajectories_dynamic.json,704,0.926664,0.874362,0.212209,0.050343,LEFT_TO_RIGHT,OUTSIDE_RIGHT,,0
GOPR0259U20_trajectories_dynamic.json,757,0.251509,0.809198,-0.312145,0.183514,RIGHT_TO_LEFT,OUTSIDE_LEFT,,0
GOPR0259U20_trajectories_dynamic.json,761,0.905277,0.841810,0.508769,0.161306,LEFT_TO_RIGHT,OUTSIDE_RIGHT,,0
GOPR0259U20_trajectories_dynamic.json,793,0.592656,0.704155,-0.012387,0.026602,LEFT_TO_RIGHT,INSIDE_STATIONARY,0.000000,0
GOPR0259U20_trajectories_dynamic.json,812,0.759686,0.782088,0.229330,0.118814,LEFT_TO_RIGHT,OUTSIDE_RIGHT,,11
GOPR0259U20_trajectories_dynamic.json,814,0.225083,0.964935,-0.471723,0.472253,RIGHT_TO_LEFT,OUTSIDE_LEFT,,0
GOPR0259U20_trajectories_dynamic.json,851,0.948078,0.885265,-0.081663,-0.063074,LEFT_TO_RIGHT,APPROACHING_FROM_RIGHT,3.650084,
GOPR0259U20_trajectories_dynamic.json,853,0.260748,0.646289,-0.169428,-0.038521,RIGHT_TO_LEFT,OUTSIDE_LEFT,,0
GOPR0259U20_trajectories_dynamic.json,856,0.195498,0.646196,-0.029385,0.060057,RIGHT_TO_LEFT,OUTSIDE_LEFT,,
GOPR0259U20_trajectories_dynamic.json,864,0.080424,0.986594,-0.649987,0.524849,RIGHT_TO_LEFT,OUTSIDE_LEFT,,0
GOPR0259U20_trajectories_dynamic.json,897,0.109985,0.773076,-0.271134,0.253501,RIGHT_TO_LEFT,OUTSIDE_LEFT,,
GOPR0259U20_trajectories_dynamic.json,971,0.038702,0.629994,-0.287299,0.009494,RIGHT_TO_LEFT,OUTSIDE_LEFT,,
GOPR0259U20_trajectories_dynamic.json,980,0.929711,0.782079,0.257690,0.114560,LEFT_TO_RIGHT,OUTSIDE_RIGHT,,
GOPR0259U20_trajectories_dynamic.json,1067,0.838082,0.975774,0.605533,0.502048,LEFT_TO_RIGHT,OUTSIDE_RIGHT,,0
GOPR0259U20_trajectories_dynamic.json,1115,0.957230,0.816428,0.247076,0.096638,LEFT_TO_RIGHT,OUTSIDE_RIGHT,,
GOPR0259U20_trajectories_dynamic.json,1118,0.303466,0.655463,-0.105201,-0.021155,RIGHT_TO_LEFT,OUTSIDE_LEFT,,0
GOPR0259U20_trajectories_dynamic.json,1126,0.936867,0.800249,0.038739,-0.106457,LEFT_TO_RIGHT,OUTSIDE_RIGHT,,0
GOPR0259U20_trajectories_dynamic.json,1138,0.070250,0.682606,-0.090211,-0.029337,RIGHT_TO_LEFT,OUTSIDE_LEFT,,
GOPR0259U20_trajectories_dynamic.json,1154,0.098820,0.736864,-0.475286,0.095512,RIGHT_TO_LEFT,OUTSIDE_LEFT,,0
GOPR0259U20_trajectories_dynamic.json,1159,0.154789,0.684418,-0.398929,0.090943,RIGHT_TO_LEFT,OUTSIDE_LEFT,,0
GOPR0259U20_trajectories_dynamic.json,1162,0.770835,1.000000,0.424054,0.598474,LEFT_TO_RIGHT,OUTSIDE_RIGHT,,0
GOPR0259U20_trajectories_dynamic.json,1221,0.225029,0.849014,-1.037321,0.270610,LEFT_TO_RIGHT,OUTSIDE_LEFT,,4
GOPR0259U20_trajectories_dynamic.json,1223,0.098770,0.778408,-1.164733,0.257350,LEFT_TO_RIGHT,OUTSIDE_LEFT,,4
GOPR0259U20_trajectories_dynamic.json,1363,0.456234,0.675256,0.043592,-0.030799,LEFT_TO_RIGHT,INSIDE_MOVING_RIGHT,0.000000,0
GOPR0259U20_trajectories_dynamic.json,1372,0.491836,0.707783,-0.106038,0.043403,RIGHT_TO_LEFT,INSIDE_MOVING_LEFT,0.000000,0
GOPR0259U20_trajectories_dynamic.json,1392,0.865535,0.818231,0.216216,0.036456,LEFT_TO_RIGHT,OUTSIDE_RIGHT,,0
GOPR0259U20_trajectories_dynamic.json,1418,0.905297,0.791104,0.389569,0.165942,LEFT_TO_RIGHT,OUTSIDE_RIGHT,,6
GOPR0259U20_trajectories_dynamic.json,1510,0.817660,0.955910,0.357454,0.449370,LEFT_TO_RIGHT,OUTSIDE_RIGHT,,0
GOPR0259U20_trajectories_dynamic.json,1625,0.925660,0.785705,0.266325,0.105189,LEFT_TO_RIGHT,OUTSIDE_RIGHT,,
GOPR0259U20_trajectories_dynamic.json,1639,0.852320,0.776661,0.364835,0.260206,VERTICAL,OUTSIDE_RIGHT,,15
GOPR0259U20_trajectories_dynamic.json,1640,0.066212,0.823725,-0.369046,0.180877,RIGHT_TO_LEFT,OUTSIDE_LEFT,,0
GOPR0259U20_trajectories_dynamic.json,1644,0.622218,0.671578,-0.081439,-0.117802,LEFT_TO_RIGHT,INSIDE_MOVING_LEFT,0.000000,0
GOPR0259U20_trajectories_dynamic.json,1658,0.435827,0.684274,-0.160314,-0.010077,RIGHT_TO_LEFT,INSIDE_MOVING_LEFT,0.000000,0
GOPR0259U20_trajectories_dynamic.json,1660,0.727079,0.648115,0.143983,-0.111596,LEFT_TO_RIGHT,OUTSIDE_RIGHT,,0
GOPR0259U20_trajectories_dynamic.json,1661,0.366672,0.744106,-0.542323,-0.077330,RIGHT_TO_LEFT,INSIDE_MOVING_LEFT,0.000000,0
GOPR0259U20_trajectories_dynamic.json,1666,0.556034,0.677049,0.039932,-0.048091,RIGHT_TO_LEFT,INSIDE_MOVING_RIGHT,0.000000,11
GOPR0259U20_trajectories_dynamic.json,1725,0.039219,0.812883,-0.249242,0.057519,RIGHT_TO_LEFT,OUTSIDE_LEFT,,0
GOPR0259U20_trajectories_dynamic.json,1726,0.192447,0.693417,0.051312,0.051880,RIGHT_TO_LEFT,APPROACHING_FROM_LEFT,3.070509,0
GOPR0259U20_trajectories_dynamic.json,1737,0.522400,0.646332,-0.070821,-0.031460,RIGHT_TO_LEFT,INSIDE_MOVING_LEFT,0.000000,0
GOPR0259U20_trajectories_dynamic.json,1760,0.130324,0.843624,-0.445961,0.319524,RIGHT_TO_LEFT,OUTSIDE_LEFT,,
GOPR0259U20_trajectories_dynamic.json,1774,0.039722,0.731339,-0.393074,0.080047,RIGHT_TO_LEFT,OUTSIDE_LEFT,,2
GOPR0259U20_trajectories_dynamic.json,1782,0.575355,0.649894,-0.039549,-0.025223,LEFT_TO_RIGHT,INSIDE_MOVING_LEFT,0.000000,0
GOPR0259U20_trajectories_dynamic.json,1800,0.249503,0.660810,-0.179794,0.018532,RIGHT_TO_LEFT,OUTSIDE_LEFT,,0
GOPR0259U20_trajectories_dynamic.json,1810,0.130344,0.800189,-0.419017,0.286861,RIGHT_TO_LEFT,OUTSIDE_LEFT,,0
GOPR0259U20_trajectories_dynamic.json,1834,0.031029,0.713224,-0.596049,0.032809,RIGHT_TO_LEFT,OUTSIDE_LEFT,,0
GOPR0259U20_trajectories_dynamic.json,1847,0.085572,0.693391,-0.401911,0.089780,RIGHT_TO_LEFT,OUTSIDE_LEFT,,
GOPR0259U20_trajectories_dynamic.json,1864,0.730121,0.894326,0.245804,0.435130,LEFT_TO_RIGHT,OUTSIDE_RIGHT,,0
GOPR0259U20_trajectories_dynamic.json,1880,0.878820,0.854458,0.264098,0.244536,LEFT_TO_RIGHT,OUTSIDE_RIGHT,,0
GOPR0259U20_trajectories_dynamic.json,1918,0.934816,0.843608,0.798734,0.279502,LEFT_TO_RIGHT,OUTSIDE_RIGHT,,0
GOPR0259U20_trajectories_dynamic.json,1942,0.215865,0.767681,-0.356319,0.268427,RIGHT_TO_LEFT,OUTSIDE_LEFT,,0
GOPR0259U20_trajectories_dynamic.json,1955,0.914488,0.787559,0.068636,0.179259,LEFT_TO_RIGHT,OUTSIDE_RIGHT,,
GOPR0259U20_trajectories_dynamic.json,1960,0.521433,0.508773,0.081614,0.038724,LEFT_TO_RIGHT,INSIDE_MOVING_RIGHT,0.000000,0
GOPR0259U20_trajectories_dynamic.json,1961,0.096772,0.653569,-0.342578,0.172843,RIGHT_TO_LEFT,OUTSIDE_LEFT,,0
GOPR0259U20_trajectories_dynamic.json,1964,0.424687,0.659026,0.039249,-0.035446,LEFT_TO_RIGHT,INSIDE_MOVING_RIGHT,0.000000,0
GOPR0259U20_trajectories_dynamic.json,2020,0.474526,0.691580,-0.053968,0.019722,VERTICAL,INSIDE_MOVING_LEFT,0.000000,0
GOPR0259U20_trajectories_dynamic.json,2030,0.438931,0.713342,-0.271269,0.071139,RIGHT_TO_LEFT,INSIDE_MOVING_LEFT,0.000000,0
GOPR0259U20_trajectories_dynamic.json,2040,0.037157,0.782050,-0.541170,-0.029986,RIGHT_TO_LEFT,OUTSIDE_LEFT,,0
GOPR0259U20_trajectories_dynamic.json,2041,0.787118,0.820133,0.491441,0.299938,RIGHT_TO_LEFT,OUTSIDE_RIGHT,,5
GOPR0259U20_trajectories_dynamic.json,2046,0.072275,0.722349,-0.545112,-0.095392,RIGHT_TO_LEFT,OUTSIDE_LEFT,,40
GOPR0259U20_trajectories_dynamic.json,2062,0.306522,0.901553,-0.316036,0.014400,VERTICAL,OUTSIDE_LEFT,,7
GOPR0259U20_trajectories_dynamic.json,2082,0.181224,0.977610,-0.102540,0.219000,LEFT_TO_RIGHT,OUTSIDE_LEFT,,15
GOPR0259U20_trajectories_dynamic.json,2083,0.863602,0.800173,0.447253,0.125657,LEFT_TO_RIGHT,OUTSIDE_RIGHT,,0
GOPR0259U20_trajectories_dynamic.json,2096,0.813648,0.838198,-0.077103,-0.006482,LEFT_TO_RIGHT,APPROACHING_FROM_RIGHT,2.122459,
GOPR0259U20_trajectories_dynamic.json,2115,0.503000,0.644525,0.314671,0.168202,LEFT_TO_RIGHT,INSIDE_MOVING_RIGHT,0.000000,11
GOPR0259U20_trajectories_dynamic.json,2122,0.558036,0.651726,0.028808,0.030656,LEFT_TO_RIGHT,INSIDE_STATIONARY,0.000000,0
GOPR0259U20_trajectories_dynamic.json,2129,0.915422,0.881713,0.338371,0.313834,LEFT_TO_RIGHT,OUTSIDE_RIGHT,,0
GOPR0259U20_trajectories_dynamic.json,2132,0.029984,0.642647,-0.470260,0.080715,RIGHT_TO_LEFT,OUTSIDE_LEFT,,3
GOPR0259U20_trajectories_dynamic.json,2161,0.440859,0.765723,0.087239,0.089436,LEFT_TO_RIGHT,INSIDE_MOVING_RIGHT,0.000000,0
GOPR0259U20_trajectories_dynamic.json,2183,0.110973,0.709739,-0.632452,-0.020622,RIGHT_TO_LEFT,OUTSIDE_LEFT,,0
GOPR0259U20_trajectories_dynamic.json,2189,0.179234,0.820074,-0.721911,0.044041,RIGHT_TO_LEFT,OUTSIDE_LEFT,,0
GOPR0259U20_trajectories_dynamic.json,2194,0.022874,0.729597,-0.994458,0.086568,RIGHT_TO_LEFT,OUTSIDE_LEFT,,7
GOPR0259U20_trajectories_dynamic.json,2234,0.919613,0.816416,0.182851,0.126362,LEFT_TO_RIGHT,OUTSIDE_RIGHT,,0
GOPR0259U20_trajectories_dynamic.json,2259,0.892055,0.928746,0.277290,0.224838,LEFT_TO_RIGHT,OUTSIDE_RIGHT,,3
GOPR0259U20_trajectories_dynamic.json,2294,0.679221,0.695207,0.176140,-0.020258,LEFT_TO_RIGHT,OUTSIDE_RIGHT,,0
GOPR0259U20_trajectories_dynamic.json,2307,0.896141,0.917857,0.045290,0.054555,LEFT_TO_RIGHT,OUTSIDE_RIGHT,,0
GOPR0259U20_trajectories_dynamic.json,2358,0.706734,0.854469,0.295940,0.396270,LEFT_TO_RIGHT,OUTSIDE_RIGHT,,0
GOPR0259U20_trajectories_dynamic.json,2368,0.286165,0.807451,-0.471704,0.267571,RIGHT_TO_LEFT,OUTSIDE_LEFT,,0
GOPR0259U20_trajectories_dynamic.json,2371,0.142562,0.908811,-0.430246,0.425865,RIGHT_TO_LEFT,OUTSIDE_LEFT,,0
GOPR0259U20_trajectories_dynamic.json,2373,0.770866,1.000000,0.313477,0.684694,LEFT_TO_RIGHT,OUTSIDE_RIGHT,,0
GOPR0259U20_trajectories_dynamic.json,2390,0.907340,0.773061,0.426002,0.104443,LEFT_TO_RIGHT,OUTSIDE_RIGHT,,
GOPR0259U20_trajectories_dynamic.json,2416,0.726048,0.760292,0.329336,0.112797,LEFT_TO_RIGHT,OUTSIDE_RIGHT,,1
GOPR0259U20_trajectories_dynamic.json,2427,0.102839,0.852665,-0.441210,0.342894,RIGHT_TO_LEFT,OUTSIDE_LEFT,,0
GOPR0260U20_trajectories_dynamic.json,7,0.749481,0.780237,0.317717,0.292953,LEFT_TO_RIGHT,OUTSIDE_RIGHT,,0
GOPR0260U20_trajectories_dynamic.json,10,0.757661,0.876222,0.317086,0.391816,LEFT_TO_RIGHT,OUTSIDE_RIGHT,,0
GOPR0260U20_trajectories_dynamic.json,26,0.954191,0.878081,0.494693,0.267231,LEFT_TO_RIGHT,OUTSIDE_RIGHT,,
GOPR0260U20_trajectories_dynamic.json,29,0.886969,0.979437,0.247640,0.173825,LEFT_TO_RIGHT,OUTSIDE_RIGHT,,0
GOPR0260U20_trajectories_dynamic.json,45,0.324852,0.796600,-0.350246,0.061688,RIGHT_TO_LEFT,OUTSIDE_LEFT,,0
GOPR0260U20_trajectories_dynamic.json,66,0.498962,0.725960,0.037893,0.035804,LEFT_TO_RIGHT,INSIDE_MOVING_RIGHT,0.000000,0
GOPR0260U20_trajectories_dynamic.json,67,0.536623,0.731339,-0.066508,0.070359,LEFT_TO_RIGHT,INSIDE_MOVING_LEFT,0.000000,0
GOPR0260U20_trajectories_dynamic.json,73,0.535671,0.709762,0.073571,0.015412,LEFT_TO_RIGHT,INSIDE_MOVING_RIGHT,0.000000,0
GOPR0260U20_trajectories_dynamic.json,75,0.050906,0.887043,-0.402998,0.163201,RIGHT_TO_LEFT,OUTSIDE_LEFT,,0
GOPR0260U20_trajectories_dynamic.json,106,0.041745,0.787458,-0.330629,0.091405,RIGHT_TO_LEFT,OUTSIDE_LEFT,,0
GOPR0260U20_trajectories_dynamic.json,110,0.030044,0.803830,-0.536956,0.078383,RIGHT_TO_LEFT,OUTSIDE_LEFT,,0
GOPR0260U20_trajectories_dynamic.json,113,0.024924,0.827360,-0.092927,0.146516,RIGHT_TO_LEFT,OUTSIDE_LEFT,,
GOPR0260U20_trajectories_dynamic.json,116,0.837074,0.910612,0.609978,0.264344,LEFT_TO_RIGHT,OUTSIDE_RIGHT,,0
GOPR0260U20_trajectories_dynamic.json,117,0.289198,0.838213,-0.311040,0.227173,RIGHT_TO_LEFT,OUTSIDE_LEFT,,0
GOPR0260U20_trajectories_dynamic.json,134,0.071290,0.850870,0.068414,-0.051628,RIGHT_TO_LEFT,APPROACHING_FROM_LEFT,4.073875,
GOPR0260U20_trajectories_dynamic.json,136,0.689384,0.932387,0.214418,0.409800,LEFT_TO_RIGHT,OUTSIDE_RIGHT,,0
GOPR0260U20_trajectories_dynamic.json,140,0.883863,0.948534,0.464101,0.216609,LEFT_TO_RIGHT,OUTSIDE_RIGHT,,0
GOPR0260U20_trajectories_dynamic.json,145,0.959277,0.825524,0.272707,0.144526,LEFT_TO_RIGHT,OUTSIDE_RIGHT,,
GOPR0260U20_trajectories_dynamic.json,178,0.509150,0.722315,0.001794,0.084328,LEFT_TO_RIGHT,INSIDE_STATIONARY,0.000000,0
GOPR0260U20_trajectories_dynamic.json,186,0.497896,0.709672,0.106816,0.035236,LEFT_TO_RIGHT,INSIDE_MOVING_RIGHT,0.000000,0
GOPR0260U20_trajectories_dynamic.json,188,0.060073,0.917871,-0.607097,0.344047,RIGHT_TO_LEFT,OUTSIDE_LEFT,,
GOPR0260U20_trajectories_dynamic.json,190,0.785131,0.791110,0.106685,-0.038172,LEFT_TO_RIGHT,OUTSIDE_RIGHT,,
GOPR0262U20_trajectories_dynamic.json,0,0.376864,0.735026,-0.062984,0.100642,RIGHT_TO_LEFT,INSIDE_MOVING_LEFT,0.000000,0
GOPR0262U20_trajectories_dynamic.json,1,0.877809,0.796580,0.553623,0.230295,LEFT_TO_RIGHT,OUTSIDE_RIGHT,,0
GOPR0262U20_trajectories_dynamic.json,7,0.846223,0.850885,0.547925,0.301922,LEFT_TO_RIGHT,OUTSIDE_RIGHT,,0
GOPR0262U20_trajectories_dynamic.json,9,0.414449,0.709561,-0.104235,0.076975,VERTICAL,INSIDE_MOVING_LEFT,0.000000,0
GOPR0262U20_trajectories_dynamic.json,20,0.474607,0.742247,-0.013748,-0.004406,RIGHT_TO_LEFT,INSIDE_STATIONARY,0.000000,0
GOPR0262U20_trajectories_dynamic.json,28,0.435836,0.744083,-0.084951,0.000360,VERTICAL,INSIDE_MOVING_LEFT,0.000000,0
GOPR0262U20_trajectories_dynamic.json,54,0.072308,1.000000,-0.409307,0.350020,RIGHT_TO_LEFT,OUTSIDE_LEFT,,0
GOPR0262U20_trajectories_dynamic.json,63,0.195512,1.000000,-0.270495,0.146108,RIGHT_TO_LEFT,OUTSIDE_LEFT,,0
GOPR0262U20_trajectories_dynamic.json,64,0.839145,1.000000,0.362593,0.459753,LEFT_TO_RIGHT,OUTSIDE_RIGHT,,0
GOPR0262U20_trajectories_dynamic.json,75,0.715893,1.000000,0.371615,0.464196,LEFT_TO_RIGHT,OUTSIDE_RIGHT,,0
GOPR0262U20_trajectories_dynamic.json,76,0.356410,0.740426,-0.020270,-0.091096,VERTICAL,INSIDE_STATIONARY,0.000000,0
GOPR0262U20_trajectories_dynamic.json,128,0.896074,0.937821,0.630106,0.181714,LEFT_TO_RIGHT,OUTSIDE_RIGHT,,4
GOPR0262U20_trajectories_dynamic.json,182,0.049915,0.885249,-0.531795,0.280409,RIGHT_TO_LEFT,OUTSIDE_LEFT,,1
GOPR0262U20_trajectories_dynamic.json,203,0.123207,0.897956,-0.407956,0.192038,RIGHT_TO_LEFT,OUTSIDE_LEFT,,0
GOPR0262U20_trajectories_dynamic.json,213,0.082503,0.896121,-0.391798,0.193577,RIGHT_TO_LEFT,OUTSIDE_LEFT,,1
GOPR0262U20_trajectories_dynamic.json,232,0.136433,0.935904,-0.352210,0.337680,RIGHT_TO_LEFT,OUTSIDE_LEFT,,0
GOPR0262U20_trajectories_dynamic.json,244,0.843176,1.000000,0.556643,0.407019,LEFT_TO_RIGHT,OUTSIDE_RIGHT,,0
GOPR0262U20_trajectories_dynamic.json,259,0.579430,0.295039,0.013202,-0.057638,LEFT_TO_RIGHT,INSIDE_STATIONARY,0.000000,0
GOPR0262U20_trajectories_dynamic.json,270,0.824875,0.957665,0.570763,0.441587,LEFT_TO_RIGHT,OUTSIDE_RIGHT,,0
GOPR0262U20_trajectories_dynamic.json,343,0.178157,0.764014,-0.485309,0.105512,RIGHT_TO_LEFT,OUTSIDE_LEFT,,0
GOPR0262U20_trajectories_dynamic.json,346,0.074351,0.794732,-0.805461,0.120864,RIGHT_TO_LEFT,OUTSIDE_LEFT,,0
GOPR0262U20_trajectories_dynamic.json,398,0.134463,0.800223,-0.504830,0.096941,RIGHT_TO_LEFT,OUTSIDE_LEFT,,11
GOPR0262U20_trajectories_dynamic.json,415,0.288188,0.763939,-0.043805,0.091054,RIGHT_TO_LEFT,OUTSIDE_LEFT,,0
GOPR0262U20_trajectories_dynamic.json,425,0.092652,0.713233,-0.512504,0.071451,RIGHT_TO_LEFT,OUTSIDE_LEFT,,0
GOPR0262U20_trajectories_dynamic.json,429,0.438868,0.707956,-0.046849,0.017559,VERTICAL,INSIDE_MOVING_LEFT,0.000000,0
GOPR0262U20_trajectories_dynamic.json,438,0.131386,0.903367,-0.485259,0.143157,RIGHT_TO_LEFT,OUTSIDE_LEFT,,0
GOPR0262U20_trajectories_dynamic.json,472,0.802427,0.981200,0.354827,0.510038,LEFT_TO_RIGHT,OUTSIDE_RIGHT,,0
GOPR0262U20_trajectories_dynamic.json,569,0.250559,0.961302,-0.134926,0.230284,RIGHT_TO_LEFT,OUTSIDE_LEFT,,0
GOPR0262U20_trajectories_dynamic.json,580,0.128360,0.932311,-0.400313,0.242827,RIGHT_TO_LEFT,OUTSIDE_LEFT,,0
GOPR0262U20_trajectories_dynamic.json,584,0.830988,1.000000,0.497988,0.581417,LEFT_TO_RIGHT,OUTSIDE_RIGHT,,0
GOPR0262U20_trajectories_dynamic.json,622,0.068209,0.941426,-0.457073,0.235616,RIGHT_TO_LEFT,OUTSIDE_LEFT,,4
GOPR0262U20_trajectories_dynamic.json,672,0.180209,0.847215,-0.214575,0.214077,RIGHT_TO_LEFT,OUTSIDE_LEFT,,0
GOPR0262U20_trajectories_dynamic.json,692,0.699615,1.000000,0.550525,0.550730,LEFT_TO_RIGHT,OUTSIDE_RIGHT,,0
GOPR0262U20_trajectories_dynamic.json,711,0.458291,0.705985,0.091418,-0.047932,LEFT_TO_RIGHT,INSIDE_MOVING_RIGHT,0.000000,0
GOPR0262U20_trajectories_dynamic.json,713,0.706707,0.963135,0.300513,0.477601,LEFT_TO_RIGHT,OUTSIDE_RIGHT,,0
GOPR0262U20_trajectories_dynamic.json,790,0.048867,0.939559,-0.539224,0.261189,RIGHT_TO_LEFT,OUTSIDE_LEFT,,0
GOPR0262U20_trajectories_dynamic.json,826,0.049354,0.874389,-0.232236,0.135723,RIGHT_TO_LEFT,OUTSIDE_LEFT,,0
GOPR0262U20_trajectories_dynamic.json,834,0.029975,0.840003,-0.217600,-0.023527,RIGHT_TO_LEFT,OUTSIDE_LEFT,,0
GOPR0262U20_trajectories_dynamic.json,839,0.172103,0.630030,-0.106784,-0.014560,RIGHT_TO_LEFT,OUTSIDE_LEFT,,
GOPR0262U20_trajectories_dynamic.json,840,0.912434,0.825665,0.586726,0.221938,LEFT_TO_RIGHT,OUTSIDE_RIGHT,,0
GOPR0262U20_trajectories_dynamic.json,842,0.728084,0.939576,0.190400,0.370294,LEFT_TO_RIGHT,OUTSIDE_RIGHT,,0
GOPR0262U20_trajectories_dynamic.json,893,0.472529,0.706099,0.064283,0.056994,LEFT_TO_RIGHT,INSIDE_MOVING_RIGHT,0.000000,9
GOPR0262U20_trajectories_dynamic.json,948,0.126277,1.000000,-0.414210,0.430302,RIGHT_TO_LEFT,OUTSIDE_LEFT,,0
GOPR0262U20_trajectories_dynamic.json,949,0.848320,0.897987,0.443310,0.385724,LEFT_TO_RIGHT,OUTSIDE_RIGHT,,0
GOPR0262U20_trajectories_dynamic.json,1142,0.813640,1.000000,0.840068,0.258798,LEFT_TO_RIGHT,OUTSIDE_RIGHT,,41
GOPR0262U20_trajectories_dynamic.json,1145,0.715867,0.763943,0.134867,-0.004775,LEFT_TO_RIGHT,OUTSIDE_RIGHT,,0
GOPR0262U20_trajectories_dynamic.json,1147,0.886977,0.874390,0.397633,0.350558,LEFT_TO_RIGHT,OUTSIDE_RIGHT,,
GOPR0262U20_trajectories_dynamic.json,1152,0.930785,0.767586,0.561972,0.074267,LEFT_TO_RIGHT,OUTSIDE_RIGHT,,0
GOPR0262U20_trajectories_dynamic.json,1172,0.914496,0.704228,0.128809,-0.002260,LEFT_TO_RIGHT,OUTSIDE_RIGHT,,
GOPR0262U20_trajectories_dynamic.json,1250,0.885957,0.800223,0.558535,0.136360,LEFT_TO_RIGHT,OUTSIDE_RIGHT,,4
GOPR0262U20_trajectories_dynamic.json,1282,0.685388,0.934110,0.508461,0.369813,LEFT_TO_RIGHT,OUTSIDE_RIGHT,,10
GOPR0262U20_trajectories_dynamic.json,1306,0.104848,0.843585,0.011468,0.227337,RIGHT_TO_LEFT,OUTSIDE_LEFT,21.377049,
GOPR0262U20_trajectories_dynamic.json,1345,0.845145,0.879908,0.560525,0.293299,LEFT_TO_RIGHT,OUTSIDE_RIGHT,,0
GOPR0262U20_trajectories_dynamic.json,1353,0.042752,0.738637,-0.569614,0.123519,RIGHT_TO_LEFT,OUTSIDE_LEFT,,11
GOPR0262U20_trajectories_dynamic.json,1357,0.206708,0.917883,-0.414523,0.312296,RIGHT_TO_LEFT,OUTSIDE_LEFT,,0
GOPR0262U20_trajectories_dynamic.json,1359,0.114080,0.859965,-0.702010,0.318305,RIGHT_TO_LEFT,OUTSIDE_LEFT,,0
GOPR0262U20_trajectories_dynamic.json,1361,0.350302,0.762099,-0.186812,0.128823,RIGHT_TO_LEFT,INSIDE_MOVING_LEFT,0.000000,13
GOPR0262U20_trajectories_dynamic.json,1440,0.686425,0.995635,0.765870,0.425677,LEFT_TO_RIGHT,OUTSIDE_RIGHT,,0
GOPR0262U20_trajectories_dynamic.json,1494,0.026447,0.733183,-0.434349,0.050476,RIGHT_TO_LEFT,OUTSIDE_LEFT,,0
GOPR0262U20_trajectories_dynamic.json,1509,0.601800,0.760357,-0.045394,-0.093168,LEFT_TO_RIGHT,INSIDE_MOVING_LEFT,0.000000,0
GOPR0262U20_trajectories_dynamic.json,1528,0.917543,0.774824,0.211215,0.135335,LEFT_TO_RIGHT,OUTSIDE_RIGHT,,
GOPR0262U20_trajectories_dynamic.json,1531,0.680207,0.678928,0.003875,-0.094930,RIGHT_TO_LEFT,OUTSIDE_RIGHT,,
GOPR0262U20_trajectories_dynamic.json,1631,0.906332,0.901577,0.369462,0.183649,LEFT_TO_RIGHT,OUTSIDE_RIGHT,,0
GOPR0262U20_trajectories_dynamic.json,1651,0.512214,0.820109,0.232534,0.137261,LEFT_TO_RIGHT,INSIDE_MOVING_RIGHT,0.000000,21
GOPR0262U20_trajectories_dynamic.json,1666,0.284105,0.671686,0.269514,0.006863,LEFT_TO_RIGHT,APPROACHING_FROM_LEFT,0.244495,
GOPR0262U20_trajectories_dynamic.json,1678,0.538671,0.720545,0.210164,0.077772,LEFT_TO_RIGHT,INSIDE_MOVING_RIGHT,0.000000,9
GOPR0262U20_trajectories_dynamic.json,1743,0.921574,0.858083,0.232322,0.157736,LEFT_TO_RIGHT,OUTSIDE_RIGHT,,0
GOPR0262U20_trajectories_dynamic.json,1749,0.030011,0.859899,-0.633393,0.346288,RIGHT_TO_LEFT,OUTSIDE_LEFT,,
GOPR0262U20_trajectories_dynamic.json,1764,0.879891,1.000000,0.682716,0.315308,LEFT_TO_RIGHT,OUTSIDE_RIGHT,,0
GOPR0262U20_trajectories_dynamic.json,1820,0.122218,0.850856,-0.133119,0.206478,RIGHT_TO_LEFT,OUTSIDE_LEFT,,0
GOPR0262U20_trajectories_dynamic.json,1821,0.245434,0.870732,-0.151149,0.256031,RIGHT_TO_LEFT,OUTSIDE_LEFT,,0
GOPR0262U20_trajectories_dynamic.json,1938,0.241336,0.925097,-0.390037,0.121040,RIGHT_TO_LEFT,OUTSIDE_LEFT,,18
GOPR0262U20_trajectories_dynamic.json,2009,0.752573,1.000000,0.450018,0.535514,LEFT_TO_RIGHT,OUTSIDE_RIGHT,,0
GOPR0262U20_trajectories_dynamic.json,2026,0.130338,0.961319,-0.192990,0.270410,RIGHT_TO_LEFT,OUTSIDE_LEFT,,33
GOPR0262U20_trajectories_dynamic.json,2073,0.523442,0.704137,0.150968,-0.001374,LEFT_TO_RIGHT,INSIDE_MOVING_RIGHT,0.000000,10
GOPR0262U20_trajectories_dynamic.json,2141,0.068267,0.903366,-0.316083,0.069900,RIGHT_TO_LEFT,OUTSIDE_LEFT,,0
GOPR0262U20_trajectories_dynamic.json,2142,0.404271,0.653638,0.040561,-0.074178,VERTICAL,INSIDE_MOVING_RIGHT,0.000000,0
GOPR0262U20_trajectories_dynamic.json,2164,0.489845,0.789262,-0.082781,-0.104582,RIGHT_TO_LEFT,INSIDE_MOVING_LEFT,0.000000,0
GOPR0262U20_trajectories_dynamic.json,2172,0.037668,0.906972,-0.272740,0.083573,RIGHT_TO_LEFT,OUTSIDE_LEFT,,
GOPR0262U20_trajectories_dynamic.json,2183,0.503074,0.684426,0.211174,0.026909,LEFT_TO_RIGHT,INSIDE_MOVING_RIGHT,0.000000,0
GOPR0262U20_trajectories_dynamic.json,2215,0.507088,0.764004,-0.102606,-0.096286,RIGHT_TO_LEFT,INSIDE_MOVING_LEFT,0.000000,0
GOPR0262U20_trajectories_dynamic.json,2222,0.323848,0.881664,-0.385513,-0.016067,RIGHT_TO_LEFT,OUTSIDE_LEFT,,0
GOPR0262U20_trajectories_dynamic.json,2272,0.209791,0.963126,-0.698579,0.212380,RIGHT_TO_LEFT,OUTSIDE_LEFT,,0
GOPR0262U20_trajectories_dynamic.json,2280,0.493920,0.722322,0.030886,0.061452,LEFT_TO_RIGHT,INSIDE_MOVING_RIGHT,0.000000,0
GOPR0262U20_trajectories_dynamic.json,2329,0.707755,0.727706,0.276104,0.051727,LEFT_TO_RIGHT,OUTSIDE_RIGHT,,0
GOPR0262U20_trajectories_dynamic.json,2335,0.634489,0.680694,-0.276730,-0.038004,RIGHT_TO_LEFT,INSIDE_MOVING_LEFT,0.000000,25
GOPR0262U20_trajectories_dynamic.json,2347,0.348299,0.691546,-0.034489,-0.086613,VERTICAL,OUTSIDE_LEFT,,0
GOPR0262U20_trajectories_dynamic.json,2353,0.254575,0.680793,0.054549,-0.130723,VERTICAL,APPROACHING_FROM_LEFT,1.749352,8
GOPR0262U20_trajectories_dynamic.json,2372,0.383886,0.970333,-0.455342,0.140047,RIGHT_TO_LEFT,INSIDE_MOVING_LEFT,0.000000,8
GOPR0262U20_trajectories_dynamic.json,2423,0.714893,1.000000,0.513027,0.591652,LEFT_TO_RIGHT,OUTSIDE_RIGHT,,0
GOPR0262U20_trajectories_dynamic.json,2463,0.786159,0.807423,0.448103,0.416874,LEFT_TO_RIGHT,OUTSIDE_RIGHT,,0
GOPR0262U20_trajectories_dynamic.json,2524,0.320754,0.738674,-0.329974,0.002199,RIGHT_TO_LEFT,OUTSIDE_LEFT,,7
GOPR0263U20_trajectories_dynamic.json,8,0.050928,0.821890,-0.395258,0.185887,RIGHT_TO_LEFT,OUTSIDE_LEFT,,0
GOPR0263U20_trajectories_dynamic.json,9,0.041754,0.821849,-0.482236,0.288971,RIGHT_TO_LEFT,OUTSIDE_LEFT,,0
GOPR0263U20_trajectories_dynamic.json,11,0.950117,0.968598,0.399396,0.242937,LEFT_TO_RIGHT,OUTSIDE_RIGHT,,
GOPR0263U20_trajectories_dynamic.json,25,0.102844,0.682502,-0.282585,0.065090,RIGHT_TO_LEFT,OUTSIDE_LEFT,,0
GOPR0263U20_trajectories_dynamic.json,32,0.888020,1.000000,0.526080,0.565454,LEFT_TO_RIGHT,OUTSIDE_RIGHT,,0
GOPR0263U20_trajectories_dynamic.json,60,0.121155,0.972122,-0.918124,0.552189,RIGHT_TO_LEFT,OUTSIDE_LEFT,,10
GOPR0263U20_trajectories_dynamic.json,111,0.784068,0.961317,0.330618,0.357465,LEFT_TO_RIGHT,OUTSIDE_RIGHT,,0
GOPR0263U20_trajectories_dynamic.json,116,0.876773,0.879852,0.212773,0.274907,LEFT_TO_RIGHT,OUTSIDE_RIGHT,,0
GOPR0263U20_trajectories_dynamic.json,147,0.903266,0.930548,0.518419,0.027761,LEFT_TO_RIGHT,OUTSIDE_RIGHT,,0
GOPR0263U20_trajectories_dynamic.json,177,0.399199,0.678806,0.043201,0.040491,VERTICAL,INSIDE_MOVING_RIGHT,0.000000,0
GOPR0263U20_trajectories_dynamic.json,178,0.045808,0.642715,-0.402802,0.081795,RIGHT_TO_LEFT,OUTSIDE_LEFT,,
GOPR0263U20_trajectories_dynamic.json,215,0.037159,0.787499,-0.129878,0.175218,RIGHT_TO_LEFT,OUTSIDE_LEFT,,
GOPR0263U20_trajectories_dynamic.json,228,0.266782,0.696978,0.085001,0.072622,RIGHT_TO_LEFT,APPROACHING_FROM_LEFT,0.979022,0
GOPR0263U20_trajectories_dynamic.json,230,0.305460,0.711490,-0.034799,0.058963,RIGHT_TO_LEFT,OUTSIDE_LEFT,,0
GOPR0263U20_trajectories_dynamic.json,252,0.823848,0.939547,0.426058,0.447103,LEFT_TO_RIGHT,OUTSIDE_RIGHT,,0
GOPR0263U20_trajectories_dynamic.json,282,0.069288,0.905132,0.120916,0.055935,RIGHT_TO_LEFT,APPROACHING_FROM_LEFT,2.321545,2
GOPR0263U20_trajectories_dynamic.json,290,0.842145,0.792926,0.458169,0.269548,LEFT_TO_RIGHT,OUTSIDE_RIGHT,,0
GOPR0263U20_trajectories_dynamic.json,363,0.955180,0.760281,0.355042,0.195550,LEFT_TO_RIGHT,OUTSIDE_RIGHT,,
GOPR0263U20_trajectories_dynamic.json,404,0.473513,0.662542,0.121436,0.010500,LEFT_TO_RIGHT,INSIDE_MOVING_RIGHT,0.000000,0
GOPR0263U20_trajectories_dynamic.json,484,0.080421,0.928745,-0.334304,0.097084,RIGHT_TO_LEFT,OUTSIDE_LEFT,,0
GOPR0263U20_trajectories_dynamic.json,629,0.127299,1.000000,-0.680690,0.268774,RIGHT_TO_LEFT,OUTSIDE_LEFT,,0
GOPR0263U20_trajectories_dynamic.json,705,0.162941,0.852651,-0.230018,0.096256,RIGHT_TO_LEFT,OUTSIDE_LEFT,,0
GOPR0263U20_trajectories_dynamic.json,775,0.343184,1.000000,-0.418457,0.153811,RIGHT_TO_LEFT,OUTSIDE_LEFT,,0
GOPR0263U20_trajectories_dynamic.json,963,0.749482,0.997537,0.530738,0.499556,LEFT_TO_RIGHT,OUTSIDE_RIGHT,,0
GOPR0263U20_trajectories_dynamic.json,997,0.554968,0.720515,0.173062,0.047404,LEFT_TO_RIGHT,INSIDE_MOVING_RIGHT,0.000000,20
GOPR0263U20_trajectories_dynamic.json,1140,0.110988,0.910627,-0.125026,0.148278,RIGHT_TO_LEFT,OUTSIDE_LEFT,,0
GOPR0263U20_trajectories_dynamic.json,1141,0.165980,0.941388,-0.336971,0.357965,RIGHT_TO_LEFT,OUTSIDE_LEFT,,0
GOPR0263U20_trajectories_dynamic.json,1146,0.793297,0.917941,0.446273,0.381096,LEFT_TO_RIGHT,OUTSIDE_RIGHT,,0
GOPR0263U20_trajectories_dynamic.json,1200,0.927687,0.738546,0.322584,-0.047639,LEFT_TO_RIGHT,OUTSIDE_RIGHT,,
GOPR0263U20_trajectories_dynamic.json,1222,0.176163,0.669769,0.161334,0.026589,RIGHT_TO_LEFT,APPROACHING_FROM_LEFT,1.077496,
GOPR0263U20_trajectories_dynamic.json,1258,0.045780,0.617266,-0.040319,0.049625,RIGHT_TO_LEFT,OUTSIDE_LEFT,,
GOPR0263U20_trajectories_dynamic.json,1279,0.186332,0.729494,-0.215893,0.088154,RIGHT_TO_LEFT,OUTSIDE_LEFT,,0
GOPR0263U20_trajectories_dynamic.json,1328,0.225018,0.713328,-0.168960,0.061373,RIGHT_TO_LEFT,OUTSIDE_LEFT,,
GOPR0263U20_trajectories_dynamic.json,1358,0.875730,0.867180,0.319443,0.273010,LEFT_TO_RIGHT,OUTSIDE_RIGHT,,0
GOPR0263U20_trajectories_dynamic.json,1359,0.954188,0.905108,0.464617,0.427567,LEFT_TO_RIGHT,OUTSIDE_RIGHT,,
GOPR0263U20_trajectories_dynamic.json,1376,0.390061,0.738515,-0.152676,0.094951,RIGHT_TO_LEFT,INSIDE_MOVING_LEFT,0.000000,0
GOPR0263U20_trajectories_dynamic.json,1414,0.869621,0.923300,0.463302,0.246376,LEFT_TO_RIGHT,OUTSIDE_RIGHT,,0
GOPR0263U20_trajectories_dynamic.json,1448,0.067204,0.809274,-0.311005,0.137053,RIGHT_TO_LEFT,OUTSIDE_LEFT,,0
GOPR0263U20_trajectories_dynamic.json,1460,0.113048,0.879789,-0.356217,0.261472,RIGHT_TO_LEFT,OUTSIDE_LEFT,,0
GOPR0263U20_trajectories_dynamic.json,1470,0.103888,0.910602,-0.419517,0.318069,RIGHT_TO_LEFT,OUTSIDE_LEFT,,0
GOPR0263U20_trajectories_dynamic.json,1543,0.056034,0.999303,-0.222945,0.397517,RIGHT_TO_LEFT,OUTSIDE_LEFT,,
GOPR0263U20_trajectories_dynamic.json,1547,0.076320,0.878028,-0.460960,0.190403,RIGHT_TO_LEFT,OUTSIDE_LEFT,,
GOPR0263U20_trajectories_dynamic.json,1553,0.244407,0.622686,0.042781,-0.014877,LEFT_TO_RIGHT,APPROACHING_FROM_LEFT,2.468245,
GOPR0263U20_trajectories_dynamic.json,1562,0.014787,0.675245,-0.007431,0.050587,RIGHT_TO_LEFT,OUTSIDE_LEFT,,
GOPR0263U20_trajectories_dynamic.json,1565,0.016777,0.646294,-0.001232,0.047502,RIGHT_TO_LEFT,OUTSIDE_LEFT,,
GOPR0263U20_trajectories_dynamic.json,1575,0.113995,0.754967,-0.305000,0.156328,RIGHT_TO_LEFT,OUTSIDE_LEFT,,
GOPR0263U20_trajectories_dynamic.json,2068,0.109948,0.735035,-0.237297,0.057973,RIGHT_TO_LEFT,OUTSIDE_LEFT,,0
GOPR0263U20_trajectories_dynamic.json,2166,0.800445,0.791058,-0.113146,0.125215,RIGHT_TO_LEFT,APPROACHING_FROM_RIGHT,1.329653,
GOPR0263U20_trajectories_dynamic.json,2205,0.127340,0.688009,-0.357402,0.036646,RIGHT_TO_LEFT,OUTSIDE_LEFT,,0
GOPR0263U20_trajectories_dynamic.json,2207,0.019846,0.657158,-0.448482,0.048006,RIGHT_TO_LEFT,OUTSIDE_LEFT,,0
GOPR0263U20_trajectories_dynamic.json,2209,0.580475,0.705958,-0.112999,0.059885,RIGHT_TO_LEFT,INSIDE_MOVING_LEFT,0.000000,23
GOPR0263U20_trajectories_dynamic.json,2213,0.089649,0.819997,-0.615334,0.084504,RIGHT_TO_LEFT,OUTSIDE_LEFT,,8
GOPR0263U20_trajectories_dynamic.json,2219,0.206703,0.820042,-0.330301,0.199536,RIGHT_TO_LEFT,OUTSIDE_LEFT,,5
GOPR0263U20_trajectories_dynamic.json,2231,0.170050,0.858154,-0.332094,0.229221,RIGHT_TO_LEFT,OUTSIDE_LEFT,,0
GOPR0263U20_trajectories_dynamic.json,2233,0.717912,0.800238,0.016230,0.122990,RIGHT_TO_LEFT,OUTSIDE_RIGHT,,
GOPR0263U20_trajectories_dynamic.json,2272,0.651701,0.756685,0.157850,0.087039,LEFT_TO_RIGHT,OUTSIDE_RIGHT,,0
GOPR0263U20_trajectories_dynamic.json,2280,0.834031,0.926999,0.376334,0.384868,LEFT_TO_RIGHT,OUTSIDE_RIGHT,,0
GOPR0263U20_trajectories_dynamic.json,2305,0.098760,0.950433,-0.445424,0.310700,RIGHT_TO_LEFT,OUTSIDE_LEFT,,0
GOPR0263U20_trajectories_dynamic.json,2344,0.501014,0.747653,0.131742,0.088865,RIGHT_TO_LEFT,INSIDE_MOVING_RIGHT,0.000000,3
GOPR0263U20_trajectories_dynamic.json,2439,0.089613,0.901508,-0.178533,0.056415,RIGHT_TO_LEFT,OUTSIDE_LEFT,,
GOPR0263U20_trajectories_dynamic.json,2448,0.821805,0.724111,0.286742,0.098082,RIGHT_TO_LEFT,OUTSIDE_RIGHT,,
GOPR0263U20_trajectories_dynamic.json,2578,0.654800,0.725995,0.201999,0.054260,LEFT_TO_RIGHT,OUTSIDE_RIGHT,,0
GOPR0263U20_trajectories_dynamic.json,2589,0.070271,0.722327,-0.239016,0.055081,RIGHT_TO_LEFT,OUTSIDE_LEFT,,
GOPR0263U20_trajectories_dynamic.json,2594,0.889012,0.796620,0.245030,0.068214,LEFT_TO_RIGHT,OUTSIDE_RIGHT,,0
GOPR0263U20_trajectories_dynamic.json,2612,0.018828,0.682451,-0.483472,0.071677,RIGHT_TO_LEFT,OUTSIDE_LEFT,,
GOPR0263U20_trajectories_dynamic.json,2682,0.560050,0.771208,0.052838,0.150357,LEFT_TO_RIGHT,INSIDE_MOVING_RIGHT,0.000000,0
GOPR0263U20_trajectories_dynamic.json,2735,0.038146,0.885326,-0.790296,0.214361,RIGHT_TO_LEFT,OUTSIDE_LEFT,,0
GOPR0263U20_trajectories_dynamic.json,2802,0.782114,0.888903,0.214367,0.370481,LEFT_TO_RIGHT,OUTSIDE_RIGHT,,
GOPR0263U20_trajectories_dynamic.json,2856,0.054975,0.735010,-0.502029,0.079769,RIGHT_TO_LEFT,OUTSIDE_LEFT,,0
GOPR0263U20_trajectories_dynamic.json,2878,0.097810,0.923233,-0.268226,0.144764,RIGHT_TO_LEFT,OUTSIDE_LEFT,,0
GOPR0263U20_trajectories_dynamic.json,2898,0.713800,0.988498,0.343664,0.575393,LEFT_TO_RIGHT,OUTSIDE_RIGHT,,0
GOPR0263U20_trajectories_dynamic.json,2902,0.744395,0.744094,0.191029,0.045997,LEFT_TO_RIGHT,OUTSIDE_RIGHT,,0
GOPR0263U20_trajectories_dynamic.json,2922,0.872707,0.827390,0.559028,0.180457,LEFT_TO_RIGHT,OUTSIDE_RIGHT,,0
GOPR0263U20_trajectories_dynamic.json,2965,0.847234,0.834553,0.519613,0.178480,LEFT_TO_RIGHT,OUTSIDE_RIGHT,,0
GOPR0263U20_trajectories_dynamic.json,2983,0.926578,0.823645,0.658029,0.186485,LEFT_TO_RIGHT,OUTSIDE_RIGHT,,0
GOPR0263U20_trajectories_dynamic.json,3015,0.855453,1.000000,0.540082,0.430871,LEFT_TO_RIGHT,OUTSIDE_RIGHT,,11
GOPR0263U20_trajectories_dynamic.json,3043,0.912426,0.832751,0.429503,0.188478,LEFT_TO_RIGHT,OUTSIDE_RIGHT,,0
GOPR0263U20_trajectories_dynamic.json,3083,0.917492,0.812840,0.494805,0.315107,LEFT_TO_RIGHT,OUTSIDE_RIGHT,,0
GOPR0263U20_trajectories_dynamic.json,3092,0.932797,0.753149,0.488881,0.024397,LEFT_TO_RIGHT,OUTSIDE_RIGHT,,
GOPR0263U20_trajectories_dynamic.json,3094,0.883934,0.792933,0.511432,0.092155,LEFT_TO_RIGHT,OUTSIDE_RIGHT,,0
GOPR0263U20_trajectories_dynamic.json,3110,0.083495,0.798342,-0.431604,0.378277,RIGHT_TO_LEFT,OUTSIDE_LEFT,,
GOPR0263U20_trajectories_dynamic.json,3128,0.860473,0.856398,0.452454,0.363907,LEFT_TO_RIGHT,OUTSIDE_RIGHT,,0
GOPR0263U20_trajectories_dynamic.json,3184,0.621168,0.687982,0.001752,0.072034,LEFT_TO_RIGHT,INSIDE_STATIONARY,0.000000,4
GOPR0263U20_trajectories_dynamic.json,3188,0.401185,0.711519,0.067450,0.150454,LEFT_TO_RIGHT,INSIDE_MOVING_RIGHT,0.000000,19
GOPR0263U20_trajectories_dynamic.json,3215,0.636461,0.771203,0.299147,0.097781,LEFT_TO_RIGHT,INSIDE_MOVING_RIGHT,0.000000,0
GOPR0263U20_trajectories_dynamic.json,3219,0.740314,0.657226,0.043871,-0.012180,RIGHT_TO_LEFT,OUTSIDE_RIGHT,,
GOPR0263U20_trajectories_dynamic.json,3222,0.813613,0.676983,0.057354,0.002574,RIGHT_TO_LEFT,OUTSIDE_RIGHT,,
GOPR0264U20_trajectories_dynamic.json,4,0.831953,0.631783,0.266038,0.082024,VERTICAL,OUTSIDE_RIGHT,,
GOPR0264U20_trajectories_dynamic.json,34,0.071337,0.747686,-0.351570,0.070510,RIGHT_TO_LEFT,OUTSIDE_LEFT,,
GOPR0264U20_trajectories_dynamic.json,178,0.918547,0.794735,0.052834,0.107772,RIGHT_TO_LEFT,OUTSIDE_RIGHT,,
GOPR0264U20_trajectories_dynamic.json,225,0.877820,1.000000,0.680796,0.345079,LEFT_TO_RIGHT,OUTSIDE_RIGHT,,0
GOPR0264U20_trajectories_dynamic.json,230,0.920531,0.825528,0.511460,0.102847,LEFT_TO_RIGHT,OUTSIDE_RIGHT,,0
GOPR0264U20_trajectories_dynamic.json,268,0.770907,0.740398,0.092410,0.081641,LEFT_TO_RIGHT,OUTSIDE_RIGHT,,
GOPR0264U20_trajectories_dynamic.json,272,0.536745,0.762135,0.396503,-0.014634,LEFT_TO_RIGHT,INSIDE_MOVING_RIGHT,0.000000,0
GOPR0264U20_trajectories_dynamic.json,287,0.067235,0.707813,-0.239366,0.066299,RIGHT_TO_LEFT,OUTSIDE_LEFT,,
GOPR0264U20_trajectories_dynamic.json,306,0.900152,0.800155,0.358406,0.178257,LEFT_TO_RIGHT,OUTSIDE_RIGHT,,0
GOPR0264U20_trajectories_dynamic.json,394,0.119096,0.952303,-0.516192,0.455107,RIGHT_TO_LEFT,OUTSIDE_LEFT,,0
GOPR0264U20_trajectories_dynamic.json,397,0.657828,0.796596,0.338918,0.073245,LEFT_TO_RIGHT,OUTSIDE_RIGHT,,0
GOPR0264U20_trajectories_dynamic.json,409,0.645636,0.964925,0.558851,0.432106,LEFT_TO_RIGHT,INSIDE_MOVING_RIGHT,0.000000,10
GOPR0264U20_trajectories_dynamic.json,416,0.153744,0.997503,-0.248956,0.254793,VERTICAL,OUTSIDE_LEFT,,
GOPR0264U20_trajectories_dynamic.json,417,0.263702,0.700560,-0.087140,-0.104128,RIGHT_TO_LEFT,OUTSIDE_LEFT,,0
GOPR0264U20_trajectories_dynamic.json,437,0.792244,0.839993,-0.150754,-0.174810,LEFT_TO_RIGHT,APPROACHING_FROM_RIGHT,0.943549,
GOPR0264U20_trajectories_dynamic.json,449,0.664986,0.937792,0.252350,0.270263,LEFT_TO_RIGHT,OUTSIDE_RIGHT,,0
GOPR0264U20_trajectories_dynamic.json,499,0.013717,0.720481,-0.347943,0.057853,RIGHT_TO_LEFT,OUTSIDE_LEFT,,0
GOPR0264U20_trajectories_dynamic.json,507,0.354405,0.751281,-0.144218,-0.050336,RIGHT_TO_LEFT,INSIDE_MOVING_LEFT,0.000000,0
GOPR0264U20_trajectories_dynamic.json,513,0.148662,0.925107,-0.189327,-0.080478,RIGHT_TO_LEFT,OUTSIDE_LEFT,,9
GOPR0264U20_trajectories_dynamic.json,515,0.072282,0.657122,-0.112699,-0.054632,RIGHT_TO_LEFT,OUTSIDE_LEFT,,
GOPR0264U20_trajectories_dynamic.json,543,0.872719,0.890711,0.541079,0.369220,LEFT_TO_RIGHT,OUTSIDE_RIGHT,,0
GOPR0264U20_trajectories_dynamic.json,547,0.671063,0.905190,0.728468,0.151304,LEFT_TO_RIGHT,OUTSIDE_RIGHT,,0
GOPR0264U20_trajectories_dynamic.json,549,0.054436,0.935927,-0.405369,0.114956,RIGHT_TO_LEFT,OUTSIDE_LEFT,,12
GOPR0264U20_trajectories_dynamic.json,559,0.051904,0.829160,-0.240709,0.143666,RIGHT_TO_LEFT,OUTSIDE_LEFT,,19
GOPR0264U20_trajectories_dynamic.json,562,0.013768,0.691575,-0.310064,-0.002803,RIGHT_TO_LEFT,OUTSIDE_LEFT,,
GOPR0264U20_trajectories_dynamic.json,601,0.014762,0.610101,-0.331471,0.005095,RIGHT_TO_LEFT,OUTSIDE_LEFT,,
GOPR0264U20_trajectories_dynamic.json,630,0.171066,0.883403,-0.471856,0.235227,RIGHT_TO_LEFT,OUTSIDE_LEFT,,0
GOPR0264U20_trajectories_dynamic.json,685,0.511204,0.702322,-0.076020,0.003095,RIGHT_TO_LEFT,INSIDE_MOVING_LEFT,0.000000,9
GOPR0264U20_trajectories_dynamic.json,688,0.837043,0.973992,0.312728,0.354593,RIGHT_TO_LEFT,OUTSIDE_RIGHT,,33
GOPR0264U20_trajectories_dynamic.json,706,0.027991,0.734927,-0.617021,0.112345,RIGHT_TO_LEFT,OUTSIDE_LEFT,,
GOPR0264U20_trajectories_dynamic.json,771,0.276978,0.785653,-0.333253,0.183176,RIGHT_TO_LEFT,OUTSIDE_LEFT,,0
GOPR0264U20_trajectories_dynamic.json,830,0.664991,0.702410,0.147698,0.005362,LEFT_TO_RIGHT,OUTSIDE_RIGHT,,1
GOPR0264U20_trajectories_dynamic.json,833,0.249466,0.610115,0.057402,0.015059,LEFT_TO_RIGHT,APPROACHING_FROM_LEFT,1.751398,
GOPR0264U20_trajectories_dynamic.json,834,0.618071,0.648206,0.244351,0.016892,LEFT_TO_RIGHT,INSIDE_MOVING_RIGHT,0.000000,4
GOPR0264U20_trajectories_dynamic.json,842,0.555989,0.651781,-0.014555,0.080398,LEFT_TO_RIGHT,INSIDE_STATIONARY,0.000000,0
GOPR0264U20_trajectories_dynamic.json,855,0.588576,0.849010,0.281400,-0.025281,LEFT_TO_RIGHT,INSIDE_MOVING_RIGHT,0.000000,22
GOPR0264U20_trajectories_dynamic.json,889,0.872789,0.841820,0.257944,0.227595,LEFT_TO_RIGHT,OUTSIDE_RIGHT,,0
GOPR0264U20_trajectories_dynamic.json,905,0.120153,0.812841,-0.471068,0.259068,RIGHT_TO_LEFT,OUTSIDE_LEFT,,0
GOPR0264U20_trajectories_dynamic.json,916,0.291237,0.791086,-0.293396,0.076627,RIGHT_TO_LEFT,OUTSIDE_LEFT,,0
GOPR0264U20_trajectories_dynamic.json,924,0.778995,0.861685,-0.103410,-0.203203,LEFT_TO_RIGHT,APPROACHING_FROM_RIGHT,1.247411,0
GOPR0264U20_trajectories_dynamic.json,929,0.415488,0.771208,-0.181911,0.032659,RIGHT_TO_LEFT,INSIDE_MOVING_LEFT,0.000000,0
GOPR0264U20_trajectories_dynamic.json,944,0.527502,0.859970,-0.102821,-0.146740,RIGHT_TO_LEFT,INSIDE_MOVING_LEFT,0.000000,1
GOPR0264U20_trajectories_dynamic.json,953,0.439895,0.727756,0.013159,-0.055665,RIGHT_TO_LEFT,INSIDE_STATIONARY,0.000000,0
GOPR0264U20_trajectories_dynamic.json,961,0.349303,0.805613,0.129189,-0.040191,VERTICAL,APPROACHING_FROM_LEFT,0.005394,
GOPR0264U20_trajectories_dynamic.json,970,0.442029,0.736844,-0.050539,-0.093790,LEFT_TO_RIGHT,INSIDE_MOVING_LEFT,0.000000,0
GOPR0264U20_trajectories_dynamic.json,975,0.411367,0.948659,0.030232,0.033819,LEFT_TO_RIGHT,INSIDE_MOVING_RIGHT,0.000000,0
GOPR0264U20_trajectories_dynamic.json,1008,0.100839,0.706047,0.083885,-0.015078,RIGHT_TO_LEFT,APPROACHING_FROM_LEFT,2.970256,
GOPR0264U20_trajectories_dynamic.json,1011,0.736264,0.845467,0.435180,0.276695,LEFT_TO_RIGHT,OUTSIDE_RIGHT,,0
GOPR0264U20_trajectories_dynamic.json,1046,0.674094,1.000000,0.410587,0.121357,LEFT_TO_RIGHT,OUTSIDE_RIGHT,,0
GOPR0264U20_trajectories_dynamic.json,1075,0.428761,0.676901,-0.045377,0.005073,LEFT_TO_RIGHT,INSIDE_MOVING_LEFT,0.000000,3
GOPR0264U20_trajectories_dynamic.json,1093,0.781082,0.818219,0.388432,0.185253,LEFT_TO_RIGHT,OUTSIDE_RIGHT,,11
GOPR0264U20_trajectories_dynamic.json,1144,0.082512,0.916013,-0.494722,0.218473,RIGHT_TO_LEFT,OUTSIDE_LEFT,,0
GOPR0264U20_trajectories_dynamic.json,1148,0.925703,0.932322,0.355989,0.193771,LEFT_TO_RIGHT,OUTSIDE_RIGHT,,
GOPR0264U20_trajectories_dynamic.json,1156,0.057035,0.968548,-0.307464,0.175644,RIGHT_TO_LEFT,OUTSIDE_LEFT,,
GOPR0264U20_trajectories_dynamic.json,1208,0.380903,0.611951,-0.061278,0.006591,RIGHT_TO_LEFT,INSIDE_MOVING_LEFT,0.000000,0
GOPR0264U20_trajectories_dynamic.json,1237,0.520337,0.597451,0.167892,0.027999,LEFT_TO_RIGHT,INSIDE_MOVING_RIGHT,0.000000,0
GOPR0264U20_trajectories_dynamic.json,1238,0.441002,0.564903,0.146942,0.021030,LEFT_TO_RIGHT,INSIDE_MOVING_RIGHT,0.000000,1
GOPR0265U20_trajectories_dynamic.json,0,0.071321,0.834625,-0.338507,0.092355,RIGHT_TO_LEFT,OUTSIDE_LEFT,,0
GOPR0265U20_trajectories_dynamic.json,1,0.150684,0.769435,-0.198048,0.189478,RIGHT_TO_LEFT,OUTSIDE_LEFT,,0
GOPR0265U20_trajectories_dynamic.json,66,0.037645,0.651760,-0.470716,0.023122,RIGHT_TO_LEFT,OUTSIDE_LEFT,,0
GOPR0265U20_trajectories_dynamic.json,103,0.557033,0.744028,-0.018149,-0.015114,LEFT_TO_RIGHT,INSIDE_STATIONARY,0.000000,5
GOPR0265U20_trajectories_dynamic.json,182,0.749498,0.977576,0.254252,0.536496,LEFT_TO_RIGHT,OUTSIDE_RIGHT,,0
GOPR0265U20_trajectories_dynamic.json,236,0.281079,0.669761,0.063252,0.106526,RIGHT_TO_LEFT,APPROACHING_FROM_LEFT,1.089639,0
GOPR0265U20_trajectories_dynamic.json,269,0.920566,0.745879,0.271892,0.020261,LEFT_TO_RIGHT,OUTSIDE_RIGHT,,18
GOPR0265U20_trajectories_dynamic.json,283,0.013710,0.716927,-0.106805,0.180368,RIGHT_TO_LEFT,OUTSIDE_LEFT,,
GOPR0265U20_trajectories_dynamic.json,294,0.081493,0.667990,-0.195275,-0.011322,RIGHT_TO_LEFT,OUTSIDE_LEFT,,
GOPR0265U20_trajectories_dynamic.json,318,0.017309,0.570337,-0.237877,-0.047712,RIGHT_TO_LEFT,OUTSIDE_LEFT,,
GOPR0265U20_trajectories_dynamic.json,323,0.048871,0.700576,-0.434490,0.117881,RIGHT_TO_LEFT,OUTSIDE_LEFT,,0
GOPR0265U20_trajectories_dynamic.json,352,0.079422,0.794809,-0.424750,0.352319,RIGHT_TO_LEFT,OUTSIDE_LEFT,,
GOPR0265U20_trajectories_dynamic.json,356,0.821750,0.887035,0.650746,0.495499,LEFT_TO_RIGHT,OUTSIDE_RIGHT,,5
GOPR0265U20_trajectories_dynamic.json,480,0.147631,0.709631,-0.051699,0.066845,RIGHT_TO_LEFT,OUTSIDE_LEFT,,
GOPR0265U20_trajectories_dynamic.json,588,0.462359,0.706079,-0.032954,-0.045139,RIGHT_TO_LEFT,INSIDE_MOVING_LEFT,0.000000,1
GOPR0265U20_trajectories_dynamic.json,592,0.822816,0.655410,-0.133988,-0.102683,VERTICAL,APPROACHING_FROM_RIGHT,1.289793,
GOPR0265U20_trajectories_dynamic.json,617,0.347259,0.649941,-0.001285,0.009092,LEFT_TO_RIGHT,OUTSIDE_LEFT,,7
GOPR0265U20_trajectories_dynamic.json,620,0.210787,0.669812,0.077777,0.092604,LEFT_TO_RIGHT,APPROACHING_FROM_LEFT,1.789904,
GOPR0265U20_trajectories_dynamic.json,624,0.509157,0.742224,-0.105055,-0.016677,RIGHT_TO_LEFT,INSIDE_MOVING_LEFT,0.000000,1
GOPR0265U20_trajectories_dynamic.json,629,0.226073,0.928739,-0.641328,0.208857,RIGHT_TO_LEFT,OUTSIDE_LEFT,,26
GOPR0265U20_trajectories_dynamic.json,668,0.946023,0.678894,0.172675,-0.107285,LEFT_TO_RIGHT,OUTSIDE_RIGHT,,
GOPR0265U20_trajectories_dynamic.json,707,0.043223,0.836407,-0.998151,0.241044,RIGHT_TO_LEFT,OUTSIDE_LEFT,,0
GOPR0265U20_trajectories_dynamic.json,724,0.820711,0.747599,0.539632,0.176148,LEFT_TO_RIGHT,OUTSIDE_RIGHT,,0
GOPR0265U20_trajectories_dynamic.json,791,0.079397,0.619044,-0.355843,0.010660,RIGHT_TO_LEFT,OUTSIDE_LEFT,,
GOPR0265U20_trajectories_dynamic.json,792,0.045810,0.640769,-0.302933,0.062696,RIGHT_TO_LEFT,OUTSIDE_LEFT,,
GOPR0265U20_trajectories_dynamic.json,825,0.081488,0.762172,-0.515766,0.195812,RIGHT_TO_LEFT,OUTSIDE_LEFT,,0
GOPR0265U20_trajectories_dynamic.json,836,0.346187,0.827357,-0.018581,0.049176,RIGHT_TO_LEFT,OUTSIDE_LEFT,,0
GOPR0265U20_trajectories_dynamic.json,839,0.781070,0.964875,-0.036663,-0.004391,RIGHT_TO_LEFT,APPROACHING_FROM_RIGHT,3.575017,
GOPR0265U20_trajectories_dynamic.json,840,0.876801,0.896104,-0.066198,-0.023289,RIGHT_TO_LEFT,APPROACHING_FROM_RIGHT,3.426114,
GOPR0265U20_trajectories_dynamic.json,841,0.695555,0.830996,-0.033129,0.011505,VERTICAL,APPROACHING_FROM_RIGHT,1.375090,
GOPR0266U20_trajectories_dynamic.json,0,0.841078,0.888836,0.418102,0.113592,LEFT_TO_RIGHT,OUTSIDE_RIGHT,,15
GOPR0266U20_trajectories_dynamic.json,1,0.793333,0.943242,0.569707,0.223680,LEFT_TO_RIGHT,OUTSIDE_RIGHT,,0
GOPR0266U20_trajectories_dynamic.json,3,0.498931,0.751270,-0.300188,-0.051448,LEFT_TO_RIGHT,INSIDE_MOVING_LEFT,0.000000,9
GOPR0266U20_trajectories_dynamic.json,60,0.859496,0.964915,0.540177,0.447189,LEFT_TO_RIGHT,OUTSIDE_RIGHT,,8
GOPR0266U20_trajectories_dynamic.json,93,0.794295,1.000000,0.170914,0.057125,LEFT_TO_RIGHT,OUTSIDE_RIGHT,,0
GOPR0266U20_trajectories_dynamic.json,123,0.237273,1.000000,-0.554874,0.576270,RIGHT_TO_LEFT,OUTSIDE_LEFT,,0
GOPR0266U20_trajectories_dynamic.json,127,0.919629,0.736894,0.627729,0.014190,LEFT_TO_RIGHT,OUTSIDE_RIGHT,,1
GOPR0266U20_trajectories_dynamic.json,142,0.894098,0.876203,0.201196,0.178572,LEFT_TO_RIGHT,OUTSIDE_RIGHT,,1
GOPR0266U20_trajectories_dynamic.json,150,0.047868,0.821901,-0.404260,0.281087,RIGHT_TO_LEFT,OUTSIDE_LEFT,,
GOPR0266U20_trajectories_dynamic.json,153,0.920563,0.715045,0.383560,0.163724,LEFT_TO_RIGHT,OUTSIDE_RIGHT,,0
GOPR0266U20_trajectories_dynamic.json,187,0.900160,0.689667,0.168577,0.019203,LEFT_TO_RIGHT,OUTSIDE_RIGHT,,0
GOPR0266U20_trajectories_dynamic.json,196,0.033080,0.747697,-0.533933,0.165375,RIGHT_TO_LEFT,OUTSIDE_LEFT,,0
GOPR0266U20_trajectories_dynamic.json,211,0.487807,0.651720,0.074355,0.009670,LEFT_TO_RIGHT,INSIDE_MOVING_RIGHT,0.000000,6
GOPR0266U20_trajectories_dynamic.json,215,0.809547,0.765811,0.404222,0.301574,LEFT_TO_RIGHT,OUTSIDE_RIGHT,,0
GOPR0266U20_trajectories_dynamic.json,216,0.145615,0.792915,-0.380327,0.350872,RIGHT_TO_LEFT,OUTSIDE_LEFT,,0
GOPR0266U20_trajectories_dynamic.json,218,0.813719,0.682469,0.371909,0.163408,LEFT_TO_RIGHT,OUTSIDE_RIGHT,,0
GOPR0266U20_trajectories_dynamic.json,269,0.423623,0.673419,0.036176,0.113980,VERTICAL,INSIDE_MOVING_RIGHT,0.000000,0
GOPR0266U20_trajectories_dynamic.json,279,0.037136,0.803744,-0.464879,0.327737,RIGHT_TO_LEFT,OUTSIDE_LEFT,,0
GOPR0266U20_trajectories_dynamic.json,287,0.030038,0.617274,-0.374937,-0.018157,RIGHT_TO_LEFT,OUTSIDE_LEFT,,0
GOPR0266U20_trajectories_dynamic.json,305,0.519381,0.651726,0.059691,0.032566,RIGHT_TO_LEFT,INSIDE_MOVING_RIGHT,0.000000,0
GOPR0266U20_trajectories_dynamic.json,332,0.918555,0.709655,0.404889,0.060926,LEFT_TO_RIGHT,OUTSIDE_RIGHT,,
GOPR0266U20_trajectories_dynamic.json,335,0.538760,0.800260,0.074338,0.167176,LEFT_TO_RIGHT,INSIDE_MOVING_RIGHT,0.000000,0
GOPR0266U20_trajectories_dynamic.json,371,0.549940,0.658974,0.187693,0.038800,LEFT_TO_RIGHT,INSIDE_MOVING_RIGHT,0.000000,0
GOPR0266U20_trajectories_dynamic.json,377,0.627243,0.635451,-0.018508,-0.042603,LEFT_TO_RIGHT,INSIDE_STATIONARY,0.000000,0
GOPR0266U20_trajectories_dynamic.json,381,0.556036,0.622744,-0.031347,-0.005505,LEFT_TO_RIGHT,INSIDE_MOVING_LEFT,0.000000,0
GOPR0266U20_trajectories_dynamic.json,401,0.544831,0.696894,-0.045851,-0.025803,RIGHT_TO_LEFT,INSIDE_MOVING_LEFT,0.000000,0
GOPR0266U20_trajectories_dynamic.json,402,0.521373,0.648018,-0.011916,-0.021454,RIGHT_TO_LEFT,INSIDE_STATIONARY,0.000000,0
GOPR0266U20_trajectories_dynamic.json,410,0.621194,0.713363,0.018519,0.088878,LEFT_TO_RIGHT,INSIDE_STATIONARY,0.000000,0
GOPR0266U20_trajectories_dynamic.json,414,0.454151,0.731362,0.007295,0.128319,VERTICAL,INSIDE_STATIONARY,0.000000,0
GOPR0267U20_trajectories_dynamic.json,12,0.455254,0.651806,-0.237502,-0.000608,LEFT_TO_RIGHT,INSIDE_MOVING_LEFT,0.000000,7
GOPR0267U20_trajectories_dynamic.json,64,0.887996,0.776649,0.230396,0.255053,LEFT_TO_RIGHT,OUTSIDE_RIGHT,,
GOPR0267U20_trajectories_dynamic.json,65,0.083512,0.642592,-0.614003,0.095479,RIGHT_TO_LEFT,OUTSIDE_LEFT,,0
GOPR0267U20_trajectories_dynamic.json,66,0.872699,0.926854,0.310768,0.533949,LEFT_TO_RIGHT,OUTSIDE_RIGHT,,
GOPR0267U20_trajectories_dynamic.json,75,0.888977,0.838197,0.551697,0.371874,LEFT_TO_RIGHT,OUTSIDE_RIGHT,,0
GOPR0267U20_trajectories_dynamic.json,132,0.578427,0.619076,0.121626,0.042461,LEFT_TO_RIGHT,INSIDE_MOVING_RIGHT,0.000000,0
GOPR0267U20_trajectories_dynamic.json,184,0.842184,0.836334,0.390710,0.405949,LEFT_TO_RIGHT,OUTSIDE_RIGHT,,5
GOPR0267U20_trajectories_dynamic.json,188,0.425698,0.570225,-0.080874,-0.066165,RIGHT_TO_LEFT,INSIDE_MOVING_LEFT,0.000000,0
GOPR0267U20_trajectories_dynamic.json,249,0.737301,0.821926,0.437235,0.379205,LEFT_TO_RIGHT,OUTSIDE_RIGHT,,0
GOPR0267U20_trajectories_dynamic.json,259,0.810596,0.762203,0.450764,0.241104,LEFT_TO_RIGHT,OUTSIDE_RIGHT,,0
GOPR0267U20_trajectories_dynamic.json,262,0.104890,0.691526,-0.587607,0.215879,RIGHT_TO_LEFT,OUTSIDE_LEFT,,0
GOPR0267U20_trajectories_dynamic.json,281,0.873754,1.000000,0.484906,0.483684,LEFT_TO_RIGHT,OUTSIDE_RIGHT,,0
GOPR0268U20_trajectories_dynamic.json,2,0.926656,0.794733,0.323516,0.253173,LEFT_TO_RIGHT,OUTSIDE_RIGHT,,
GOPR0268U20_trajectories_dynamic.json,34,0.489851,0.595683,-0.021956,0.006726,RIGHT_TO_LEFT,INSIDE_STATIONARY,0.000000,0
GOPR0268U20_trajectories_dynamic.json,35,0.900207,0.809222,0.579941,0.375701,LEFT_TO_RIGHT,OUTSIDE_RIGHT,,0
GOPR0268U20_trajectories_dynamic.json,40,0.856383,0.995699,0.482256,0.598482,LEFT_TO_RIGHT,OUTSIDE_RIGHT,,0
GOPR0268U20_trajectories_dynamic.json,47,0.126281,0.702431,-0.497765,0.141612,RIGHT_TO_LEFT,OUTSIDE_LEFT,,0
GOPR0268U20_trajectories_dynamic.json,60,0.472532,0.644433,0.038225,0.012757,RIGHT_TO_LEFT,INSIDE_MOVING_RIGHT,0.000000,0
GOPR0268U20_trajectories_dynamic.json,192,0.773901,0.861701,0.206231,0.313892,LEFT_TO_RIGHT,OUTSIDE_RIGHT,,0
GOPR0268U20_trajectories_dynamic.json,202,0.046273,0.792942,-0.347408,0.228270,RIGHT_TO_LEFT,OUTSIDE_LEFT,,0
GOPR0268U20_trajectories_dynamic.json,203,0.875766,0.894304,0.433544,0.363739,LEFT_TO_RIGHT,OUTSIDE_RIGHT,,0
GOPR0268U20_trajectories_dynamic.json,204,0.080446,0.803849,-0.452785,0.214842,RIGHT_TO_LEFT,OUTSIDE_LEFT,,0
GOPR0268U20_trajectories_dynamic.json,207,0.359494,0.937724,-0.010148,0.032695,RIGHT_TO_LEFT,INSIDE_STATIONARY,0.000000,0
GOPR0268U20_trajectories_dynamic.json,209,0.593690,0.926910,-0.017570,0.037352,LEFT_TO_RIGHT,INSIDE_STATIONARY,0.000000,0
GOPR0268U20_trajectories_dynamic.json,222,0.156791,0.838180,-0.008382,0.046433,RIGHT_TO_LEFT,OUTSIDE_LEFT,,0
GOPR0268U20_trajectories_dynamic.json,226,0.425690,0.829231,-0.008185,0.021776,RIGHT_TO_LEFT,INSIDE_STATIONARY,0.000000,0
GOPR0268U20_trajectories_dynamic.json,227,0.236259,0.776690,-0.020926,0.063537,RIGHT_TO_LEFT,OUTSIDE_LEFT,,
GOPR0269U20_trajectories_dynamic.json,8,0.051918,0.812859,-0.012896,0.097769,RIGHT_TO_LEFT,OUTSIDE_LEFT,,9
GOPR0269U20_trajectories_dynamic.json,25,0.439909,0.689776,-0.231981,-0.053338,RIGHT_TO_LEFT,INSIDE_MOVING_LEFT,0.000000,6
GOPR0269U20_trajectories_dynamic.json,36,0.272936,0.621035,0.236071,-0.037501,RIGHT_TO_LEFT,APPROACHING_FROM_LEFT,0.326442,0
GOPR0269U20_trajectories_dynamic.json,40,0.038213,0.720513,-0.344947,-0.051618,RIGHT_TO_LEFT,OUTSIDE_LEFT,,16
GOPR0269U20_trajectories_dynamic.json,73,0.401246,0.733118,0.014239,0.030484,RIGHT_TO_LEFT,INSIDE_STATIONARY,0.000000,0
GOPR0269U20_trajectories_dynamic.json,78,0.091640,0.722348,-0.442005,0.054246,RIGHT_TO_LEFT,OUTSIDE_LEFT,,
GOPR0269U20_trajectories_dynamic.json,113,0.091603,0.888903,-0.590238,0.260988,RIGHT_TO_LEFT,OUTSIDE_LEFT,,0
GOPR0269U20_trajectories_dynamic.json,132,0.640516,0.921464,0.257647,0.473000,LEFT_TO_RIGHT,INSIDE_MOVING_RIGHT,0.000000,0
GOPR0269U20_trajectories_dynamic.json,137,0.150727,0.881647,-0.410826,0.329937,RIGHT_TO_LEFT,OUTSIDE_LEFT,,0
GOPR0269U20_trajectories_dynamic.json,138,0.896125,0.887078,0.061992,0.095651,VERTICAL,OUTSIDE_RIGHT,,17
GOPR0269U20_trajectories_dynamic.json,163,0.528565,0.711417,-0.092866,-0.040081,LEFT_TO_RIGHT,INSIDE_MOVING_LEFT,0.000000,19
GOPR0269U20_trajectories_dynamic.json,180,0.467398,0.657217,-0.072086,0.025465,LEFT_TO_RIGHT,INSIDE_MOVING_LEFT,0.000000,0
GOPR0269U20_trajectories_dynamic.json,197,0.786136,0.890625,0.596718,0.269681,LEFT_TO_RIGHT,OUTSIDE_RIGHT,,0
GOPR0269U20_trajectories_dynamic.json,227,0.754507,0.901617,0.485429,0.337824,LEFT_TO_RIGHT,OUTSIDE_RIGHT,,0
GOPR0269U20_trajectories_dynamic.json,242,0.122216,0.961275,-0.548080,0.540581,RIGHT_TO_LEFT,OUTSIDE_LEFT,,0
GOPR0269U20_trajectories_dynamic.json,265,0.129320,0.792959,-0.442057,0.178080,RIGHT_TO_LEFT,OUTSIDE_LEFT,,0
GOPR0269U20_trajectories_dynamic.json,279,0.234220,0.941387,-0.253077,0.425479,RIGHT_TO_LEFT,OUTSIDE_LEFT,,0
GOPR0269U20_trajectories_dynamic.json,293,0.314667,0.673398,0.098047,0.004033,VERTICAL,APPROACHING_FROM_LEFT,0.360365,4
GOPR0269U20_trajectories_dynamic.json,294,0.733205,1.000000,0.120105,0.610523,LEFT_TO_RIGHT,OUTSIDE_RIGHT,,0
GOPR0269U20_trajectories_dynamic.json,309,0.944027,0.820085,0.528156,0.163537,LEFT_TO_RIGHT,OUTSIDE_RIGHT,,0
GOPR0269U20_trajectories_dynamic.json,310,0.159902,0.852667,-0.072290,0.068881,RIGHT_TO_LEFT,OUTSIDE_LEFT,,1
GOPR0269U20_trajectories_dynamic.json,322,0.932801,0.823648,0.316060,0.240675,LEFT_TO_RIGHT,OUTSIDE_RIGHT,,3
GOPR0269U20_trajectories_dynamic.json,324,0.430776,0.675229,-0.102350,-0.020746,LEFT_TO_RIGHT,INSIDE_MOVING_LEFT,0.000000,1
GOPR0269U20_trajectories_dynamic.json,340,0.811649,1.000000,0.464122,0.521182,LEFT_TO_RIGHT,OUTSIDE_RIGHT,,0
GOPR0269U20_trajectories_dynamic.json,342,0.099807,0.957682,-0.463934,0.433390,RIGHT_TO_LEFT,OUTSIDE_LEFT,,0
GOPR0269U20_trajectories_dynamic.json,392,0.886953,0.805565,0.169381,0.108704,LEFT_TO_RIGHT,OUTSIDE_RIGHT,,
GOPR0269U20_trajectories_dynamic.json,394,0.150729,0.827349,-0.575863,0.237896,RIGHT_TO_LEFT,OUTSIDE_LEFT,,0
GOPR0269U20_trajectories_dynamic.json,400,0.715872,0.811002,0.237082,0.170552,LEFT_TO_RIGHT,OUTSIDE_RIGHT,,0
GOPR0269U20_trajectories_dynamic.json,438,0.237240,0.894300,-0.425412,0.394806,RIGHT_TO_LEFT,OUTSIDE_LEFT,,0
GOPR0269U20_trajectories_dynamic.json,448,0.800387,1.000000,0.401105,0.494844,LEFT_TO_RIGHT,OUTSIDE_RIGHT,,0
GOPR0269U20_trajectories_dynamic.json,453,0.038671,0.756715,-0.391083,0.131846,RIGHT_TO_LEFT,OUTSIDE_LEFT,,
GOPR0269U20_trajectories_dynamic.json,454,0.036132,0.854421,-0.641288,0.215952,RIGHT_TO_LEFT,OUTSIDE_LEFT,,
GOPR0269U20_trajectories_dynamic.json,457,0.881848,0.997506,0.440347,0.531137,LEFT_TO_RIGHT,OUTSIDE_RIGHT,,0
GOPR0269U20_trajectories_dynamic.json,508,0.762711,1.000000,0.370102,0.487092,LEFT_TO_RIGHT,OUTSIDE_RIGHT,,0
GOPR0269U20_trajectories_dynamic.json,566,0.735188,0.807435,0.308092,0.225164,LEFT_TO_RIGHT,OUTSIDE_RIGHT,,0
GOPR0270U20_trajectories_dynamic.json,12,0.154753,0.916015,-0.451095,0.440888,RIGHT_TO_LEFT,OUTSIDE_LEFT,,0
GOPR0270U20_trajectories_dynamic.json,56,0.952090,0.791015,0.184152,0.038107,LEFT_TO_RIGHT,OUTSIDE_RIGHT,,
GOPR0270U20_trajectories_dynamic.json,72,0.478661,0.709738,-0.076754,0.019914,RIGHT_TO_LEFT,INSIDE_MOVING_LEFT,0.000000,0
GOPR0270U20_trajectories_dynamic.json,89,0.151721,1.000000,-0.538543,0.273199,RIGHT_TO_LEFT,OUTSIDE_LEFT,,0
GOPR0270U20_trajectories_dynamic.json,90,0.799393,0.850907,0.380383,0.336205,LEFT_TO_RIGHT,OUTSIDE_RIGHT,,0
GOPR0270U20_trajectories_dynamic.json,111,0.065233,0.655325,0.089120,-0.012108,RIGHT_TO_LEFT,APPROACHING_FROM_LEFT,3.195332,11
GOPR0270U20_trajectories_dynamic.json,135,0.034098,0.689778,-0.505390,0.050286,RIGHT_TO_LEFT,OUTSIDE_LEFT,,0
GOPR0270U20_trajectories_dynamic.json,156,0.025936,0.747656,-0.272351,0.160048,RIGHT_TO_LEFT,OUTSIDE_LEFT,,
GOPR0270U20_trajectories_dynamic.json,161,0.081435,0.823702,-0.550067,0.262190,RIGHT_TO_LEFT,OUTSIDE_LEFT,,0
GOPR0270U20_trajectories_dynamic.json,163,0.748489,0.849094,0.301345,0.367339,LEFT_TO_RIGHT,OUTSIDE_RIGHT,,0
GOPR0270U20_trajectories_dynamic.json,176,0.787165,0.910603,0.404752,0.521250,LEFT_TO_RIGHT,OUTSIDE_RIGHT,,0
GOPR0270U20_trajectories_dynamic.json,187,0.966422,0.883456,0.361193,0.171078,LEFT_TO_RIGHT,OUTSIDE_RIGHT,,0
GOPR0270U20_trajectories_dynamic.json,247,0.783133,1.000000,0.450003,0.715553,LEFT_TO_RIGHT,OUTSIDE_RIGHT,,0
GOPR0270U20_trajectories_dynamic.json,259,0.037131,0.834581,-0.548673,0.204916,RIGHT_TO_LEFT,OUTSIDE_LEFT,,0
GOPR0270U20_trajectories_dynamic.json,270,0.899203,0.874418,0.402378,0.298081,LEFT_TO_RIGHT,OUTSIDE_RIGHT,,0
GOPR0270U20_trajectories_dynamic.json,356,0.061065,0.758515,-0.556324,0.194796,RIGHT_TO_LEFT,OUTSIDE_LEFT,,0
GOPR0270U20_trajectories_dynamic.json,362,0.862578,0.892530,0.641338,0.345399,LEFT_TO_RIGHT,OUTSIDE_RIGHT,,0
GOPR0270U20_trajectories_dynamic.json,367,0.477564,0.648174,-0.093684,0.013108,VERTICAL,INSIDE_MOVING_LEFT,0.000000,0
GOPR0270U20_trajectories_dynamic.json,376,0.863570,0.981263,0.528918,0.530022,LEFT_TO_RIGHT,OUTSIDE_RIGHT,,0
GOPR0270U20_trajectories_dynamic.json,384,0.484744,0.675201,-0.014538,0.079503,VERTICAL,INSIDE_STATIONARY,0.000000,0
GOPR0270U20_trajectories_dynamic.json,392,0.149698,0.702379,-0.026105,0.077974,RIGHT_TO_LEFT,OUTSIDE_LEFT,,
GOPR0270U20_trajectories_dynamic.json,399,0.386957,0.687917,-0.022747,-0.000324,RIGHT_TO_LEFT,INSIDE_STATIONARY,0.000000,0
GOPR0270U20_trajectories_dynamic.json,432,0.103825,0.827294,-0.502279,0.176088,RIGHT_TO_LEFT,OUTSIDE_LEFT,,0
GOPR0270U20_trajectories_dynamic.json,447,0.019843,0.705977,-0.089014,0.014231,RIGHT_TO_LEFT,OUTSIDE_LEFT,,0
GOPR0270U20_trajectories_dynamic.json,460,0.274950,0.716940,-0.113756,0.001305,RIGHT_TO_LEFT,OUTSIDE_LEFT,,0
GOPR0270U20_trajectories_dynamic.json,488,0.119159,0.709744,-0.135876,0.036326,RIGHT_TO_LEFT,OUTSIDE_LEFT,,
GOPR0270U20_trajectories_dynamic.json,490,0.271896,0.646294,0.128821,-0.050317,RIGHT_TO_LEFT,APPROACHING_FROM_LEFT,0.606296,
GOPR0270U20_trajectories_dynamic.json,509,0.022910,0.747660,-0.331761,-0.063026,RIGHT_TO_LEFT,OUTSIDE_LEFT,,
GOPR0270U20_trajectories_dynamic.json,529,0.149649,0.756754,-0.454815,0.144079,RIGHT_TO_LEFT,OUTSIDE_LEFT,,0
GOPR0270U20_trajectories_dynamic.json,549,0.099795,0.823741,-0.186287,0.088851,RIGHT_TO_LEFT,OUTSIDE_LEFT,,0
GOPR0270U20_trajectories_dynamic.json,553,0.846262,1.000000,0.397844,0.576785,LEFT_TO_RIGHT,OUTSIDE_RIGHT,,0
GOPR0270U20_trajectories_dynamic.json,557,0.044765,0.782064,-0.207299,0.024554,RIGHT_TO_LEFT,OUTSIDE_LEFT,,
GOPR0270U20_trajectories_dynamic.json,558,0.079465,0.843588,-0.510383,0.115097,RIGHT_TO_LEFT,OUTSIDE_LEFT,,
GOPR0270U20_trajectories_dynamic.json,574,0.121153,0.787528,-0.042562,-0.015833,LEFT_TO_RIGHT,OUTSIDE_LEFT,,
GOPR0270U20_trajectories_dynamic.json,580,0.085483,0.660786,0.154209,-0.019639,LEFT_TO_RIGHT,APPROACHING_FROM_LEFT,1.715313,
GOPR0270U20_trajectories_dynamic.json,586,0.145581,0.832760,-0.418010,0.314273,RIGHT_TO_LEFT,OUTSIDE_LEFT,,10
GOPR0270U20_trajectories_dynamic.json,588,0.171063,0.954074,-0.299605,0.492119,RIGHT_TO_LEFT,OUTSIDE_LEFT,,0
GOPR0270U20_trajectories_dynamic.json,606,0.176122,0.675284,0.083460,-0.047176,LEFT_TO_RIGHT,APPROACHING_FROM_LEFT,2.083362,
GOPR0270U20_trajectories_dynamic.json,671,0.126298,0.704255,0.214738,0.057966,LEFT_TO_RIGHT,APPROACHING_FROM_LEFT,1.041742,
GOPR0270U20_trajectories_dynamic.json,691,0.785136,0.792915,0.132762,0.092011,LEFT_TO_RIGHT,OUTSIDE_RIGHT,,0
GOPR0270U20_trajectories_dynamic.json,699,0.039134,0.829186,-0.377545,0.160011,RIGHT_TO_LEFT,OUTSIDE_LEFT,,13
GOPR0270U20_trajectories_dynamic.json,700,0.845191,0.899779,0.330532,0.401406,LEFT_TO_RIGHT,OUTSIDE_RIGHT,,0
GOPR0270U20_trajectories_dynamic.json,720,0.930785,0.865424,0.303917,0.161241,LEFT_TO_RIGHT,OUTSIDE_RIGHT,,
GOPR0270U20_trajectories_dynamic.json,728,0.746407,0.901598,0.306388,0.368879,LEFT_TO_RIGHT,OUTSIDE_RIGHT,,0
GOPR0270U20_trajectories_dynamic.json,732,0.901227,0.907002,0.471884,0.385164,LEFT_TO_RIGHT,OUTSIDE_RIGHT,,0
GOPR0270U20_trajectories_dynamic.json,745,0.763736,0.879839,0.268771,0.352305,LEFT_TO_RIGHT,OUTSIDE_RIGHT,,0
GOPR0270U20_trajectories_dynamic.json,757,0.760655,0.888910,0.246453,0.221995,LEFT_TO_RIGHT,OUTSIDE_RIGHT,,0
GOPR0270U20_trajectories_dynamic.json,763,0.031013,0.735061,-0.446407,0.206692,RIGHT_TO_LEFT,OUTSIDE_LEFT,,
GOPR0270U20_trajectories_dynamic.json,769,0.290189,0.655301,-0.055281,0.020043,VERTICAL,OUTSIDE_LEFT,,17
GOPR0270U20_trajectories_dynamic.json,775,0.188420,0.680797,-0.014106,-0.013209,RIGHT_TO_LEFT,OUTSIDE_LEFT,,
GOPR0270U20_trajectories_dynamic.json,783,0.876750,0.908778,0.311874,0.183027,LEFT_TO_RIGHT,OUTSIDE_RIGHT,,0
GOPR0270U20_trajectories_dynamic.json,784,0.132407,0.698815,-0.088036,-0.022287,RIGHT_TO_LEFT,OUTSIDE_LEFT,,
GOPR0270U20_trajectories_dynamic.json,786,0.056999,0.783867,-0.425317,0.037538,RIGHT_TO_LEFT,OUTSIDE_LEFT,,14
GOPR0270U20_trajectories_dynamic.json,792,0.049930,0.792928,-0.099336,0.162950,RIGHT_TO_LEFT,OUTSIDE_LEFT,,
GOPR0270U20_trajectories_dynamic.json,793,0.086532,0.794755,-0.296142,0.010095,RIGHT_TO_LEFT,OUTSIDE_LEFT,,
GOPR0270U20_trajectories_dynamic.json,794,0.823825,1.000000,0.363351,0.521689,LEFT_TO_RIGHT,OUTSIDE_RIGHT,,0
GOPR0271U20_trajectories_dynamic.json,0,0.323783,0.678890,-0.096144,-0.001930,RIGHT_TO_LEFT,OUTSIDE_LEFT,,0
GOPR0271U20_trajectories_dynamic.json,22,0.756716,0.832758,0.297335,0.253435,LEFT_TO_RIGHT,OUTSIDE_RIGHT,,0
GOPR0271U20_trajectories_dynamic.json,25,0.845246,0.972190,0.414107,0.481466,LEFT_TO_RIGHT,OUTSIDE_RIGHT,,0
GOPR0271U20_trajectories_dynamic.json,31,0.920559,0.919690,0.461660,0.255916,LEFT_TO_RIGHT,OUTSIDE_RIGHT,,
GOPR0271U20_trajectories_dynamic.json,45,0.013703,0.727763,-0.599659,0.149271,RIGHT_TO_LEFT,OUTSIDE_LEFT,,3
GOPR0271U20_trajectories_dynamic.json,64,0.907324,0.859982,0.451232,0.262824,LEFT_TO_RIGHT,OUTSIDE_RIGHT,,0
GOPR0271U20_trajectories_dynamic.json,108,0.809543,0.952258,0.188049,0.336399,LEFT_TO_RIGHT,OUTSIDE_RIGHT,,0
GOPR0271U20_trajectories_dynamic.json,112,0.032081,0.796574,-0.557758,0.195136,RIGHT_TO_LEFT,OUTSIDE_LEFT,,0
GOPR0271U20_trajectories_dynamic.json,116,0.948023,0.821823,0.222772,0.109653,LEFT_TO_RIGHT,OUTSIDE_RIGHT,,
GOPR0271U20_trajectories_dynamic.json,140,0.520346,0.677032,0.308496,-0.047825,LEFT_TO_RIGHT,INSIDE_MOVING_RIGHT,0.000000,0
GOPR0271U20_trajectories_dynamic.json,164,0.841113,0.986621,0.385983,0.389999,LEFT_TO_RIGHT,OUTSIDE_RIGHT,,0
GOPR0271U20_trajectories_dynamic.json,183,0.106947,0.704220,-0.307256,0.041668,RIGHT_TO_LEFT,OUTSIDE_LEFT,,
GOPR0271U20_trajectories_dynamic.json,184,0.061081,0.747626,-0.477229,0.120480,RIGHT_TO_LEFT,OUTSIDE_LEFT,,0
GOPR0271U20_trajectories_dynamic.json,185,0.071267,1.000000,-0.893832,0.493188,RIGHT_TO_LEFT,OUTSIDE_LEFT,,0
GOPR0271U20_trajectories_dynamic.json,223,0.280083,0.740453,0.077224,0.044118,VERTICAL,APPROACHING_FROM_LEFT,0.905379,
GOPR0271U20_trajectories_dynamic.json,225,0.179196,0.975751,-0.741004,-0.148594,RIGHT_TO_LEFT,OUTSIDE_LEFT,,0
GOPR0271U20_trajectories_dynamic.json,269,0.074327,0.921474,-0.450021,-0.013796,RIGHT_TO_LEFT,OUTSIDE_LEFT,,0
GOPR0271U20_trajectories_dynamic.json,283,0.115088,0.914224,-0.333581,0.442791,RIGHT_TO_LEFT,OUTSIDE_LEFT,,
GOPR0271U20_trajectories_dynamic.json,321,0.267815,0.693415,-0.154894,0.089229,RIGHT_TO_LEFT,OUTSIDE_LEFT,,4
GOPR0271U20_trajectories_dynamic.json,327,0.906309,0.767489,0.453431,0.115593,LEFT_TO_RIGHT,OUTSIDE_RIGHT,,0
GOPR0271U20_trajectories_dynamic.json,347,0.258643,0.736805,0.050364,0.100602,RIGHT_TO_LEFT,APPROACHING_FROM_LEFT,1.813951,0
GOPR0271U20_trajectories_dynamic.json,375,0.314670,0.785667,-0.259334,0.064257,VERTICAL,OUTSIDE_LEFT,,19
GOPR0271U20_trajectories_dynamic.json,387,0.312661,0.715178,-0.073557,0.023887,LEFT_TO_RIGHT,OUTSIDE_LEFT,,13
GOPR0271U20_trajectories_dynamic.json,413,0.818756,1.000000,0.559825,0.340338,LEFT_TO_RIGHT,OUTSIDE_RIGHT,,0
GOPR0271U20_trajectories_dynamic.json,422,0.432808,0.735009,0.164124,0.016562,LEFT_TO_RIGHT,INSIDE_MOVING_RIGHT,0.000000,0
GOPR0271U20_trajectories_dynamic.json,427,0.526478,0.825495,0.322054,0.043109,LEFT_TO_RIGHT,INSIDE_MOVING_RIGHT,0.000000,19
GOPR0271U20_trajectories_dynamic.json,431,0.594710,0.944997,0.118230,-0.030823,LEFT_TO_RIGHT,INSIDE_MOVING_RIGHT,0.000000,10
GOPR0271U20_trajectories_dynamic.json,437,0.641556,0.827420,0.062364,-0.005889,LEFT_TO_RIGHT,INSIDE_MOVING_RIGHT,0.000000,0
GOPR0271U20_trajectories_dynamic.json,442,0.808531,0.885274,0.037833,0.067956,LEFT_TO_RIGHT,OUTSIDE_RIGHT,,
GOPR0271U20_trajectories_dynamic.json,443,0.438834,0.787540,-0.092297,-0.121135,LEFT_TO_RIGHT,INSIDE_MOVING_LEFT,0.000000,3
GOPR0271U20_trajectories_dynamic.json,445,0.682326,0.825466,0.010042,0.095977,VERTICAL,OUTSIDE_RIGHT,,
GOPR0271U20_trajectories_dynamic.json,449,0.284016,0.867184,-0.077048,-0.251494,VERTICAL,OUTSIDE_LEFT,,
GOPR0271U20_trajectories_dynamic.json,452,0.617071,0.892513,-0.059927,-0.035927,VERTICAL,INSIDE_MOVING_LEFT,0.000000,0
GOPR0271U20_trajectories_dynamic.json,453,0.340077,0.762136,0.005831,-0.195380,VERTICAL,OUTSIDE_LEFT,1.701621,209
GOPR0271U20_trajectories_dynamic.json,456,0.615073,0.818314,0.000757,-0.009593,VERTICAL,INSIDE_STATIONARY,0.000000,0
GOPR0271U20_trajectories_dynamic.json,465,0.602876,0.811047,-0.005515,-0.011583,VERTICAL,INSIDE_STATIONARY,0.000000,0
GOPR0271U20_trajectories_dynamic.json,467,0.730121,0.852635,0.028700,0.014173,RIGHT_TO_LEFT,OUTSIDE_RIGHT,,
GOPR0271U20_trajectories_dynamic.json,480,0.618132,0.854585,-0.008546,-0.048803,VERTICAL,INSIDE_STATIONARY,0.000000,0
GOPR0271U20_trajectories_dynamic.json,488,0.650684,0.836404,-0.165081,-0.030081,RIGHT_TO_LEFT,APPROACHING_FROM_RIGHT,0.004141,
GOPR0271U20_trajectories_dynamic.json,489,0.632411,0.807417,-0.022763,-0.019370,RIGHT_TO_LEFT,INSIDE_STATIONARY,0.000000,15
GOPR0271U20_trajectories_dynamic.json,502,0.518305,0.829204,-0.059360,0.059338,RIGHT_TO_LEFT,INSIDE_MOVING_LEFT,0.000000,0
GOPR0271U20_trajectories_dynamic.json,507,0.752555,0.859899,0.006581,0.029251,LEFT_TO_RIGHT,OUTSIDE_RIGHT,,
GOPR0271U20_trajectories_dynamic.json,517,0.487837,0.789244,-0.107104,-0.124314,RIGHT_TO_LEFT,INSIDE_MOVING_LEFT,0.000000,0
GOPR0271U20_trajectories_dynamic.json,522,0.576374,0.764006,-0.070864,-0.107074,VERTICAL,INSIDE_MOVING_LEFT,0.000000,0
GOPR0272U20_trajectories_dynamic.json,10,0.526460,0.731287,-0.073060,-0.001427,RIGHT_TO_LEFT,INSIDE_MOVING_LEFT,0.000000,0
GOPR0272U20_trajectories_dynamic.json,100,0.936852,0.870815,0.516871,0.159352,LEFT_TO_RIGHT,OUTSIDE_RIGHT,,0
GOPR0272U20_trajectories_dynamic.json,107,0.455137,0.705951,-0.039170,-0.003728,LEFT_TO_RIGHT,INSIDE_MOVING_LEFT,0.000000,0
GOPR0272U20_trajectories_dynamic.json,120,0.864527,0.814610,0.033347,0.029082,LEFT_TO_RIGHT,OUTSIDE_RIGHT,,
GOPR0272U20_trajectories_dynamic.json,122,0.406344,0.803849,-0.079784,0.078589,LEFT_TO_RIGHT,INSIDE_MOVING_LEFT,0.000000,0
GOPR0272U20_trajectories_dynamic.json,136,0.616125,0.687964,0.089293,-0.085235,LEFT_TO_RIGHT,INSIDE_MOVING_RIGHT,0.000000,0
GOPR0272U20_trajectories_dynamic.json,148,0.970438,0.754930,0.040523,0.062117,LEFT_TO_RIGHT,OUTSIDE_RIGHT,,
GOPR0272U20_trajectories_dynamic.json,150,0.505106,0.706071,0.076813,-0.019418,LEFT_TO_RIGHT,INSIDE_MOVING_RIGHT,0.000000,0
GOPR0272U20_trajectories_dynamic.json,171,0.264777,0.696997,-0.231175,0.076196,RIGHT_TO_LEFT,OUTSIDE_LEFT,,0
GOPR0272U20_trajectories_dynamic.json,174,0.014790,0.740507,-0.381956,0.141590,RIGHT_TO_LEFT,OUTSIDE_LEFT,,0
GOPR0272U20_trajectories_dynamic.json,212,0.044750,0.823692,-0.309239,0.178170,RIGHT_TO_LEFT,OUTSIDE_LEFT,,
GOPR0272U20_trajectories_dynamic.json,215,0.030588,0.760317,-0.485830,0.041765,RIGHT_TO_LEFT,OUTSIDE_LEFT,,0
GOPR0272U20_trajectories_dynamic.json,218,0.078347,0.935915,-0.167143,-0.022732,RIGHT_TO_LEFT,OUTSIDE_LEFT,,0
GOPR0272U20_trajectories_dynamic.json,227,0.454194,0.711417,-0.020619,0.031705,VERTICAL,INSIDE_STATIONARY,0.000000,0
GOPR0272U20_trajectories_dynamic.json,230,0.779007,0.802030,0.381810,0.169161,LEFT_TO_RIGHT,OUTSIDE_RIGHT,,0
GOPR0272U20_trajectories_dynamic.json,254,0.132355,0.935969,-0.302084,0.225007,RIGHT_TO_LEFT,OUTSIDE_LEFT,,0
GOPR0272U20_trajectories_dynamic.json,267,0.861516,0.887067,0.429878,0.293791,LEFT_TO_RIGHT,OUTSIDE_RIGHT,,0
GOPR0272U20_trajectories_dynamic.json,274,0.484734,0.733155,-0.017323,0.055219,LEFT_TO_RIGHT,INSIDE_STATIONARY,0.000000,0
GOPR0272U20_trajectories_dynamic.json,280,0.814659,1.000000,0.462037,0.102537,LEFT_TO_RIGHT,OUTSIDE_RIGHT,,0
GOPR0272U20_trajectories_dynamic.json,297,0.705693,0.879844,0.167069,0.256315,LEFT_TO_RIGHT,OUTSIDE_RIGHT,,0
GOPR0272U20_trajectories_dynamic.json,313,0.765791,0.867158,0.372810,0.289024,LEFT_TO_RIGHT,OUTSIDE_RIGHT,,0
GOPR0272U20_trajectories_dynamic.json,358,0.853324,0.908764,0.364544,0.297709,LEFT_TO_RIGHT,OUTSIDE_RIGHT,,0
GOPR0272U20_trajectories_dynamic.json,373,0.028994,0.785669,-0.259770,0.119204,RIGHT_TO_LEFT,OUTSIDE_LEFT,,
GOPR0272U20_trajectories_dynamic.json,409,0.159848,0.899818,-0.436481,0.400838,RIGHT_TO_LEFT,OUTSIDE_LEFT,,0
GOPR0272U20_trajectories_dynamic.json,440,0.055977,0.734947,-0.454654,0.099846,RIGHT_TO_LEFT,OUTSIDE_LEFT,,0
GOPR0272U20_trajectories_dynamic.json,447,0.019835,0.762147,-0.335226,0.144260,RIGHT_TO_LEFT,OUTSIDE_LEFT,,
GOPR0272U20_trajectories_dynamic.json,449,0.858434,0.946813,0.446410,0.351133,LEFT_TO_RIGHT,OUTSIDE_RIGHT,,0
GOPR0272U20_trajectories_dynamic.json,457,0.792237,0.903397,0.419293,0.405717,LEFT_TO_RIGHT,OUTSIDE_RIGHT,,0
GOPR0272U20_trajectories_dynamic.json,495,0.866609,0.841822,0.444383,0.334009,LEFT_TO_RIGHT,OUTSIDE_RIGHT,,0
GOPR0272U20_trajectories_dynamic.json,497,0.165987,0.905143,-0.559210,0.419727,RIGHT_TO_LEFT,OUTSIDE_LEFT,,0
GOPR0272U20_trajectories_dynamic.json,518,0.756626,0.937740,0.301475,0.423278,LEFT_TO_RIGHT,OUTSIDE_RIGHT,,0
GOPR0272U20_trajectories_dynamic.json,534,0.919555,0.735097,0.328286,0.127911,LEFT_TO_RIGHT,OUTSIDE_RIGHT,,
GOPR0272U20_trajectories_dynamic.json,535,0.817718,0.935949,0.450932,0.552501,LEFT_TO_RIGHT,OUTSIDE_RIGHT,,0
GOPR0272U20_trajectories_dynamic.json,547,0.340130,0.676989,-0.077835,0.077724,RIGHT_TO_LEFT,OUTSIDE_LEFT,,0
GOPR0272U20_trajectories_dynamic.json,548,0.126241,0.856332,-0.250706,0.156796,RIGHT_TO_LEFT,OUTSIDE_LEFT,,0
GOPR0272U20_trajectories_dynamic.json,557,0.848266,0.872548,0.475454,0.304950,LEFT_TO_RIGHT,OUTSIDE_RIGHT,,0
GOPR0273U20_trajectories_dynamic.json,43,0.841098,0.831010,0.257462,0.218618,LEFT_TO_RIGHT,OUTSIDE_RIGHT,,1
GOPR0273U20_trajectories_dynamic.json,64,0.435838,0.718699,0.095079,0.053447,LEFT_TO_RIGHT,INSIDE_MOVING_RIGHT,0.000000,18
GOPR0273U20_trajectories_dynamic.json,71,0.277049,0.944969,0.009358,0.134636,RIGHT_TO_LEFT,OUTSIDE_LEFT,7.795593,0
GOPR0273U20_trajectories_dynamic.json,72,0.043776,0.715110,-0.664173,0.018817,RIGHT_TO_LEFT,OUTSIDE_LEFT,,0
GOPR0273U20_trajectories_dynamic.json,176,0.831945,0.829167,0.451891,0.245064,LEFT_TO_RIGHT,OUTSIDE_RIGHT,,0
GOPR0273U20_trajectories_dynamic.json,186,0.315697,0.669916,0.126561,-0.015552,LEFT_TO_RIGHT,APPROACHING_FROM_LEFT,0.271040,
GOPR0273U20_trajectories_dynamic.json,187,0.384936,0.650019,0.023259,0.005312,LEFT_TO_RIGHT,INSIDE_STATIONARY,0.000000,0
GOPR0273U20_trajectories_dynamic.json,197,0.062153,0.738642,-0.008806,0.053854,RIGHT_TO_LEFT,OUTSIDE_LEFT,,3
GOPR0273U20_trajectories_dynamic.json,198,0.089599,0.850828,-0.027598,0.123818,RIGHT_TO_LEFT,OUTSIDE_LEFT,,
GOPR0273U20_trajectories_dynamic.json,200,0.031069,0.769447,-0.116380,0.029075,RIGHT_TO_LEFT,OUTSIDE_LEFT,,0
GOPR0273U20_trajectories_dynamic.json,216,0.114061,0.773045,-0.360551,0.212511,RIGHT_TO_LEFT,OUTSIDE_LEFT,,
GOPR0273U20_trajectories_dynamic.json,246,0.089601,0.653566,-0.050281,0.064909,RIGHT_TO_LEFT,OUTSIDE_LEFT,,0
GOPR0273U20_trajectories_dynamic.json,284,0.051910,0.724101,-0.565896,0.149675,RIGHT_TO_LEFT,OUTSIDE_LEFT,,0
GOPR0273U20_trajectories_dynamic.json,362,0.094694,0.709768,-0.428051,0.091629,RIGHT_TO_LEFT,OUTSIDE_LEFT,,0
GOPR0273U20_trajectories_dynamic.json,374,0.032079,0.765774,-0.205445,0.056370,RIGHT_TO_LEFT,OUTSIDE_LEFT,,0
GOPR0273U20_trajectories_dynamic.json,378,0.079418,0.769386,-0.350846,0.149925,RIGHT_TO_LEFT,OUTSIDE_LEFT,,0
GOPR0273U20_trajectories_dynamic.json,395,0.737266,0.830943,0.278935,0.321714,LEFT_TO_RIGHT,OUTSIDE_RIGHT,,0
GOPR0273U20_trajectories_dynamic.json,400,0.939949,0.816449,0.393988,0.110273,LEFT_TO_RIGHT,OUTSIDE_RIGHT,,
GOPR0273U20_trajectories_dynamic.json,401,0.929770,0.798366,0.344015,0.207937,LEFT_TO_RIGHT,OUTSIDE_RIGHT,,0
GOPR0273U20_trajectories_dynamic.json,402,0.790183,0.968554,0.313265,0.506853,LEFT_TO_RIGHT,OUTSIDE_RIGHT,,0
GOPR0273U20_trajectories_dynamic.json,414,0.921633,0.867119,0.485333,0.324658,LEFT_TO_RIGHT,OUTSIDE_RIGHT,,0
GOPR0273U20_trajectories_dynamic.json,415,0.882949,0.984874,0.582924,0.536682,LEFT_TO_RIGHT,OUTSIDE_RIGHT,,0
GOPR0273U20_trajectories_dynamic.json,420,0.657844,0.887105,0.376314,0.347848,LEFT_TO_RIGHT,OUTSIDE_RIGHT,,9
GOPR0273U20_trajectories_dynamic.json,436,0.080496,0.794780,-0.551717,0.192430,RIGHT_TO_LEFT,OUTSIDE_LEFT,,0
GOPR0273U20_trajectories_dynamic.json,449,0.882867,1.000000,0.477677,0.504878,LEFT_TO_RIGHT,OUTSIDE_RIGHT,,0
GOPR0273U20_trajectories_dynamic.json,467,0.896125,0.858086,0.381494,0.293925,LEFT_TO_RIGHT,OUTSIDE_RIGHT,,0
GOPR0273U20_trajectories_dynamic.json,480,0.908328,0.805606,0.250133,0.222332,LEFT_TO_RIGHT,OUTSIDE_RIGHT,,
GOPR0273U20_trajectories_dynamic.json,497,0.876754,0.952293,0.397850,0.437201,LEFT_TO_RIGHT,OUTSIDE_RIGHT,,0
GOPR0273U20_trajectories_dynamic.json,526,0.025932,0.765784,-0.485871,0.192970,RIGHT_TO_LEFT,OUTSIDE_LEFT,,0
GOPR0273U20_trajectories_dynamic.json,555,0.459282,0.702418,0.080775,0.062977,RIGHT_TO_LEFT,INSIDE_MOVING_RIGHT,0.000000,0
GOPR0274U20_trajectories_dynamic.json,0,0.250482,0.668030,-0.072805,-0.020838,RIGHT_TO_LEFT,OUTSIDE_LEFT,,0
GOPR0274U20_trajectories_dynamic.json,15,0.069218,0.843644,-0.501965,0.065875,RIGHT_TO_LEFT,OUTSIDE_LEFT,,29
GOPR0274U20_trajectories_dynamic.json,27,0.902211,0.859931,0.281482,0.295304,LEFT_TO_RIGHT,OUTSIDE_RIGHT,,
GOPR0274U20_trajectories_dynamic.json,47,0.047836,0.655306,-0.434362,0.005676,RIGHT_TO_LEFT,OUTSIDE_LEFT,,0
GOPR0274U20_trajectories_dynamic.json,50,0.841145,0.838119,0.333699,0.240391,LEFT_TO_RIGHT,OUTSIDE_RIGHT,,3
GOPR0274U20_trajectories_dynamic.json,62,0.214839,0.735038,-0.017636,0.103348,LEFT_TO_RIGHT,OUTSIDE_LEFT,,
GOPR0274U20_trajectories_dynamic.json,75,0.907297,0.910650,0.361278,0.208613,LEFT_TO_RIGHT,OUTSIDE_RIGHT,,0
GOPR0274U20_trajectories_dynamic.json,81,0.075326,0.825553,-0.401444,0.047472,RIGHT_TO_LEFT,OUTSIDE_LEFT,,2
GOPR0274U20_trajectories_dynamic.json,102,0.920633,0.936004,0.400294,0.252456,LEFT_TO_RIGHT,OUTSIDE_RIGHT,,0
GOPR0274U20_trajectories_dynamic.json,125,0.153774,0.877979,-0.379384,0.349582,RIGHT_TO_LEFT,OUTSIDE_LEFT,,0
GOPR0274U20_trajectories_dynamic.json,180,0.688422,1.000000,0.225412,0.590682,LEFT_TO_RIGHT,OUTSIDE_RIGHT,,0
GOPR0274U20_trajectories_dynamic.json,200,0.801436,1.000000,0.334537,0.530629,LEFT_TO_RIGHT,OUTSIDE_RIGHT,,0
GOPR0274U20_trajectories_dynamic.json,204,0.016775,0.532244,-0.288603,-0.104161,RIGHT_TO_LEFT,OUTSIDE_LEFT,,
GOPR0274U20_trajectories_dynamic.json,210,0.374757,0.682545,-0.181440,0.047748,RIGHT_TO_LEFT,INSIDE_MOVING_LEFT,0.000000,0
GOPR0274U20_trajectories_dynamic.json,227,0.239318,0.776640,-0.343965,0.136909,RIGHT_TO_LEFT,OUTSIDE_LEFT,,0
GOPR0274U20_trajectories_dynamic.json,228,0.082464,0.691593,-0.226765,0.035864,RIGHT_TO_LEFT,OUTSIDE_LEFT,,
GOPR0274U20_trajectories_dynamic.json,320,0.889023,1.000000,0.334341,0.452006,LEFT_TO_RIGHT,OUTSIDE_RIGHT,,0
GOPR0274U20_trajectories_dynamic.json,329,0.151751,0.923291,-0.465813,0.353883,RIGHT_TO_LEFT,OUTSIDE_LEFT,,0
GOPR0274U20_trajectories_dynamic.json,347,0.971445,0.707840,0.131209,0.119762,LEFT_TO_RIGHT,OUTSIDE_RIGHT,,
GOPR0274U20_trajectories_dynamic.json,358,0.909285,0.778505,0.104784,0.236387,LEFT_TO_RIGHT,OUTSIDE_RIGHT,,
GOPR0274U20_trajectories_dynamic.json,393,0.853363,1.000000,0.452625,0.658674,LEFT_TO_RIGHT,OUTSIDE_RIGHT,,0
GOPR0274U20_trajectories_dynamic.json,401,0.730176,1.000000,0.159686,0.561322,LEFT_TO_RIGHT,OUTSIDE_RIGHT,,0
GOPR0274U20_trajectories_dynamic.json,403,0.890074,1.000000,0.351138,0.496556,LEFT_TO_RIGHT,OUTSIDE_RIGHT,,0
GOPR0276U20_trajectories_dynamic.json,2,0.089600,0.778464,-0.332968,0.151902,RIGHT_TO_LEFT,OUTSIDE_LEFT,,0
GOPR0276U20_trajectories_dynamic.json,31,0.828895,1.000000,0.471137,0.182496,LEFT_TO_RIGHT,OUTSIDE_RIGHT,,0
GOPR0276U20_trajectories_dynamic.json,37,0.816724,1.000000,0.384562,0.626675,LEFT_TO_RIGHT,OUTSIDE_RIGHT,,0
GOPR0276U20_trajectories_dynamic.json,47,0.820812,1.000000,0.513884,0.649925,LEFT_TO_RIGHT,OUTSIDE_RIGHT,,0
GOPR0276U20_trajectories_dynamic.json,55,0.225090,0.767647,-0.399929,0.158391,RIGHT_TO_LEFT,OUTSIDE_LEFT,,0
GOPR0276U20_trajectories_dynamic.json,60,0.060045,0.800215,-0.393424,0.177382,RIGHT_TO_LEFT,OUTSIDE_LEFT,,5
GOPR0276U20_trajectories_dynamic.json,61,0.884934,0.932332,0.365673,0.285789,LEFT_TO_RIGHT,OUTSIDE_RIGHT,,0
GOPR0276U20_trajectories_dynamic.json,66,0.029533,0.858185,-0.298165,0.194635,RIGHT_TO_LEFT,OUTSIDE_LEFT,,0
GOPR0277U20_trajectories_dynamic.json,2,0.818766,0.939579,0.447765,0.527129,LEFT_TO_RIGHT,OUTSIDE_RIGHT,,0
GOPR0277U20_trajectories_dynamic.json,11,0.903230,0.764036,-0.089967,0.104364,LEFT_TO_RIGHT,APPROACHING_FROM_RIGHT,2.814694,
GOPR0277U20_trajectories_dynamic.json,14,0.245478,0.680773,-0.253253,0.043415,RIGHT_TO_LEFT,OUTSIDE_LEFT,,0
GOPR0277U20_trajectories_dynamic.json,43,0.887980,1.000000,0.159690,0.360437,LEFT_TO_RIGHT,OUTSIDE_RIGHT,,
GOPR0277U20_trajectories_dynamic.json,46,0.301443,0.952265,-0.156913,0.522742,RIGHT_TO_LEFT,OUTSIDE_LEFT,,0
GOPR0277U20_trajectories_dynamic.json,59,0.837090,0.798338,0.157807,0.187805,LEFT_TO_RIGHT,OUTSIDE_RIGHT,,
GOPR0277U20_trajectories_dynamic.json,62,0.064124,0.702467,0.032844,0.109058,RIGHT_TO_LEFT,APPROACHING_FROM_LEFT,8.703961,
GOPR0277U20_trajectories_dynamic.json,83,0.750524,0.823734,0.273465,0.199504,LEFT_TO_RIGHT,OUTSIDE_RIGHT,,0
GOPR0277U20_trajectories_dynamic.json,100,0.680210,0.765859,0.218689,0.025836,LEFT_TO_RIGHT,OUTSIDE_RIGHT,,0
GOPR0277U20_trajectories_dynamic.json,168,0.161927,0.981249,-0.211653,0.515399,RIGHT_TO_LEFT,OUTSIDE_LEFT,,
GOPR0277U20_trajectories_dynamic.json,175,0.102878,0.800226,-0.201253,0.234935,RIGHT_TO_LEFT,OUTSIDE_LEFT,,
GOPR0277U20_trajectories_dynamic.json,223,0.896199,0.792940,0.522976,0.253054,LEFT_TO_RIGHT,OUTSIDE_RIGHT,,0
GOPR0277U20_trajectories_dynamic.json,225,0.835027,0.968506,0.524849,0.261769,LEFT_TO_RIGHT,OUTSIDE_RIGHT,,0
GOPR0277U20_trajectories_dynamic.json,279,0.411459,0.713298,0.131832,-0.070358,LEFT_TO_RIGHT,INSIDE_MOVING_RIGHT,0.000000,9
GOPR0277U20_trajectories_dynamic.json,287,0.027977,0.820115,-0.494773,0.153988,RIGHT_TO_LEFT,OUTSIDE_LEFT,,19
GOPR0277U20_trajectories_dynamic.json,327,0.026967,0.825527,-0.232025,0.141864,RIGHT_TO_LEFT,OUTSIDE_LEFT,,0
GOPR0277U20_trajectories_dynamic.json,329,0.207698,0.686142,-0.218267,0.017214,LEFT_TO_RIGHT,OUTSIDE_LEFT,,
GOPR0277U20_trajectories_dynamic.json,423,0.757673,1.000000,0.530462,0.319083,LEFT_TO_RIGHT,OUTSIDE_RIGHT,,30
GOPR0277U20_trajectories_dynamic.json,431,0.855406,0.796623,0.257537,0.126127,LEFT_TO_RIGHT,OUTSIDE_RIGHT,,0
GOPR0277U20_trajectories_dynamic.json,439,0.753566,0.988440,0.321327,0.264672,LEFT_TO_RIGHT,OUTSIDE_RIGHT,,21
GOPR0277U20_trajectories_dynamic.json,441,0.622220,0.675169,0.089586,-0.007610,LEFT_TO_RIGHT,INSIDE_MOVING_RIGHT,0.000000,0
GOPR0277U20_trajectories_dynamic.json,451,0.827879,0.829185,0.306322,0.308959,LEFT_TO_RIGHT,OUTSIDE_RIGHT,,0
GOPR0277U20_trajectories_dynamic.json,457,0.066214,0.747745,-0.687622,0.107749,RIGHT_TO_LEFT,OUTSIDE_LEFT,,25
GOPR0277U20_trajectories_dynamic.json,521,0.751587,0.861705,0.384750,0.307283,LEFT_TO_RIGHT,OUTSIDE_RIGHT,,0
GOPR0277U20_trajectories_dynamic.json,540,0.877781,0.867192,0.898854,0.396309,LEFT_TO_RIGHT,OUTSIDE_RIGHT,,5
GOPR0277U20_trajectories_dynamic.json,543,0.363537,0.666230,0.107648,-0.028804,LEFT_TO_RIGHT,INSIDE_MOVING_RIGHT,0.000000,18
GOPR0277U20_trajectories_dynamic.json,552,0.176182,0.843612,-0.235879,0.333530,LEFT_TO_RIGHT,OUTSIDE_LEFT,,
GOPR0277U20_trajectories_dynamic.json,553,0.180277,0.666194,-0.006918,0.007638,LEFT_TO_RIGHT,OUTSIDE_LEFT,,
GOPR0277U20_trajectories_dynamic.json,567,0.281076,1.000000,-0.283586,0.332105,RIGHT_TO_LEFT,OUTSIDE_LEFT,,0
GOPR0277U20_trajectories_dynamic.json,733,0.267821,0.693407,-0.098927,0.045328,RIGHT_TO_LEFT,OUTSIDE_LEFT,,6
GOPR0277U20_trajectories_dynamic.json,753,0.970430,0.794686,0.553132,0.129872,LEFT_TO_RIGHT,OUTSIDE_RIGHT,,
GOPR0277U20_trajectories_dynamic.json,760,0.166955,0.677042,0.267128,0.015141,RIGHT_TO_LEFT,APPROACHING_FROM_LEFT,0.685232,
GOPR0277U20_trajectories_dynamic.json,789,0.678220,0.738557,0.101353,0.056309,LEFT_TO_RIGHT,OUTSIDE_RIGHT,,1
GOPR0277U20_trajectories_dynamic.json,799,0.112042,0.783867,-0.049964,0.076511,RIGHT_TO_LEFT,OUTSIDE_LEFT,,
GOPR0277U20_trajectories_dynamic.json,808,0.634450,0.950448,0.231740,0.339746,LEFT_TO_RIGHT,INSIDE_MOVING_RIGHT,0.000000,0
GOPR0277U20_trajectories_dynamic.json,839,0.940953,0.827388,0.421682,0.131609,LEFT_TO_RIGHT,OUTSIDE_RIGHT,,0
GOPR0277U20_trajectories_dynamic.json,841,0.044803,0.682588,-0.422244,0.073032,RIGHT_TO_LEFT,OUTSIDE_LEFT,,
GOPR0277U20_trajectories_dynamic.json,846,0.908340,0.680692,0.076997,-0.008502,LEFT_TO_RIGHT,OUTSIDE_RIGHT,,
GOPR0277U20_trajectories_dynamic.json,858,0.058054,0.818208,-0.401808,0.237920,RIGHT_TO_LEFT,OUTSIDE_LEFT,,
GOPR0277U20_trajectories_dynamic.json,882,0.734248,0.680692,0.064006,0.009494,VERTICAL,OUTSIDE_RIGHT,,
GOPR0277U20_trajectories_dynamic.json,1023,0.122174,1.000000,-0.544824,0.643489,RIGHT_TO_LEFT,OUTSIDE_LEFT,,0
GOPR0277U20_trajectories_dynamic.json,1026,0.821828,1.000000,0.432448,0.516296,LEFT_TO_RIGHT,OUTSIDE_RIGHT,,0
GOPR0277U20_trajectories_dynamic.json,1035,0.045289,0.820095,-0.364012,0.159392,LEFT_TO_RIGHT,OUTSIDE_LEFT,,
GOPR0277U20_trajectories_dynamic.json,1042,0.173128,0.890712,-0.399237,0.438150,RIGHT_TO_LEFT,OUTSIDE_LEFT,,0
GOPR0277U20_trajectories_dynamic.json,1044,0.896094,0.763961,0.352092,0.151384,LEFT_TO_RIGHT,OUTSIDE_RIGHT,,0
GOPR0277U20_trajectories_dynamic.json,1092,0.031556,0.787519,-0.389511,0.208713,VERTICAL,OUTSIDE_LEFT,,
GOPR0277U20_trajectories_dynamic.json,1111,0.841117,0.865418,0.467599,0.280901,LEFT_TO_RIGHT,OUTSIDE_RIGHT,,0
GOPR0277U20_trajectories_dynamic.json,1114,0.067202,0.791055,-0.445642,0.169246,RIGHT_TO_LEFT,OUTSIDE_LEFT,,
GOPR0277U20_trajectories_dynamic.json,1152,0.017800,0.716976,-0.383718,0.116396,RIGHT_TO_LEFT,OUTSIDE_LEFT,,
GOPR0277U20_trajectories_dynamic.json,1173,0.850348,0.745881,0.290674,0.179524,LEFT_TO_RIGHT,OUTSIDE_RIGHT,,
GOPR0277U20_trajectories_dynamic.json,1180,0.020823,0.680699,-0.240099,0.072978,RIGHT_TO_LEFT,OUTSIDE_LEFT,,
GOPR0277U20_trajectories_dynamic.json,1222,0.058019,0.707834,-1.103150,-0.003411,RIGHT_TO_LEFT,OUTSIDE_LEFT,,0
GOPR0277U20_trajectories_dynamic.json,1266,0.182286,0.939581,-0.674424,0.389807,RIGHT_TO_LEFT,OUTSIDE_LEFT,,13
GOPR0277U20_trajectories_dynamic.json,1292,0.684307,0.696978,0.666553,0.096479,LEFT_TO_RIGHT,OUTSIDE_RIGHT,,14
GOPR0277U20_trajectories_dynamic.json,1296,0.709755,0.896082,0.862014,0.300541,LEFT_TO_RIGHT,OUTSIDE_RIGHT,,13
GOPR0277U20_trajectories_dynamic.json,1299,0.768877,1.000000,0.740657,0.633395,LEFT_TO_RIGHT,OUTSIDE_RIGHT,,14
GOPR0277U20_trajectories_dynamic.json,1354,0.757649,0.811033,0.173695,0.220697,LEFT_TO_RIGHT,OUTSIDE_RIGHT,,10
GOPR0277U20_trajectories_dynamic.json,1375,0.015758,0.657192,-0.488135,-0.088024,RIGHT_TO_LEFT,OUTSIDE_LEFT,,5
GOPR0277U20_trajectories_dynamic.json,1464,0.834020,0.836317,0.517313,0.309052,LEFT_TO_RIGHT,OUTSIDE_RIGHT,,0
GOPR0277U20_trajectories_dynamic.json,1496,0.868586,0.894317,0.508807,0.457145,LEFT_TO_RIGHT,OUTSIDE_RIGHT,,0
GOPR0277U20_trajectories_dynamic.json,1514,0.893082,0.954061,0.641246,0.510856,LEFT_TO_RIGHT,OUTSIDE_RIGHT,,0
GOPR0277U20_trajectories_dynamic.json,1518,0.578372,0.818232,0.113670,0.248565,LEFT_TO_RIGHT,INSIDE_MOVING_RIGHT,0.000000,0
GOPR0277U20_trajectories_dynamic.json,1547,0.821836,0.937803,0.800387,0.437171,LEFT_TO_RIGHT,OUTSIDE_RIGHT,,9
GOPR0277U20_trajectories_dynamic.json,1585,0.046808,0.753090,-0.472095,0.056718,RIGHT_TO_LEFT,OUTSIDE_LEFT,,0
GOPR0277U20_trajectories_dynamic.json,1604,0.054974,0.765756,-0.513347,0.177158,RIGHT_TO_LEFT,OUTSIDE_LEFT,,0
GOPR0277U20_trajectories_dynamic.json,1611,0.201654,0.845401,-0.337808,0.346801,RIGHT_TO_LEFT,OUTSIDE_LEFT,,0
GOPR0278U20_trajectories_dynamic.json,8,0.196538,0.852671,-0.323921,0.401701,RIGHT_TO_LEFT,OUTSIDE_LEFT,,0
GOPR0278U20_trajectories_dynamic.json,23,0.885992,0.753117,0.330786,0.141006,LEFT_TO_RIGHT,OUTSIDE_RIGHT,,
GOPR0278U20_trajectories_dynamic.json,32,0.922609,0.669889,0.231237,0.029745,LEFT_TO_RIGHT,OUTSIDE_RIGHT,,
GOPR0278U20_trajectories_dynamic.json,36,0.105911,0.744065,-0.530075,0.235709,RIGHT_TO_LEFT,OUTSIDE_LEFT,,0
GOPR0278U20_trajectories_dynamic.json,42,0.025960,0.769388,-0.448708,0.200211,RIGHT_TO_LEFT,OUTSIDE_LEFT,,0
GOPR0278U20_trajectories_dynamic.json,95,0.775997,0.945015,0.231788,0.472279,LEFT_TO_RIGHT,OUTSIDE_RIGHT,,0
GOPR0278U20_trajectories_dynamic.json,113,0.755591,0.977578,0.253719,0.402033,LEFT_TO_RIGHT,OUTSIDE_RIGHT,,0
GOPR0278U20_trajectories_dynamic.json,119,0.340082,0.897908,-0.039182,0.338696,RIGHT_TO_LEFT,OUTSIDE_LEFT,,0
GOPR0278U20_trajectories_dynamic.json,120,0.744427,1.000000,0.468679,0.510000,LEFT_TO_RIGHT,OUTSIDE_RIGHT,,0
GOPR0278U20_trajectories_dynamic.json,199,0.312618,0.858160,-0.280134,0.403191,RIGHT_TO_LEFT,OUTSIDE_LEFT,,1
GOPR0278U20_trajectories_dynamic.json,200,0.184334,0.738618,-0.432925,0.224523,RIGHT_TO_LEFT,OUTSIDE_LEFT,,0
GOPR0278U20_trajectories_dynamic.json,213,0.957273,0.707932,0.507904,0.132123,LEFT_TO_RIGHT,OUTSIDE_RIGHT,,0
GOPR0278U20_trajectories_dynamic.json,232,0.839137,0.767629,0.359598,0.165838,LEFT_TO_RIGHT,OUTSIDE_RIGHT,,0
GOPR0278U20_trajectories_dynamic.json,239,0.920559,0.767550,0.161638,0.021999,LEFT_TO_RIGHT,OUTSIDE_RIGHT,,0
GOPR0278U20_trajectories_dynamic.json,256,0.935812,0.711449,0.461810,0.062409,LEFT_TO_RIGHT,OUTSIDE_RIGHT,,0
GOPR0278U20_trajectories_dynamic.json,258,0.936844,0.729540,0.605992,0.051355,LEFT_TO_RIGHT,OUTSIDE_RIGHT,,0
GOPR0278U20_trajectories_dynamic.json,307,0.870645,0.823659,0.476903,0.280005,LEFT_TO_RIGHT,OUTSIDE_RIGHT,,0
GOPR0278U20_trajectories_dynamic.json,315,0.161985,0.908785,-0.439941,0.406429,RIGHT_TO_LEFT,OUTSIDE_LEFT,,0
GOPR0278U20_trajectories_dynamic.json,335,0.042249,0.867192,-0.370546,0.190909,RIGHT_TO_LEFT,OUTSIDE_LEFT,,0
GOPR0278U20_trajectories_dynamic.json,337,0.215905,0.888890,-0.178904,0.149099,RIGHT_TO_LEFT,OUTSIDE_LEFT,,0
GOPR0278U20_trajectories_dynamic.json,338,0.858477,0.930578,0.402200,0.482196,LEFT_TO_RIGHT,OUTSIDE_RIGHT,,0
GOPR0278U20_trajectories_dynamic.json,398,0.826919,0.984850,0.606409,0.547418,LEFT_TO_RIGHT,OUTSIDE_RIGHT,,0
GOPR0278U20_trajectories_dynamic.json,409,0.326841,0.662615,0.030091,0.004449,VERTICAL,APPROACHING_FROM_LEFT,0.769636,34
GOPR0278U20_trajectories_dynamic.json,416,0.876828,0.774838,0.449563,0.071028,LEFT_TO_RIGHT,OUTSIDE_RIGHT,,0
GOPR0278U20_trajectories_dynamic.json,417,0.045784,0.733157,-0.390436,0.120406,RIGHT_TO_LEFT,OUTSIDE_LEFT,,
GOPR0278U20_trajectories_dynamic.json,439,0.176214,0.975757,-0.337777,0.627273,RIGHT_TO_LEFT,OUTSIDE_LEFT,,0
GOPR0278U20_trajectories_dynamic.json,448,0.054992,0.760349,-0.368946,0.059270,RIGHT_TO_LEFT,OUTSIDE_LEFT,,22
GOPR0278U20_trajectories_dynamic.json,452,0.914449,0.836375,0.264160,0.114946,LEFT_TO_RIGHT,OUTSIDE_RIGHT,,
GOPR0278U20_trajectories_dynamic.json,454,0.802444,1.000000,0.349223,0.559487,LEFT_TO_RIGHT,OUTSIDE_RIGHT,,0
GOPR0278U20_trajectories_dynamic.json,456,0.813703,1.000000,0.270553,0.337762,LEFT_TO_RIGHT,OUTSIDE_RIGHT,,0
GOPR0278U20_trajectories_dynamic.json,477,0.046861,0.774801,-0.613583,0.148488,RIGHT_TO_LEFT,OUTSIDE_LEFT,,0
GOPR0278U20_trajectories_dynamic.json,492,0.069267,0.986644,-0.585539,0.441450,RIGHT_TO_LEFT,OUTSIDE_LEFT,,0
GOPR0278U20_trajectories_dynamic.json,512,0.713831,0.830947,0.352988,0.372612,LEFT_TO_RIGHT,OUTSIDE_RIGHT,,0
GOPR0278U20_trajectories_dynamic.json,520,0.047888,0.854494,-0.363261,0.244203,RIGHT_TO_LEFT,OUTSIDE_LEFT,,0
GOPR0278U20_trajectories_dynamic.json,525,0.087594,0.921519,-0.473134,0.121205,RIGHT_TO_LEFT,OUTSIDE_LEFT,,0
GOPR0278U20_trajectories_dynamic.json,535,0.074327,0.832768,-0.476552,0.288560,RIGHT_TO_LEFT,OUTSIDE_LEFT,,0
GOPR0278U20_trajectories_dynamic.json,551,0.898172,0.794708,0.540779,0.255333,LEFT_TO_RIGHT,OUTSIDE_RIGHT,,0
GOPR0278U20_trajectories_dynamic.json,554,0.525450,0.700641,0.062046,0.096046,LEFT_TO_RIGHT,INSIDE_MOVING_RIGHT,0.000000,0
GOPR0278U20_trajectories_dynamic.json,563,0.787154,0.959466,0.155553,0.430293,LEFT_TO_RIGHT,OUTSIDE_RIGHT,,0
GOPR0278U20_trajectories_dynamic.json,573,0.167005,0.935953,-0.592329,0.375069,RIGHT_TO_LEFT,OUTSIDE_LEFT,,0
GOPR0278U20_trajectories_dynamic.json,574,0.070264,0.954049,-0.716916,0.427168,RIGHT_TO_LEFT,OUTSIDE_LEFT,,0
GOPR0279U20_trajectories_dynamic.json,41,0.782094,0.879829,0.415234,0.370803,LEFT_TO_RIGHT,OUTSIDE_RIGHT,,0
GOPR0279U20_trajectories_dynamic.json,59,0.467358,0.686165,-0.404484,-0.039920,RIGHT_TO_LEFT,INSIDE_MOVING_LEFT,0.000000,18
GOPR0279U20_trajectories_dynamic.json,65,0.242345,0.765796,-0.441939,0.118246,RIGHT_TO_LEFT,OUTSIDE_LEFT,,2
GOPR0279U20_trajectories_dynamic.json,99,0.976629,0.863587,0.324878,0.315751,LEFT_TO_RIGHT,OUTSIDE_RIGHT,,
GOPR0279U20_trajectories_dynamic.json,112,0.066231,0.715151,-0.087955,0.065685,RIGHT_TO_LEFT,OUTSIDE_LEFT,,
GOPR0279U20_trajectories_dynamic.json,128,0.015764,0.653572,-0.054966,0.043704,RIGHT_TO_LEFT,OUTSIDE_LEFT,,
GOPR0279U20_trajectories_dynamic.json,142,0.060069,0.611904,-0.302076,-0.090086,RIGHT_TO_LEFT,OUTSIDE_LEFT,,
GOPR0279U20_trajectories_dynamic.json,149,0.619144,1.000000,-0.011204,0.000000,VERTICAL,INSIDE_STATIONARY,0.000000,0
GOPR0279U20_trajectories_dynamic.json,174,0.345277,0.709830,0.021837,-0.061931,RIGHT_TO_LEFT,OUTSIDE_LEFT,0.216289,0
GOPR0279U20_trajectories_dynamic.json,188,0.863523,0.878007,0.206580,0.085062,LEFT_TO_RIGHT,OUTSIDE_RIGHT,,0
GOPR0280U20_trajectories_dynamic.json,32,0.026973,0.666206,-0.395818,0.054351,RIGHT_TO_LEFT,OUTSIDE_LEFT,,
GOPR0280U20_trajectories_dynamic.json,47,0.914457,0.836305,0.541444,0.041889,LEFT_TO_RIGHT,OUTSIDE_RIGHT,,0
GOPR0280U20_trajectories_dynamic.json,61,0.900223,0.845479,0.255041,0.176458,LEFT_TO_RIGHT,OUTSIDE_RIGHT,,0
GOPR0280U20_trajectories_dynamic.json,62,0.839074,0.715085,0.177450,0.061035,LEFT_TO_RIGHT,OUTSIDE_RIGHT,,0
GOPR0280U20_trajectories_dynamic.json,149,0.919570,0.691603,0.120397,0.066817,LEFT_TO_RIGHT,OUTSIDE_RIGHT,,
GOPR0280U20_trajectories_dynamic.json,152,0.375762,1.000000,-0.062613,0.000000,RIGHT_TO_LEFT,INSIDE_MOVING_LEFT,0.000000,0
GOPR0280U20_trajectories_dynamic.json,181,0.729165,0.774868,0.684147,0.007410,LEFT_TO_RIGHT,OUTSIDE_RIGHT,,0
GOPR0280U20_trajectories_dynamic.json,184,0.071306,0.693365,-0.176767,0.031583,RIGHT_TO_LEFT,OUTSIDE_LEFT,,0
GOPR0280U20_trajectories_dynamic.json,252,0.115057,0.686118,0.193442,0.012836,LEFT_TO_RIGHT,APPROACHING_FROM_LEFT,1.214540,
GOPR0280U20_trajectories_dynamic.json,294,0.841164,0.820095,0.490127,0.384632,LEFT_TO_RIGHT,OUTSIDE_RIGHT,,11
GOPR0280U20_trajectories_dynamic.json,295,0.340045,0.707824,0.464365,0.007819,RIGHT_TO_LEFT,APPROACHING_FROM_LEFT,0.021438,0
GOPR0280U20_trajectories_dynamic.json,340,0.911406,0.733215,0.259300,-0.145944,LEFT_TO_RIGHT,OUTSIDE_RIGHT,,0
GOPR0280U20_trajectories_dynamic.json,369,0.402236,1.000000,-0.082559,0.000000,RIGHT_TO_LEFT,INSIDE_MOVING_LEFT,0.000000,0
GOPR0280U20_trajectories_dynamic.json,376,0.090601,0.680730,-0.739261,0.090900,RIGHT_TO_LEFT,OUTSIDE_LEFT,,0
GOPR0280U20_trajectories_dynamic.json,387,0.751500,0.639035,0.126261,0.045818,VERTICAL,OUTSIDE_RIGHT,,
GOPR0280U20_trajectories_dynamic.json,407,0.898164,0.713230,-0.049356,0.099365,LEFT_TO_RIGHT,APPROACHING_FROM_RIGHT,5.028084,
GOPR0280U20_trajectories_dynamic.json,419,0.754602,0.738606,-0.075055,0.044820,LEFT_TO_RIGHT,APPROACHING_FROM_RIGHT,1.393679,
GOPR0280U20_trajectories_dynamic.json,436,0.187439,0.890691,-0.482526,0.534361,RIGHT_TO_LEFT,OUTSIDE_LEFT,,0
GOPR0280U20_trajectories_dynamic.json,455,0.155819,0.901566,-0.538310,0.485035,RIGHT_TO_LEFT,OUTSIDE_LEFT,,0
GOPR0280U20_trajectories_dynamic.json,503,0.399203,0.687908,-0.011389,0.017635,RIGHT_TO_LEFT,INSIDE_STATIONARY,0.000000,7
GOPR0280U20_trajectories_dynamic.json,532,0.105950,1.000000,-0.187851,0.590678,RIGHT_TO_LEFT,OUTSIDE_LEFT,,
GOPR0280U20_trajectories_dynamic.json,539,0.925629,0.642582,0.419262,-0.054865,LEFT_TO_RIGHT,OUTSIDE_RIGHT,,0
GOPR0280U20_trajectories_dynamic.json,543,0.897152,0.794776,0.228597,0.074069,LEFT_TO_RIGHT,OUTSIDE_RIGHT,,0
GOPR0280U20_trajectories_dynamic.json,552,0.875762,1.000000,0.476019,0.405894,LEFT_TO_RIGHT,OUTSIDE_RIGHT,,0
GOPR0280U20_trajectories_dynamic.json,603,0.073349,0.709747,-0.835491,0.087544,RIGHT_TO_LEFT,OUTSIDE_LEFT,,3
GOPR0280U20_trajectories_dynamic.json,608,0.438882,0.644506,-0.046253,0.050647,LEFT_TO_RIGHT,INSIDE_MOVING_LEFT,0.000000,6
GOPR0280U20_trajectories_dynamic.json,678,0.773944,0.887034,0.282194,0.408740,LEFT_TO_RIGHT,OUTSIDE_RIGHT,,0
GOPR0280U20_trajectories_dynamic.json,716,0.481716,0.789244,-0.075462,0.096019,LEFT_TO_RIGHT,INSIDE_MOVING_LEFT,0.000000,0
GOPR0280U20_trajectories_dynamic.json,786,0.089644,0.662667,-0.093106,0.031912,RIGHT_TO_LEFT,OUTSIDE_LEFT,,
GOPR0280U20_trajectories_dynamic.json,945,0.160894,0.682558,-0.115907,0.033617,RIGHT_TO_LEFT,OUTSIDE_LEFT,,
GOPR0280U20_trajectories_dynamic.json,965,0.015777,0.682535,-0.087972,-0.098515,RIGHT_TO_LEFT,OUTSIDE_LEFT,,
GOPR0280U20_trajectories_dynamic.json,984,0.081474,0.809234,-0.789763,0.070399,RIGHT_TO_LEFT,OUTSIDE_LEFT,,0
GOPR0280U20_trajectories_dynamic.json,986,0.187363,0.944980,-0.138862,0.474753,RIGHT_TO_LEFT,OUTSIDE_LEFT,,
GOPR0280U20_trajectories_dynamic.json,1001,0.435852,0.785642,0.159415,0.044872,RIGHT_TO_LEFT,INSIDE_MOVING_RIGHT,0.000000,0
GOPR0280U20_trajectories_dynamic.json,1005,0.400177,0.762088,-0.031239,0.112496,RIGHT_TO_LEFT,INSIDE_MOVING_LEFT,0.000000,0
GOPR0280U20_trajectories_dynamic.json,1058,0.372725,0.765756,0.231480,0.026996,RIGHT_TO_LEFT,INSIDE_MOVING_RIGHT,0.000000,0
GOPR0280U20_trajectories_dynamic.json,1072,0.172132,0.671707,0.040226,0.007241,RIGHT_TO_LEFT,APPROACHING_FROM_LEFT,4.421681,0
GOPR0280U20_trajectories_dynamic.json,1093,0.836035,1.000000,0.377251,0.228971,LEFT_TO_RIGHT,OUTSIDE_RIGHT,,0
GOPR0280U20_trajectories_dynamic.json,1129,0.514277,0.722347,0.087124,0.024014,LEFT_TO_RIGHT,INSIDE_MOVING_RIGHT,0.000000,14
GOPR0280U20_trajectories_dynamic.json,1131,0.662922,0.698724,0.038976,0.084677,LEFT_TO_RIGHT,OUTSIDE_RIGHT,,0
GOPR0280U20_trajectories_dynamic.json,1185,0.454195,0.749517,-0.176445,0.064889,RIGHT_TO_LEFT,INSIDE_MOVING_LEFT,0.000000,3
GOPR0280U20_trajectories_dynamic.json,1192,0.920605,0.896107,0.215332,0.074210,LEFT_TO_RIGHT,OUTSIDE_RIGHT,,
GOPR0280U20_trajectories_dynamic.json,1260,0.466443,0.787422,-0.146483,0.069673,LEFT_TO_RIGHT,INSIDE_MOVING_LEFT,0.000000,0
GOPR0280U20_trajectories_dynamic.json,1261,0.819754,0.955844,0.227736,0.466771,LEFT_TO_RIGHT,OUTSIDE_RIGHT,,7
GOPR0280U20_trajectories_dynamic.json,1272,0.265794,0.734990,-0.101396,-0.007757,RIGHT_TO_LEFT,OUTSIDE_LEFT,,0
GOPR0280U20_trajectories_dynamic.json,1283,0.348286,0.829163,0.060913,0.052198,RIGHT_TO_LEFT,APPROACHING_FROM_LEFT,0.028146,0
GOPR0280U20_trajectories_dynamic.json,1317,0.436865,0.903350,0.246462,-0.025392,LEFT_TO_RIGHT,INSIDE_MOVING_RIGHT,0.000000,37
GOPR0280U20_trajectories_dynamic.json,1384,0.069249,0.814675,-0.256362,0.070038,RIGHT_TO_LEFT,OUTSIDE_LEFT,,0
GOPR0280U20_trajectories_dynamic.json,1396,0.514253,0.733128,0.048004,-0.157747,LEFT_TO_RIGHT,INSIDE_MOVING_RIGHT,0.000000,0
GOPR0280U20_trajectories_dynamic.json,1397,0.845227,0.995697,0.853309,0.339986,LEFT_TO_RIGHT,OUTSIDE_RIGHT,,0
GOPR0280U20_trajectories_dynamic.json,1402,0.232193,0.869008,-0.156216,0.137935,RIGHT_TO_LEFT,OUTSIDE_LEFT,,37
GOPR0280U20_trajectories_dynamic.json,1417,0.509236,0.736836,-0.065721,0.010375,VERTICAL,INSIDE_MOVING_LEFT,0.000000,0
GOPR0280U20_trajectories_dynamic.json,1419,0.894125,0.731341,0.642717,0.048901,LEFT_TO_RIGHT,OUTSIDE_RIGHT,,0
GOPR0280U20_trajectories_dynamic.json,1473,0.018815,0.736737,-0.701747,0.040347,RIGHT_TO_LEFT,OUTSIDE_LEFT,,0
GOPR0280U20_trajectories_dynamic.json,1513,0.248476,0.796662,-0.086896,0.228884,RIGHT_TO_LEFT,OUTSIDE_LEFT,,
GOPR0280U20_trajectories_dynamic.json,1515,0.247419,0.997535,-0.246847,0.640786,RIGHT_TO_LEFT,OUTSIDE_LEFT,,7
GOPR0280U20_trajectories_dynamic.json,1529,0.037123,0.825546,-0.522913,0.145298,RIGHT_TO_LEFT,OUTSIDE_LEFT,,5
GOPR0280U20_trajectories_dynamic.json,1567,0.097776,0.648198,0.049273,-0.010716,RIGHT_TO_LEFT,APPROACHING_FROM_LEFT,5.118880,
GOPR0280U20_trajectories_dynamic.json,1593,0.858500,0.811026,0.242020,0.146885,LEFT_TO_RIGHT,OUTSIDE_RIGHT,,0
GOPR0280U20_trajectories_dynamic.json,1603,0.113030,0.615403,-0.220730,-0.102352,RIGHT_TO_LEFT,OUTSIDE_LEFT,,
GOPR0280U20_trajectories_dynamic.json,1623,0.256599,0.827373,-0.342194,0.243901,RIGHT_TO_LEFT,OUTSIDE_LEFT,,12
GOPR0280U20_trajectories_dynamic.json,1638,0.877805,0.943188,0.365171,0.360443,LEFT_TO_RIGHT,OUTSIDE_RIGHT,,
GOPR0280U20_trajectories_dynamic.json,1663,0.973551,0.664419,0.169020,-0.140066,LEFT_TO_RIGHT,OUTSIDE_RIGHT,,
GOPR0280U20_trajectories_dynamic.json,1677,0.097772,0.948649,-0.501758,0.297291,RIGHT_TO_LEFT,OUTSIDE_LEFT,,0
GOPR0280U20_trajectories_dynamic.json,1680,0.145632,0.854516,-0.400866,0.275997,RIGHT_TO_LEFT,OUTSIDE_LEFT,,0
GOPR0280U20_trajectories_dynamic.json,1731,0.481691,0.762113,-0.123298,-0.011312,RIGHT_TO_LEFT,INSIDE_MOVING_LEFT,0.000000,72
GOPR0280U20_trajectories_dynamic.json,1745,0.542795,0.673506,-0.015206,0.069368,VERTICAL,INSIDE_STATIONARY,0.000000,0
GOPR0280U20_trajectories_dynamic.json,1750,0.473495,0.655403,-0.072971,0.014527,RIGHT_TO_LEFT,INSIDE_MOVING_LEFT,0.000000,0
GOPR0281U20_trajectories_dynamic.json,2,0.027955,0.669851,-0.309678,0.050405,RIGHT_TO_LEFT,OUTSIDE_LEFT,,
GOPR0281U20_trajectories_dynamic.json,3,0.942984,0.722289,0.419120,0.075207,LEFT_TO_RIGHT,OUTSIDE_RIGHT,,0
GOPR0281U20_trajectories_dynamic.json,14,0.023910,0.727722,-0.290844,0.203059,RIGHT_TO_LEFT,OUTSIDE_LEFT,,
GOPR0281U20_trajectories_dynamic.json,43,0.866566,0.834598,0.706321,0.248995,LEFT_TO_RIGHT,OUTSIDE_RIGHT,,18
GOPR0281U20_trajectories_dynamic.json,94,0.821781,0.821795,0.306877,-0.064282,LEFT_TO_RIGHT,OUTSIDE_RIGHT,,0
GOPR0281U20_trajectories_dynamic.json,184,0.639514,0.677160,0.057425,0.027595,VERTICAL,INSIDE_MOVING_RIGHT,0.000000,0
GOPR0281U20_trajectories_dynamic.json,208,0.172130,0.867195,-0.397227,0.364106,RIGHT_TO_LEFT,OUTSIDE_LEFT,,0
GOPR0281U20_trajectories_dynamic.json,244,0.037648,0.566714,-0.363907,-0.071630,RIGHT_TO_LEFT,OUTSIDE_LEFT,,0
GOPR0281U20_trajectories_dynamic.json,283,0.705644,0.659039,-0.166625,0.040564,RIGHT_TO_LEFT,APPROACHING_FROM_RIGHT,0.333949,
GOPR0281U20_trajectories_dynamic.json,299,0.405265,0.611875,-0.132140,-0.028173,RIGHT_TO_LEFT,INSIDE_MOVING_LEFT,0.000000,0
GOPR0281U20_trajectories_dynamic.json,335,0.791261,0.778496,0.506723,0.350815,LEFT_TO_RIGHT,OUTSIDE_RIGHT,,0
GOPR0281U20_trajectories_dynamic.json,349,0.044809,0.629962,-0.421529,-0.080366,VERTICAL,OUTSIDE_LEFT,,
GOPR0281U20_trajectories_dynamic.json,352,0.909344,0.619150,0.402618,-0.078949,LEFT_TO_RIGHT,OUTSIDE_RIGHT,,0
GOPR0281U20_trajectories_dynamic.json,374,0.210796,0.789317,-0.298873,0.342151,RIGHT_TO_LEFT,OUTSIDE_LEFT,,0
GOPR0281U20_trajectories_dynamic.json,428,0.233163,0.771179,-0.270528,0.247107,RIGHT_TO_LEFT,OUTSIDE_LEFT,,0
GOPR0281U20_trajectories_dynamic.json,441,0.877828,0.725959,0.380042,0.244164,LEFT_TO_RIGHT,OUTSIDE_RIGHT,,0
GOPR0281U20_trajectories_dynamic.json,444,0.018820,0.635407,-0.000737,-0.027423,RIGHT_TO_LEFT,OUTSIDE_LEFT,,
GOPR0281U20_trajectories_dynamic.json,458,0.088610,0.823677,-0.391481,0.249022,RIGHT_TO_LEFT,OUTSIDE_LEFT,,0
GOPR0281U20_trajectories_dynamic.json,483,0.437865,0.651798,0.015294,-0.030098,VERTICAL,INSIDE_STATIONARY,0.000000,0
GOPR0281U20_trajectories_dynamic.json,494,0.566190,0.729590,-0.066173,-0.001505,LEFT_TO_RIGHT,INSIDE_MOVING_LEFT,0.000000,0
GOPR0281U20_trajectories_dynamic.json,495,0.078418,0.745908,-0.492938,0.206155,RIGHT_TO_LEFT,OUTSIDE_LEFT,,0
GOPR0281U20_trajectories_dynamic.json,510,0.082489,1.000000,-0.283866,0.255875,RIGHT_TO_LEFT,OUTSIDE_LEFT,,11
GOPR0281U20_trajectories_dynamic.json,549,0.148658,0.993907,-0.472469,0.313546,RIGHT_TO_LEFT,OUTSIDE_LEFT,,0
GOPR0281U20_trajectories_dynamic.json,578,0.727125,0.959463,0.385134,0.513613,LEFT_TO_RIGHT,OUTSIDE_RIGHT,,0
GOPR0281U20_trajectories_dynamic.json,637,0.100785,0.602874,-0.089111,0.039654,RIGHT_TO_LEFT,OUTSIDE_LEFT,,
GOPR0281U20_trajectories_dynamic.json,671,0.039789,0.648137,-0.388848,0.054602,RIGHT_TO_LEFT,OUTSIDE_LEFT,,
GOPR0281U20_trajectories_dynamic.json,701,0.171127,0.796532,-0.533244,0.244050,RIGHT_TO_LEFT,OUTSIDE_LEFT,,0
GOPR0281U20_trajectories_dynamic.json,711,0.460279,0.680761,0.042226,0.032586,LEFT_TO_RIGHT,INSIDE_MOVING_RIGHT,0.000000,0
GOPR0281U20_trajectories_dynamic.json,718,0.508139,0.684310,0.021590,-0.003090,VERTICAL,INSIDE_STATIONARY,0.000000,0
GOPR0281U20_trajectories_dynamic.json,731,0.909324,0.796605,0.493983,0.156829,LEFT_TO_RIGHT,OUTSIDE_RIGHT,,0
GOPR0281U20_trajectories_dynamic.json,732,0.852391,0.780230,0.502013,0.079671,LEFT_TO_RIGHT,OUTSIDE_RIGHT,,0
GOPR0281U20_trajectories_dynamic.json,811,0.554002,0.720503,0.089743,0.007786,RIGHT_TO_LEFT,INSIDE_MOVING_RIGHT,0.000000,0
GOPR0281U20_trajectories_dynamic.json,814,0.145582,0.912397,-0.316831,0.317281,RIGHT_TO_LEFT,OUTSIDE_LEFT,,0
GOPR0281U20_trajectories_dynamic.json,827,0.088602,0.854543,-0.443452,0.198465,RIGHT_TO_LEFT,OUTSIDE_LEFT,,0
GOPR0281U20_trajectories_dynamic.json,857,0.382871,0.704208,-0.147745,0.034612,RIGHT_TO_LEFT,INSIDE_MOVING_LEFT,0.000000,0
GOPR0281U20_trajectories_dynamic.json,889,0.903273,0.845462,0.359340,0.333446,LEFT_TO_RIGHT,OUTSIDE_RIGHT,,0
GOPR0281U20_trajectories_dynamic.json,908,0.029966,0.738615,-0.447382,0.106714,RIGHT_TO_LEFT,OUTSIDE_LEFT,,0
GOPR0281U20_trajectories_dynamic.json,1071,0.054934,0.687983,-0.237040,-0.017320,RIGHT_TO_LEFT,OUTSIDE_LEFT,,
GOPR0281U20_trajectories_dynamic.json,1121,0.474514,0.666208,-0.146963,-0.077415,RIGHT_TO_LEFT,INSIDE_MOVING_LEFT,0.000000,0
GOPR0281U20_trajectories_dynamic.json,1148,0.123218,0.878024,-0.256382,0.352992,RIGHT_TO_LEFT,OUTSIDE_LEFT,,4
GOPR0281U20_trajectories_dynamic.json,1152,0.277966,1.000000,-0.024042,0.000000,RIGHT_TO_LEFT,OUTSIDE_LEFT,,0
GOPR0281U20_trajectories_dynamic.json,1182,0.054995,1.000000,-0.169664,0.044263,RIGHT_TO_LEFT,OUTSIDE_LEFT,,0
GOPR0281U20_trajectories_dynamic.json,1223,0.093707,0.961351,-0.282957,0.233793,RIGHT_TO_LEFT,OUTSIDE_LEFT,,0
GOPR0281U20_trajectories_dynamic.json,1238,0.731139,0.943152,0.495204,0.457173,LEFT_TO_RIGHT,OUTSIDE_RIGHT,,0
GOPR0281U20_trajectories_dynamic.json,1252,0.055038,0.707842,-0.124031,-0.040921,LEFT_TO_RIGHT,OUTSIDE_LEFT,,
GOPR0281U20_trajectories_dynamic.json,1276,0.020830,0.854486,-0.671247,0.260302,RIGHT_TO_LEFT,OUTSIDE_LEFT,,0
GOPR0281U20_trajectories_dynamic.json,1297,0.091619,0.832710,-0.673709,0.255765,RIGHT_TO_LEFT,OUTSIDE_LEFT,,0
GOPR0281U20_trajectories_dynamic.json,1311,0.077425,0.838274,-0.590321,0.308293,RIGHT_TO_LEFT,OUTSIDE_LEFT,,0
GOPR0281U20_trajectories_dynamic.json,1317,0.019857,0.647984,-0.178990,-0.016436,RIGHT_TO_LEFT,OUTSIDE_LEFT,,0
GOPR0281U20_trajectories_dynamic.json,1321,0.049933,0.702425,-0.452332,0.030566,RIGHT_TO_LEFT,OUTSIDE_LEFT,,0
GOPR0281U20_trajectories_dynamic.json,1391,0.066199,0.765833,-0.585691,0.281581,RIGHT_TO_LEFT,OUTSIDE_LEFT,,0
GOPR0281U20_trajectories_dynamic.json,1395,0.112048,0.677040,-0.231723,0.124939,RIGHT_TO_LEFT,OUTSIDE_LEFT,,
GOPR0281U20_trajectories_dynamic.json,1397,0.159850,0.943215,-0.444119,0.590961,RIGHT_TO_LEFT,OUTSIDE_LEFT,,0
GOPR0281U20_trajectories_dynamic.json,1401,0.183308,0.830983,-0.428517,0.376482,RIGHT_TO_LEFT,OUTSIDE_LEFT,,0
GOPR0281U20_trajectories_dynamic.json,1418,0.423607,0.709586,-0.006997,-0.029898,RIGHT_TO_LEFT,INSIDE_STATIONARY,0.000000,0
GOPR0281U20_trajectories_dynamic.json,1435,0.033082,0.778434,-0.549824,0.266129,RIGHT_TO_LEFT,OUTSIDE_LEFT,,0
GOPR0282U20_trajectories_dynamic.json,0,0.906297,0.783854,0.498332,0.195778,LEFT_TO_RIGHT,OUTSIDE_RIGHT,,0
GOPR0282U20_trajectories_dynamic.json,25,0.200546,0.814682,-0.221659,0.326330,RIGHT_TO_LEFT,OUTSIDE_LEFT,,11
GOPR0282U20_trajectories_dynamic.json,71,0.159831,1.000000,-0.168212,0.202152,RIGHT_TO_LEFT,OUTSIDE_LEFT,,0
GOPR0282U20_trajectories_dynamic.json,72,0.816711,0.852751,0.415897,0.371167,LEFT_TO_RIGHT,OUTSIDE_RIGHT,,0
GOPR0282U20_trajectories_dynamic.json,82,0.111006,0.986613,-0.397730,0.327860,RIGHT_TO_LEFT,OUTSIDE_LEFT,,0
GOPR0282U20_trajectories_dynamic.json,107,0.102860,0.821905,-0.301084,0.129031,RIGHT_TO_LEFT,OUTSIDE_LEFT,,0
GOPR0282U20_trajectories_dynamic.json,112,0.087561,0.785671,-0.078944,0.055914,RIGHT_TO_LEFT,OUTSIDE_LEFT,,0
GOPR0282U20_trajectories_dynamic.json,141,0.170099,0.827328,-0.619077,0.141407,RIGHT_TO_LEFT,OUTSIDE_LEFT,,0
GOPR0282U20_trajectories_dynamic.json,157,0.976527,0.734886,0.083415,0.033442,LEFT_TO_RIGHT,OUTSIDE_RIGHT,,
GOPR0282U20_trajectories_dynamic.json,162,0.052907,0.820087,-0.796066,0.074388,RIGHT_TO_LEFT,OUTSIDE_LEFT,,0
GOPR0282U20_trajectories_dynamic.json,187,0.113085,0.852754,-0.353113,0.395727,RIGHT_TO_LEFT,OUTSIDE_LEFT,,
GOPR0282U20_trajectories_dynamic.json,194,0.772911,1.000000,0.275388,0.661353,LEFT_TO_RIGHT,OUTSIDE_RIGHT,,0
GOPR0282U20_trajectories_dynamic.json,212,0.654807,0.675316,-0.102879,0.032280,LEFT_TO_RIGHT,APPROACHING_FROM_RIGHT,0.046729,0
GOPR0282U20_trajectories_dynamic.json,270,0.898133,0.945003,0.361170,0.562974,LEFT_TO_RIGHT,OUTSIDE_RIGHT,,
GOPR0282U20_trajectories_dynamic.json,285,0.166006,0.919646,-0.719318,0.438756,RIGHT_TO_LEFT,OUTSIDE_LEFT,,0
GOPR0282U20_trajectories_dynamic.json,304,0.089608,0.749463,-0.403072,0.144002,RIGHT_TO_LEFT,OUTSIDE_LEFT,,0
GOPR0282U20_trajectories_dynamic.json,340,0.043775,0.726058,-0.467057,0.072275,RIGHT_TO_LEFT,OUTSIDE_LEFT,,
GOPR0282U20_trajectories_dynamic.json,343,0.920539,0.666181,0.346919,-0.062605,LEFT_TO_RIGHT,OUTSIDE_RIGHT,,
GOPR0282U20_trajectories_dynamic.json,357,0.326875,0.689765,-0.078911,0.026744,RIGHT_TO_LEFT,OUTSIDE_LEFT,,0
GOPR0282U20_trajectories_dynamic.json,377,0.127316,0.876190,-0.206223,0.105899,RIGHT_TO_LEFT,OUTSIDE_LEFT,,0
GOPR0282U20_trajectories_dynamic.json,381,0.049921,0.727780,-0.456953,0.160537,RIGHT_TO_LEFT,OUTSIDE_LEFT,,
GOPR0282U20_trajectories_dynamic.json,393,0.179197,0.756703,0.011113,-0.038760,RIGHT_TO_LEFT,OUTSIDE_LEFT,15.369277,0
GOPR0282U20_trajectories_dynamic.json,406,0.850281,0.501510,0.091232,-0.179515,LEFT_TO_RIGHT,OUTSIDE_RIGHT,,
GOPR0282U20_trajectories_dynamic.json,411,0.515273,0.648101,-0.065355,-0.047226,RIGHT_TO_LEFT,INSIDE_MOVING_LEFT,0.000000,0
GOPR0282U20_trajectories_dynamic.json,451,0.376827,0.669855,0.293790,0.068944,RIGHT_TO_LEFT,INSIDE_MOVING_RIGHT,0.000000,0
GOPR0282U20_trajectories_dynamic.json,453,0.417496,0.677010,0.219141,0.087569,RIGHT_TO_LEFT,INSIDE_MOVING_RIGHT,0.000000,0
GOPR0283U20_trajectories_dynamic.json,74,0.047355,0.910593,-0.384823,0.265019,RIGHT_TO_LEFT,OUTSIDE_LEFT,,0
GOPR0283U20_trajectories_dynamic.json,75,0.548889,0.725939,0.100843,0.044820,RIGHT_TO_LEFT,INSIDE_MOVING_RIGHT,0.000000,0
GOPR0283U20_trajectories_dynamic.json,82,0.162938,0.861691,-0.535777,0.250742,RIGHT_TO_LEFT,OUTSIDE_LEFT,,0
GOPR0283U20_trajectories_dynamic.json,96,0.890023,0.972121,0.530172,0.562345,LEFT_TO_RIGHT,OUTSIDE_RIGHT,,3
GOPR0283U20_trajectories_dynamic.json,103,0.654783,0.876160,-0.107921,0.011905,LEFT_TO_RIGHT,APPROACHING_FROM_RIGHT,0.044318,0
GOPR0283U20_trajectories_dynamic.json,110,0.911418,0.778513,0.488500,0.153519,LEFT_TO_RIGHT,OUTSIDE_RIGHT,,0
GOPR0283U20_trajectories_dynamic.json,119,0.286178,0.970321,-0.588486,0.160755,RIGHT_TO_LEFT,OUTSIDE_LEFT,,0
GOPR0283U20_trajectories_dynamic.json,133,0.187348,0.914287,0.010044,0.126808,RIGHT_TO_LEFT,OUTSIDE_LEFT,16.194498,
GOPR0283U20_trajectories_dynamic.json,136,0.870641,1.000000,0.588327,0.728362,LEFT_TO_RIGHT,OUTSIDE_RIGHT,,0
GOPR0283U20_trajectories_dynamic.json,143,0.037133,0.693367,-0.355547,0.084745,RIGHT_TO_LEFT,OUTSIDE_LEFT,,0
GOPR0283U20_trajectories_dynamic.json,147,0.080402,0.845420,-0.076529,0.197050,RIGHT_TO_LEFT,OUTSIDE_LEFT,,0
GOPR0283U20_trajectories_dynamic.json,201,0.418541,0.718687,0.047225,0.035693,LEFT_TO_RIGHT,INSIDE_MOVING_RIGHT,0.000000,0
GOPR0283U20_trajectories_dynamic.json,229,0.121170,0.915992,-0.320481,0.433488,RIGHT_TO_LEFT,OUTSIDE_LEFT,,0
GOPR0283U20_trajectories_dynamic.json,233,0.855418,0.925087,0.558478,0.377263,LEFT_TO_RIGHT,OUTSIDE_RIGHT,,0
GOPR0283U20_trajectories_dynamic.json,248,0.173152,0.950399,-0.516020,0.288279,RIGHT_TO_LEFT,OUTSIDE_LEFT,,0
GOPR0283U20_trajectories_dynamic.json,269,0.807525,0.756753,0.361576,0.225559,LEFT_TO_RIGHT,OUTSIDE_RIGHT,,0
GOPR0283U20_trajectories_dynamic.json,274,0.325929,0.644483,-0.226238,-0.012821,RIGHT_TO_LEFT,OUTSIDE_LEFT,,0
GOPR0283U20_trajectories_dynamic.json,286,0.620129,0.791124,0.175821,0.274963,LEFT_TO_RIGHT,INSIDE_MOVING_RIGHT,0.000000,0
GOPR0283U20_trajectories_dynamic.json,302,0.878816,0.684333,0.602541,-0.025087,LEFT_TO_RIGHT,OUTSIDE_RIGHT,,4
GOPR0283U20_trajectories_dynamic.json,303,0.552873,0.673394,0.121363,0.009010,LEFT_TO_RIGHT,INSIDE_MOVING_RIGHT,0.000000,0
GOPR0283U20_trajectories_dynamic.json,355,0.877812,0.892498,0.435627,0.482708,LEFT_TO_RIGHT,OUTSIDE_RIGHT,,0
GOPR0283U20_trajectories_dynamic.json,357,0.021849,0.651732,-0.448121,0.109580,RIGHT_TO_LEFT,OUTSIDE_LEFT,,0
GOPR0283U20_trajectories_dynamic.json,358,0.793234,0.840081,0.243059,0.405192,LEFT_TO_RIGHT,OUTSIDE_RIGHT,,0
GOPR0283U20_trajectories_dynamic.json,367,0.377809,0.827410,-0.363045,0.295002,RIGHT_TO_LEFT,INSIDE_MOVING_LEFT,0.000000,13
GOPR0283U20_trajectories_dynamic.json,369,0.869680,0.939551,0.411843,0.509179,VERTICAL,OUTSIDE_RIGHT,,
GOPR0284U20_trajectories_dynamic.json,30,0.784094,0.995746,0.569653,0.707191,LEFT_TO_RIGHT,OUTSIDE_RIGHT,,0
GOPR0284U20_trajectories_dynamic.json,45,0.817688,0.821874,0.418025,0.248308,LEFT_TO_RIGHT,OUTSIDE_RIGHT,,0
GOPR0284U20_trajectories_dynamic.json,46,0.157863,0.903388,-0.360030,0.423102,RIGHT_TO_LEFT,OUTSIDE_LEFT,,0
GOPR0284U20_trajectories_dynamic.json,52,0.156834,0.870830,-0.348390,0.320719,RIGHT_TO_LEFT,OUTSIDE_LEFT,,0
GOPR0284U20_trajectories_dynamic.json,61,0.217944,0.881667,-0.302280,0.347097,RIGHT_TO_LEFT,OUTSIDE_LEFT,,0
GOPR0284U20_trajectories_dynamic.json,74,0.031068,0.771237,-0.531964,0.181103,RIGHT_TO_LEFT,OUTSIDE_LEFT,,0
GOPR0284U20_trajectories_dynamic.json,85,0.932754,0.689707,0.327909,0.144784,LEFT_TO_RIGHT,OUTSIDE_RIGHT,,
GOPR0284U20_trajectories_dynamic.json,117,0.827887,0.849003,0.423453,0.265744,LEFT_TO_RIGHT,OUTSIDE_RIGHT,,0
GOPR0284U20_trajectories_dynamic.json,121,0.432789,0.671612,-0.060705,-0.010243,RIGHT_TO_LEFT,INSIDE_MOVING_LEFT,0.000000,0
GOPR0284U20_trajectories_dynamic.json,128,0.648625,0.899715,-0.347355,0.096556,RIGHT_TO_LEFT,INSIDE_MOVING_LEFT,0.000000,38
GOPR0284U20_trajectories_dynamic.json,157,0.181275,1.000000,-0.329146,0.111534,RIGHT_TO_LEFT,OUTSIDE_LEFT,,0
GOPR0284U20_trajectories_dynamic.json,166,0.448092,0.687982,-0.037683,0.047568,VERTICAL,INSIDE_MOVING_LEFT,0.000000,0
GOPR0284U20_trajectories_dynamic.json,186,0.808521,0.852690,0.456780,0.255438,LEFT_TO_RIGHT,OUTSIDE_RIGHT,,0
GOPR0284U20_trajectories_dynamic.json,189,0.786141,1.000000,0.507614,0.633271,LEFT_TO_RIGHT,OUTSIDE_RIGHT,,0
GOPR0284U20_trajectories_dynamic.json,203,0.429739,0.704095,0.078159,0.032748,LEFT_TO_RIGHT,INSIDE_MOVING_RIGHT,0.000000,19
GOPR0284U20_trajectories_dynamic.json,210,0.861559,0.839937,0.592276,0.286436,LEFT_TO_RIGHT,OUTSIDE_RIGHT,,0
GOPR0284U20_trajectories_dynamic.json,215,0.885969,0.973942,0.740291,0.533955,LEFT_TO_RIGHT,OUTSIDE_RIGHT,,0
GOPR0284U20_trajectories_dynamic.json,225,0.039680,0.734926,-0.474691,0.014195,RIGHT_TO_LEFT,OUTSIDE_LEFT,,
GOPR0284U20_trajectories_dynamic.json,227,0.119145,0.816444,-0.462249,0.087468,RIGHT_TO_LEFT,OUTSIDE_LEFT,,5
GOPR0284U20_trajectories_dynamic.json,231,0.070231,0.731340,-0.582199,0.101856,RIGHT_TO_LEFT,OUTSIDE_LEFT,,5
GOPR0284U20_trajectories_dynamic.json,248,0.915512,0.820039,0.474498,0.414375,LEFT_TO_RIGHT,OUTSIDE_RIGHT,,8
GOPR0284U20_trajectories_dynamic.json,251,0.774946,0.883434,0.358246,0.420781,LEFT_TO_RIGHT,OUTSIDE_RIGHT,,4
GOPR0284U20_trajectories_dynamic.json,259,0.108919,0.734974,-0.320542,0.070137,RIGHT_TO_LEFT,OUTSIDE_LEFT,,0
GOPR0284U20_trajectories_dynamic.json,272,0.835012,0.982983,0.546812,0.559480,LEFT_TO_RIGHT,OUTSIDE_RIGHT,,0
GOPR0284U20_trajectories_dynamic.json,276,0.696489,0.823748,0.384452,0.271752,LEFT_TO_RIGHT,OUTSIDE_RIGHT,,0
GOPR0284U20_trajectories_dynamic.json,301,0.755624,0.832764,0.442899,0.421644,LEFT_TO_RIGHT,OUTSIDE_RIGHT,,0
GOPR0284U20_trajectories_dynamic.json,311,0.022900,0.715094,-0.071304,0.030848,RIGHT_TO_LEFT,OUTSIDE_LEFT,,
GOPR0284U20_trajectories_dynamic.json,312,0.523446,0.655405,0.191326,-0.076349,RIGHT_TO_LEFT,INSIDE_MOVING_RIGHT,0.000000,0
GOPR0284U20_trajectories_dynamic.json,325,0.076389,0.659004,-0.000344,0.050585,LEFT_TO_RIGHT,OUTSIDE_LEFT,,
GOPR0284U20_trajectories_dynamic.json,327,0.211835,0.923261,-0.200040,0.186249,RIGHT_TO_LEFT,OUTSIDE_LEFT,,0
GOPR0284U20_trajectories_dynamic.json,362,0.335007,0.642657,0.046793,0.008592,LEFT_TO_RIGHT,APPROACHING_FROM_LEFT,0.320410,
GOPR0284U20_trajectories_dynamic.json,372,0.792219,0.640806,-0.034130,-0.063861,VERTICAL,APPROACHING_FROM_RIGHT,4.167021,
GOPR0284U20_trajectories_dynamic.json,381,0.068252,0.725920,-0.477625,0.049608,RIGHT_TO_LEFT,OUTSIDE_LEFT,,0
GOPR0284U20_trajectories_dynamic.json,402,0.027975,0.733093,-0.505950,0.103830,RIGHT_TO_LEFT,OUTSIDE_LEFT,,0
GOPR0284U20_trajectories_dynamic.json,406,0.019824,0.805665,-0.255175,0.250295,RIGHT_TO_LEFT,OUTSIDE_LEFT,,
GOPR0284U20_trajectories_dynamic.json,434,0.766803,0.910568,0.292683,0.352629,LEFT_TO_RIGHT,OUTSIDE_RIGHT,,0
GOPR0284U20_trajectories_dynamic.json,508,0.175116,0.988424,-0.514781,0.576232,RIGHT_TO_LEFT,OUTSIDE_LEFT,,0
GOPR0284U20_trajectories_dynamic.json,522,0.284054,0.702344,-0.068367,0.065088,LEFT_TO_RIGHT,OUTSIDE_LEFT,,
GOPR0284U20_trajectories_dynamic.json,578,0.170077,0.725909,-0.013215,0.122335,RIGHT_TO_LEFT,OUTSIDE_LEFT,,
GOPR0284U20_trajectories_dynamic.json,654,0.729102,0.651610,-0.086902,-0.037130,LEFT_TO_RIGHT,APPROACHING_FROM_RIGHT,0.910237,0
GOPR0284U20_trajectories_dynamic.json,668,0.282086,0.840035,-0.473813,0.279830,RIGHT_TO_LEFT,OUTSIDE_LEFT,,0
GOPR0284U20_trajectories_dynamic.json,674,0.304500,0.812820,-0.367431,0.276787,RIGHT_TO_LEFT,OUTSIDE_LEFT,,0
GOPR0284U20_trajectories_dynamic.json,683,0.453093,0.646235,-0.004167,-0.050887,RIGHT_TO_LEFT,INSIDE_STATIONARY,0.000000,0
GOPR0284U20_trajectories_dynamic.json,695,0.223006,0.881684,-0.407910,0.455738,RIGHT_TO_LEFT,OUTSIDE_LEFT,,0
GOPR0284U20_trajectories_dynamic.json,727,0.861527,0.722358,0.226584,-0.135056,LEFT_TO_RIGHT,OUTSIDE_RIGHT,,4
GOPR0284U20_trajectories_dynamic.json,729,0.940898,0.934130,0.365878,0.303429,LEFT_TO_RIGHT,OUTSIDE_RIGHT,,0
GOPR0284U20_trajectories_dynamic.json,738,0.851328,0.993918,0.310879,0.512198,LEFT_TO_RIGHT,OUTSIDE_RIGHT,,4
GOPR0284U20_trajectories_dynamic.json,781,0.829973,0.868957,0.467084,0.306069,LEFT_TO_RIGHT,OUTSIDE_RIGHT,,5
GOPR0284U20_trajectories_dynamic.json,782,0.845234,0.952257,0.502653,0.451169,LEFT_TO_RIGHT,OUTSIDE_RIGHT,,0
GOPR0284U20_trajectories_dynamic.json,783,0.268855,0.964906,-0.332376,0.603768,RIGHT_TO_LEFT,OUTSIDE_LEFT,,0
GOPR0284U20_trajectories_dynamic.json,875,0.188394,0.796504,-0.445671,0.183085,RIGHT_TO_LEFT,OUTSIDE_LEFT,,0
GOPR0284U20_trajectories_dynamic.json,930,0.053966,0.787504,-0.534565,0.298790,RIGHT_TO_LEFT,OUTSIDE_LEFT,,0
GOPR0284U20_trajectories_dynamic.json,971,0.118112,0.892509,-0.633399,0.190233,RIGHT_TO_LEFT,OUTSIDE_LEFT,,0
GOPR0284U20_trajectories_dynamic.json,1002,0.040190,0.877960,-0.638918,0.150796,RIGHT_TO_LEFT,OUTSIDE_LEFT,,0
GOPR0284U20_trajectories_dynamic.json,1008,0.893105,0.807425,0.412675,0.005413,LEFT_TO_RIGHT,OUTSIDE_RIGHT,,7
GOPR0284U20_trajectories_dynamic.json,1019,0.031044,0.773050,-0.491761,0.267941,RIGHT_TO_LEFT,OUTSIDE_LEFT,,
GOPR0284U20_trajectories_dynamic.json,1044,0.081483,0.925075,-0.423765,0.555643,RIGHT_TO_LEFT,OUTSIDE_LEFT,,0
GOPR0284U20_trajectories_dynamic.json,1048,0.864547,0.756728,0.398286,-0.050328,LEFT_TO_RIGHT,OUTSIDE_RIGHT,,5
GOPR0284U20_trajectories_dynamic.json,1103,0.039198,0.849060,-0.072121,0.039331,RIGHT_TO_LEFT,OUTSIDE_LEFT,,10
GOPR0284U20_trajectories_dynamic.json,1122,0.811586,0.955853,0.334991,0.565924,LEFT_TO_RIGHT,OUTSIDE_RIGHT,,0
GOPR0284U20_trajectories_dynamic.json,1125,0.015774,0.716897,-0.084113,-0.021925,RIGHT_TO_LEFT,OUTSIDE_LEFT,,0
GOPR0284U20_trajectories_dynamic.json,1140,0.847277,0.865343,0.527887,0.355332,LEFT_TO_RIGHT,OUTSIDE_RIGHT,,0
GOPR0284U20_trajectories_dynamic.json,1150,0.084545,0.809269,-0.037732,0.132039,LEFT_TO_RIGHT,OUTSIDE_LEFT,,
GOPR0284U20_trajectories_dynamic.json,1174,0.927738,0.651710,0.410959,-0.010248,LEFT_TO_RIGHT,OUTSIDE_RIGHT,,0
GOPR0284U20_trajectories_dynamic.json,1179,0.919570,0.858105,0.506943,0.331595,LEFT_TO_RIGHT,OUTSIDE_RIGHT,,0
GOPR0284U20_trajectories_dynamic.json,1204,0.066175,0.840005,0.032815,0.149963,RIGHT_TO_LEFT,APPROACHING_FROM_LEFT,8.649277,
GOPR0284U20_trajectories_dynamic.json,1207,0.259736,0.899762,-0.290543,0.455130,RIGHT_TO_LEFT,OUTSIDE_LEFT,,0
GOPR0284U20_trajectories_dynamic.json,1227,0.021878,0.740381,-0.570529,0.052402,RIGHT_TO_LEFT,OUTSIDE_LEFT,,29
GOPR0284U20_trajectories_dynamic.json,1230,0.950098,0.704199,0.038352,-0.012549,LEFT_TO_RIGHT,OUTSIDE_RIGHT,,
GOPR0284U20_trajectories_dynamic.json,1245,0.036114,0.742236,-0.458088,0.161563,RIGHT_TO_LEFT,OUTSIDE_LEFT,,13
GOPR0284U20_trajectories_dynamic.json,1261,0.145620,0.874398,-0.427162,0.402206,RIGHT_TO_LEFT,OUTSIDE_LEFT,,0
GOPR0284U20_trajectories_dynamic.json,1262,0.821768,0.870786,0.666540,0.404624,LEFT_TO_RIGHT,OUTSIDE_RIGHT,,0
GOPR0284U20_trajectories_dynamic.json,1280,0.014727,0.644506,-0.349982,-0.020181,VERTICAL,OUTSIDE_LEFT,,
GOPR0284U20_trajectories_dynamic.json,1301,0.878816,0.997527,0.511978,0.534457,LEFT_TO_RIGHT,OUTSIDE_RIGHT,,0
GOPR0284U20_trajectories_dynamic.json,1372,0.843172,0.935890,0.572188,0.428929,LEFT_TO_RIGHT,OUTSIDE_RIGHT,,0
GOPR0284U20_trajectories_dynamic.json,1418,0.313682,0.588272,0.034723,-0.085207,LEFT_TO_RIGHT,APPROACHING_FROM_LEFT,1.045936,
GOPR0284U20_trajectories_dynamic.json,1422,0.248479,0.592009,-0.067795,-0.090548,LEFT_TO_RIGHT,OUTSIDE_LEFT,,
GOPR0284U20_trajectories_dynamic.json,1424,0.315630,0.618955,0.012957,-0.062406,VERTICAL,OUTSIDE_LEFT,2.652588,
GOPR0284U20_trajectories_dynamic.json,1434,0.213843,0.649895,0.019836,-0.009954,LEFT_TO_RIGHT,OUTSIDE_LEFT,6.864088,
GOPR0284U20_trajectories_dynamic.json,1565,0.014784,0.713353,-0.167661,0.021603,RIGHT_TO_LEFT,OUTSIDE_LEFT,,
GOPR0284U20_trajectories_dynamic.json,1566,0.097749,0.698810,-0.072653,0.085419,RIGHT_TO_LEFT,OUTSIDE_LEFT,,
GOPR0284U20_trajectories_dynamic.json,1598,0.061093,0.803822,-0.085741,0.053699,RIGHT_TO_LEFT,OUTSIDE_LEFT,,0
GOPR0284U20_trajectories_dynamic.json,1616,0.339011,0.687935,-0.103416,0.090994,RIGHT_TO_LEFT,OUTSIDE_LEFT,,0
GOPR0284U20_trajectories_dynamic.json,1634,0.035654,0.707832,0.048799,-0.009012,RIGHT_TO_LEFT,APPROACHING_FROM_LEFT,6.441685,
GOPR0284U20_trajectories_dynamic.json,1660,0.015775,0.733131,-0.276206,0.092608,RIGHT_TO_LEFT,OUTSIDE_LEFT,,
GOPR0284U20_trajectories_dynamic.json,1665,0.015746,0.767562,-0.043802,0.005545,RIGHT_TO_LEFT,OUTSIDE_LEFT,,1
GOPR0284U20_trajectories_dynamic.json,1678,0.568249,0.731291,0.135122,0.078790,LEFT_TO_RIGHT,INSIDE_MOVING_RIGHT,0.000000,0
GOPR0284U20_trajectories_dynamic.json,1684,0.315687,0.695175,-0.026634,-0.001069,RIGHT_TO_LEFT,OUTSIDE_LEFT,,0
GOPR0284U20_trajectories_dynamic.json,1705,0.557032,0.724106,0.125375,0.057512,LEFT_TO_RIGHT,INSIDE_MOVING_RIGHT,0.000000,0
GOPR0284U20_trajectories_dynamic.json,1711,0.865551,0.756758,0.147946,-0.010991,LEFT_TO_RIGHT,OUTSIDE_RIGHT,,0
GOPR0284U20_trajectories_dynamic.json,1715,0.020829,0.803803,-0.025576,0.122861,RIGHT_TO_LEFT,OUTSIDE_LEFT,,
GOPR0284U20_trajectories_dynamic.json,1722,0.787182,0.769459,0.165961,0.068810,LEFT_TO_RIGHT,OUTSIDE_RIGHT,,0
GOPR0284U20_trajectories_dynamic.json,1724,0.384880,0.733124,0.364157,0.002630,LEFT_TO_RIGHT,INSIDE_MOVING_RIGHT,0.000000,53
GOPR0284U20_trajectories_dynamic.json,1734,0.752607,0.731320,0.127688,-0.017070,LEFT_TO_RIGHT,OUTSIDE_RIGHT,,0
GOPR0284U20_trajectories_dynamic.json,1740,0.532595,0.706091,-0.006984,0.033003,VERTICAL,INSIDE_STATIONARY,0.000000,0
GOPR0284U20_trajectories_dynamic.json,1747,0.898230,0.818282,0.557236,0.145235,LEFT_TO_RIGHT,OUTSIDE_RIGHT,,0
GOPR0285U20_trajectories_dynamic.json,1,0.509180,0.760301,0.180937,0.060792,LEFT_TO_RIGHT,INSIDE_MOVING_RIGHT,0.000000,10
GOPR0285U20_trajectories_dynamic.json,12,0.726058,0.823663,0.280807,0.186078,LEFT_TO_RIGHT,OUTSIDE_RIGHT,,0
GOPR0285U20_trajectories_dynamic.json,19,0.030550,0.707862,-0.083525,0.132115,VERTICAL,OUTSIDE_LEFT,,
GOPR0285U20_trajectories_dynamic.json,33,0.066197,0.679002,-0.400712,0.029097,RIGHT_TO_LEFT,OUTSIDE_LEFT,,0
GOPR0285U20_trajectories_dynamic.json,39,0.859457,0.798403,0.652905,0.096246,LEFT_TO_RIGHT,OUTSIDE_RIGHT,,0
GOPR0285U20_trajectories_dynamic.json,40,0.938855,0.805642,0.638290,0.138417,LEFT_TO_RIGHT,OUTSIDE_RIGHT,,0
GOPR0285U20_trajectories_dynamic.json,47,0.898180,0.966617,0.596796,0.486378,LEFT_TO_RIGHT,OUTSIDE_RIGHT,,0
GOPR0285U20_trajectories_dynamic.json,54,0.152716,0.820013,-0.213534,0.310254,RIGHT_TO_LEFT,OUTSIDE_LEFT,,0
GOPR0285U20_trajectories_dynamic.json,65,0.896133,0.977678,0.720800,0.538018,LEFT_TO_RIGHT,OUTSIDE_RIGHT,,0
GOPR0285U20_trajectories_dynamic.json,76,0.136498,0.821939,-0.109582,0.274767,VERTICAL,OUTSIDE_LEFT,,
GOPR0285U20_trajectories_dynamic.json,112,0.151742,0.812850,-0.293755,0.037324,RIGHT_TO_LEFT,OUTSIDE_LEFT,,0
GOPR0285U20_trajectories_dynamic.json,128,0.796301,0.957708,0.122965,0.358204,LEFT_TO_RIGHT,OUTSIDE_RIGHT,,12
GOPR0285U20_trajectories_dynamic.json,140,0.103891,0.907015,0.083175,0.023974,LEFT_TO_RIGHT,APPROACHING_FROM_LEFT,2.958933,
GOPR0285U20_trajectories_dynamic.json,185,0.922652,0.756776,0.353278,0.092405,LEFT_TO_RIGHT,OUTSIDE_RIGHT,,0
GOPR0285U20_trajectories_dynamic.json,261,0.053418,0.872535,-0.240159,0.037402,RIGHT_TO_LEFT,OUTSIDE_LEFT,,
GOPR0285U20_trajectories_dynamic.json,289,0.516345,0.792881,-0.136835,-0.126370,RIGHT_TO_LEFT,INSIDE_MOVING_LEFT,0.000000,3
GOPR0285U20_trajectories_dynamic.json,331,0.250548,0.724167,-0.160138,-0.009501,RIGHT_TO_LEFT,OUTSIDE_LEFT,,0
GOPR0285U20_trajectories_dynamic.json,338,0.066171,0.811018,-0.222910,0.124532,RIGHT_TO_LEFT,OUTSIDE_LEFT,,
GOPR0285U20_trajectories_dynamic.json,342,0.091683,0.702372,-0.318961,0.083243,RIGHT_TO_LEFT,OUTSIDE_LEFT,,
GOPR0285U20_trajectories_dynamic.json,362,0.290207,0.990272,-0.158170,0.558767,RIGHT_TO_LEFT,OUTSIDE_LEFT,,0
GOPR0285U20_trajectories_dynamic.json,363,0.227037,0.709646,-0.360722,0.071065,VERTICAL,OUTSIDE_LEFT,,15
GOPR0285U20_trajectories_dynamic.json,370,0.021843,0.684308,-0.260227,-0.092902,RIGHT_TO_LEFT,OUTSIDE_LEFT,,
GOPR0285U20_trajectories_dynamic.json,372,0.211867,0.896114,-0.241141,0.419728,RIGHT_TO_LEFT,OUTSIDE_LEFT,,0
GOPR0285U20_trajectories_dynamic.json,373,0.068253,0.769361,-0.491594,0.165059,RIGHT_TO_LEFT,OUTSIDE_LEFT,,0
GOPR0285U20_trajectories_dynamic.json,387,0.263795,0.682585,-0.001402,0.050696,LEFT_TO_RIGHT,OUTSIDE_LEFT,,
GOPR0285U20_trajectories_dynamic.json,395,0.722004,0.906965,0.287550,0.393274,LEFT_TO_RIGHT,OUTSIDE_RIGHT,,0
GOPR0285U20_trajectories_dynamic.json,400,0.881902,0.807428,0.246940,0.236462,LEFT_TO_RIGHT,OUTSIDE_RIGHT,,
GOPR0285U20_trajectories_dynamic.json,404,0.048871,0.718699,-0.213970,-0.040855,RIGHT_TO_LEFT,OUTSIDE_LEFT,,
GOPR0285U20_trajectories_dynamic.json,465,0.065206,0.707866,0.048067,-0.046805,RIGHT_TO_LEFT,APPROACHING_FROM_LEFT,5.924912,
GOPR0285U20_trajectories_dynamic.json,477,0.808515,0.830950,0.402834,0.249712,LEFT_TO_RIGHT,OUTSIDE_RIGHT,,0
GOPR0285U20_trajectories_dynamic.json,496,0.196521,0.939577,-0.369799,0.519297,RIGHT_TO_LEFT,OUTSIDE_LEFT,,0
GOPR0285U20_trajectories_dynamic.json,531,0.781023,0.736844,-0.201832,0.049448,LEFT_TO_RIGHT,APPROACHING_FROM_RIGHT,0.649169,0
GOPR0285U20_trajectories_dynamic.json,550,0.049895,0.709571,-0.190640,0.035035,VERTICAL,OUTSIDE_LEFT,,
GOPR0285U20_trajectories_dynamic.json,560,0.224045,1.000000,-0.352464,0.615811,RIGHT_TO_LEFT,OUTSIDE_LEFT,,0
GOPR0285U20_trajectories_dynamic.json,577,0.324884,0.673428,0.037011,0.033353,LEFT_TO_RIGHT,APPROACHING_FROM_LEFT,0.678602,
GOPR0285U20_trajectories_dynamic.json,581,0.862559,0.957653,0.371620,0.444682,LEFT_TO_RIGHT,OUTSIDE_RIGHT,,0
GOPR0285U20_trajectories_dynamic.json,582,0.111928,0.700584,-0.234500,0.085147,RIGHT_TO_LEFT,OUTSIDE_LEFT,,
GOPR0285U20_trajectories_dynamic.json,608,0.805539,0.776625,0.298453,0.049589,LEFT_TO_RIGHT,OUTSIDE_RIGHT,,3
GOPR0285U20_trajectories_dynamic.json,609,0.307474,0.836380,-0.184374,0.338485,RIGHT_TO_LEFT,OUTSIDE_LEFT,,0
GOPR0285U20_trajectories_dynamic.json,614,0.088573,0.850792,-0.352937,0.333505,RIGHT_TO_LEFT,OUTSIDE_LEFT,,0
GOPR0285U20_trajectories_dynamic.json,629,0.949137,0.783913,0.513706,0.138787,LEFT_TO_RIGHT,OUTSIDE_RIGHT,,6
GOPR0285U20_trajectories_dynamic.json,632,0.530489,0.648083,-0.163167,0.035917,RIGHT_TO_LEFT,INSIDE_MOVING_LEFT,0.000000,0
GOPR0285U20_trajectories_dynamic.json,663,0.052914,0.744037,-0.432695,0.157476,RIGHT_TO_LEFT,OUTSIDE_LEFT,,3
GOPR0285U20_trajectories_dynamic.json,679,0.033592,0.628227,-0.293667,-0.036458,RIGHT_TO_LEFT,OUTSIDE_LEFT,,
GOPR0285U20_trajectories_dynamic.json,682,0.154786,0.820076,-0.444499,0.309500,RIGHT_TO_LEFT,OUTSIDE_LEFT,,0
GOPR0285U20_trajectories_dynamic.json,701,0.651709,0.722344,-0.135574,0.002661,RIGHT_TO_LEFT,APPROACHING_FROM_RIGHT,0.012603,
GOPR0285U20_trajectories_dynamic.json,716,0.964348,0.735007,0.271650,0.104697,LEFT_TO_RIGHT,OUTSIDE_RIGHT,,0
GOPR0285U20_trajectories_dynamic.json,728,0.925664,0.827366,0.364510,0.215476,LEFT_TO_RIGHT,OUTSIDE_RIGHT,,
GOPR0285U20_trajectories_dynamic.json,760,0.012677,0.698777,-0.238036,0.134304,RIGHT_TO_LEFT,OUTSIDE_LEFT,,
GOPR0285U20_trajectories_dynamic.json,766,0.103826,0.655379,-0.152249,0.062378,RIGHT_TO_LEFT,OUTSIDE_LEFT,,
GOPR0285U20_trajectories_dynamic.json,770,0.854344,0.720482,0.644030,0.084684,LEFT_TO_RIGHT,OUTSIDE_RIGHT,,0
GOPR0285U20_trajectories_dynamic.json,773,0.800392,0.968567,0.462243,0.459063,LEFT_TO_RIGHT,OUTSIDE_RIGHT,,12
GOPR0285U20_trajectories_dynamic.json,774,0.803407,0.923313,0.349012,0.334221,LEFT_TO_RIGHT,OUTSIDE_RIGHT,,19
GOPR0285U20_trajectories_dynamic.json,784,0.600829,0.691578,0.157254,0.096795,LEFT_TO_RIGHT,INSIDE_MOVING_RIGHT,0.000000,0
GOPR0285U20_trajectories_dynamic.json,797,0.143543,0.930483,-0.119961,0.342453,LEFT_TO_RIGHT,OUTSIDE_LEFT,,
GOPR0285U20_trajectories_dynamic.json,799,0.178193,0.859942,-0.370062,0.109483,VERTICAL,OUTSIDE_LEFT,,15
GOPR0285U20_trajectories_dynamic.json,804,0.101793,0.829168,-0.475602,0.224120,RIGHT_TO_LEFT,OUTSIDE_LEFT,,
GOPR0286U20_trajectories_dynamic.json,0,0.235301,1.000000,-0.427856,0.212434,RIGHT_TO_LEFT,OUTSIDE_LEFT,,6
GOPR0286U20_trajectories_dynamic.json,4,0.257654,0.579287,-0.088188,-0.049210,RIGHT_TO_LEFT,OUTSIDE_LEFT,,0
GOPR0286U20_trajectories_dynamic.json,20,0.767811,1.000000,0.492486,0.629015,LEFT_TO_RIGHT,OUTSIDE_RIGHT,,0
GOPR0286U20_trajectories_dynamic.json,33,0.783046,0.850877,0.433375,0.250149,LEFT_TO_RIGHT,OUTSIDE_RIGHT,,0
GOPR0286U20_trajectories_dynamic.json,46,0.865547,0.861753,0.873335,0.143552,LEFT_TO_RIGHT,OUTSIDE_RIGHT,,11
GOPR0286U20_trajectories_dynamic.json,64,0.241315,0.651657,-0.038104,-0.115942,RIGHT_TO_LEFT,OUTSIDE_LEFT,,0
GOPR0286U20_trajectories_dynamic.json,94,0.867613,0.910619,0.999681,0.204192,LEFT_TO_RIGHT,OUTSIDE_RIGHT,,12
GOPR0286U20_trajectories_dynamic.json,99,0.850297,0.801924,0.692651,0.124679,LEFT_TO_RIGHT,OUTSIDE_RIGHT,,5
GOPR0286U20_trajectories_dynamic.json,109,0.803480,0.861695,0.733943,0.399655,LEFT_TO_RIGHT,OUTSIDE_RIGHT,,0
GOPR0286U20_trajectories_dynamic.json,123,0.925652,0.727820,0.400384,0.150246,LEFT_TO_RIGHT,OUTSIDE_RIGHT,,0
GOPR0286U20_trajectories_dynamic.json,142,0.852371,0.657161,0.077891,-0.018606,LEFT_TO_RIGHT,OUTSIDE_RIGHT,,
GOPR0286U20_trajectories_dynamic.json,160,0.833000,0.870740,0.462681,0.409682,LEFT_TO_RIGHT,OUTSIDE_RIGHT,,0
GOPR0286U20_trajectories_dynamic.json,188,0.070283,0.763897,-0.227208,0.221616,RIGHT_TO_LEFT,OUTSIDE_LEFT,,
GOPR0286U20_trajectories_dynamic.json,191,0.602836,0.765838,-0.113003,0.035859,RIGHT_TO_LEFT,INSIDE_MOVING_LEFT,0.000000,1
GOPR0286U20_trajectories_dynamic.json,192,0.904258,0.762178,0.538678,0.224084,LEFT_TO_RIGHT,OUTSIDE_RIGHT,,20
GOPR0286U20_trajectories_dynamic.json,211,0.047312,0.914229,-0.537675,0.157546,RIGHT_TO_LEFT,OUTSIDE_LEFT,,0
GOPR0286U20_trajectories_dynamic.json,215,0.899141,0.711484,0.245397,0.086473,LEFT_TO_RIGHT,OUTSIDE_RIGHT,,0
GOPR0286U20_trajectories_dynamic.json,216,0.781034,0.970340,0.387273,0.605287,LEFT_TO_RIGHT,OUTSIDE_RIGHT,,0
GOPR0286U20_trajectories_dynamic.json,234,0.035619,0.836415,-0.374349,0.222534,RIGHT_TO_LEFT,OUTSIDE_LEFT,,
GOPR0286U20_trajectories_dynamic.json,256,0.878840,0.754891,0.359143,0.131426,LEFT_TO_RIGHT,OUTSIDE_RIGHT,,6
GOPR0286U20_trajectories_dynamic.json,264,0.581452,0.653513,0.046920,-0.007744,LEFT_TO_RIGHT,INSIDE_MOVING_RIGHT,0.000000,0
GOPR0286U20_trajectories_dynamic.json,292,0.936828,0.731337,0.356874,0.062367,LEFT_TO_RIGHT,OUTSIDE_RIGHT,,
GOPR0286U20_trajectories_dynamic.json,312,0.822828,0.874404,0.221617,0.274543,LEFT_TO_RIGHT,OUTSIDE_RIGHT,,5
GOPR0286U20_trajectories_dynamic.json,323,0.564150,0.666191,0.073014,0.038428,VERTICAL,INSIDE_MOVING_RIGHT,0.000000,0
GOPR0286U20_trajectories_dynamic.json,325,0.260769,0.639086,-0.185635,-0.032033,RIGHT_TO_LEFT,OUTSIDE_LEFT,,0
GOPR0286U20_trajectories_dynamic.json,380,0.053943,0.729564,-0.399120,-0.031976,RIGHT_TO_LEFT,OUTSIDE_LEFT,,14
GOPR0286U20_trajectories_dynamic.json,383,0.230136,0.724300,0.087566,-0.112907,RIGHT_TO_LEFT,APPROACHING_FROM_LEFT,1.368846,0
GOPR0286U20_trajectories_dynamic.json,399,0.122233,0.881645,-0.302549,0.366966,RIGHT_TO_LEFT,OUTSIDE_LEFT,,0
GOPR0286U20_trajectories_dynamic.json,434,0.479666,0.792921,-0.014041,-0.116339,RIGHT_TO_LEFT,INSIDE_STATIONARY,0.000000,0
GOPR0286U20_trajectories_dynamic.json,469,0.275978,0.724186,-0.171792,-0.021457,RIGHT_TO_LEFT,OUTSIDE_LEFT,,0
GOPR0286U20_trajectories_dynamic.json,505,0.021896,0.802018,-0.245212,0.051525,RIGHT_TO_LEFT,OUTSIDE_LEFT,,0
GOPR0286U20_trajectories_dynamic.json,574,0.400250,0.667997,0.019893,-0.074069,LEFT_TO_RIGHT,INSIDE_STATIONARY,0.000000,7
GOPR0286U20_trajectories_dynamic.json,582,0.344242,0.675217,0.017373,0.094515,LEFT_TO_RIGHT,OUTSIDE_LEFT,0.331417,
GOPR0286U20_trajectories_dynamic.json,605,0.906359,0.854443,0.390765,0.296885,LEFT_TO_RIGHT,OUTSIDE_RIGHT,,0
GOPR0286U20_trajectories_dynamic.json,637,0.030564,0.715137,-0.128399,0.070297,RIGHT_TO_LEFT,OUTSIDE_LEFT,,0
GOPR0286U20_trajectories_dynamic.json,642,0.446004,0.648017,0.004708,0.037065,RIGHT_TO_LEFT,INSIDE_STATIONARY,0.000000,0
GOPR0286U20_trajectories_dynamic.json,656,0.080502,0.676983,-0.228414,0.047426,RIGHT_TO_LEFT,OUTSIDE_LEFT,,
GOPR0286U20_trajectories_dynamic.json,681,0.317767,0.751292,-0.101912,0.062315,RIGHT_TO_LEFT,OUTSIDE_LEFT,,0
GOPR0286U20_trajectories_dynamic.json,684,0.817718,1.000000,0.497066,0.628033,LEFT_TO_RIGHT,OUTSIDE_RIGHT,,0
GOPR0286U20_trajectories_dynamic.json,696,0.012666,0.608194,-0.488392,-0.113253,RIGHT_TO_LEFT,OUTSIDE_LEFT,,
GOPR0286U20_trajectories_dynamic.json,704,0.477598,0.684312,0.141553,-0.033120,LEFT_TO_RIGHT,INSIDE_MOVING_RIGHT,0.000000,0
GOPR0286U20_trajectories_dynamic.json,719,0.288221,0.872581,-0.409800,0.024376,RIGHT_TO_LEFT,OUTSIDE_LEFT,,0
GOPR0286U20_trajectories_dynamic.json,739,0.133390,0.715074,0.043745,0.015235,LEFT_TO_RIGHT,APPROACHING_FROM_LEFT,4.951707,
GOPR0286U20_trajectories_dynamic.json,776,0.602869,0.968569,0.140698,0.413123,LEFT_TO_RIGHT,INSIDE_MOVING_RIGHT,0.000000,0
GOPR0286U20_trajectories_dynamic.json,778,0.215875,0.702366,0.031191,0.080931,VERTICAL,APPROACHING_FROM_LEFT,4.300119,
GOPR0286U20_trajectories_dynamic.json,790,0.241351,0.878005,-0.227541,0.406805,RIGHT_TO_LEFT,OUTSIDE_LEFT,,0
GOPR0286U20_trajectories_dynamic.json,885,0.116133,0.776664,0.135969,0.041904,RIGHT_TO_LEFT,APPROACHING_FROM_LEFT,1.719995,
GOPR0286U20_trajectories_dynamic.json,934,0.843172,0.798392,0.521365,0.251349,LEFT_TO_RIGHT,OUTSIDE_RIGHT,,0
GOPR0286U20_trajectories_dynamic.json,944,0.877809,0.872611,0.357144,0.260369,LEFT_TO_RIGHT,OUTSIDE_RIGHT,,19
GOPR0286U20_trajectories_dynamic.json,946,0.547811,0.649983,0.054685,0.002042,LEFT_TO_RIGHT,INSIDE_MOVING_RIGHT,0.000000,0
GOPR0286U20_trajectories_dynamic.json,955,0.026955,0.691574,-0.139039,0.122173,RIGHT_TO_LEFT,OUTSIDE_LEFT,,
GOPR0286U20_trajectories_dynamic.json,996,0.094705,0.673409,0.077817,0.015264,RIGHT_TO_LEFT,APPROACHING_FROM_LEFT,3.280706,0
GOPR0286U20_trajectories_dynamic.json,1021,0.534630,0.651853,0.027390,0.063446,LEFT_TO_RIGHT,INSIDE_STATIONARY,0.000000,0
GOPR0286U20_trajectories_dynamic.json,1031,0.915441,0.811041,0.632061,0.144357,LEFT_TO_RIGHT,OUTSIDE_RIGHT,,0
GOPR0286U20_trajectories_dynamic.json,1039,0.045754,0.724150,-0.257523,0.028666,LEFT_TO_RIGHT,OUTSIDE_LEFT,,
GOPR0286U20_trajectories_dynamic.json,1041,0.977621,0.707898,0.109281,-0.046981,LEFT_TO_RIGHT,OUTSIDE_RIGHT,,0
GOPR0286U20_trajectories_dynamic.json,1044,0.899215,0.785741,0.361773,0.182910,LEFT_TO_RIGHT,OUTSIDE_RIGHT,,0
GOPR0286U20_trajectories_dynamic.json,1048,0.525443,0.706128,0.184256,0.020628,LEFT_TO_RIGHT,INSIDE_MOVING_RIGHT,0.000000,0
GOPR0286U20_trajectories_dynamic.json,1241,0.093721,0.964930,-0.557750,0.517174,RIGHT_TO_LEFT,OUTSIDE_LEFT,,0
GOPR0286U20_trajectories_dynamic.json,1245,0.220968,0.923276,-0.451468,0.382401,RIGHT_TO_LEFT,OUTSIDE_LEFT,,0
GOPR0286U20_trajectories_dynamic.json,1258,0.060056,0.773107,-0.617967,0.238987,RIGHT_TO_LEFT,OUTSIDE_LEFT,,0
GOPR0286U20_trajectories_dynamic.json,1281,0.804480,0.999303,0.391492,0.449622,RIGHT_TO_LEFT,OUTSIDE_RIGHT,,16
GOPR0286U20_trajectories_dynamic.json,1315,0.316696,0.850951,-0.253477,0.332001,RIGHT_TO_LEFT,OUTSIDE_LEFT,,0
GOPR0286U20_trajectories_dynamic.json,1320,0.197543,0.796542,-0.121299,0.120261,RIGHT_TO_LEFT,OUTSIDE_LEFT,,
GOPR0286U20_trajectories_dynamic.json,1326,0.146689,0.773083,-0.046061,0.123780,LEFT_TO_RIGHT,OUTSIDE_LEFT,,
GOPR0286U20_trajectories_dynamic.json,1341,0.058105,0.646345,-0.487988,-0.042096,RIGHT_TO_LEFT,OUTSIDE_LEFT,,0
GOPR0286U20_trajectories_dynamic.json,1348,0.237305,0.649998,-0.042397,0.022126,RIGHT_TO_LEFT,OUTSIDE_LEFT,,0
GOPR0286U20_trajectories_dynamic.json,1366,0.131406,0.667989,-0.004081,-0.006336,RIGHT_TO_LEFT,OUTSIDE_LEFT,,
GOPR0286U20_trajectories_dynamic.json,1374,0.381929,0.680731,0.014701,-0.038481,LEFT_TO_RIGHT,INSIDE_STATIONARY,0.000000,18
GOPR0286U20_trajectories_dynamic.json,1418,0.066218,0.736931,-0.136292,0.186716,RIGHT_TO_LEFT,OUTSIDE_LEFT,,
GOPR0286U20_trajectories_dynamic.json,1421,0.953094,0.760340,0.361509,0.118981,LEFT_TO_RIGHT,OUTSIDE_RIGHT,,
GOPR0286U20_trajectories_dynamic.json,1426,0.107913,0.841791,0.033395,0.315648,RIGHT_TO_LEFT,APPROACHING_FROM_LEFT,7.249123,
GOPR0286U20_trajectories_dynamic.json,1428,0.224062,0.899763,-0.363304,0.158620,RIGHT_TO_LEFT,OUTSIDE_LEFT,,0
GOPR0286U20_trajectories_dynamic.json,1467,0.715894,0.649847,0.208447,-0.058269,LEFT_TO_RIGHT,OUTSIDE_RIGHT,,0
GOPR0286U20_trajectories_dynamic.json,1477,0.587621,0.677017,0.163181,0.076546,LEFT_TO_RIGHT,INSIDE_MOVING_RIGHT,0.000000,19
GOPR0286U20_trajectories_dynamic.json,1491,0.829949,0.963114,0.197016,0.070491,LEFT_TO_RIGHT,OUTSIDE_RIGHT,,13
GOPR0286U20_trajectories_dynamic.json,1506,0.542748,0.925094,0.563092,0.284511,LEFT_TO_RIGHT,INSIDE_MOVING_RIGHT,0.000000,16
GOPR0286U20_trajectories_dynamic.json,1550,0.325810,0.682608,-0.394722,-0.034679,RIGHT_TO_LEFT,OUTSIDE_LEFT,,0
GOPR0286U20_trajectories_dynamic.json,1551,0.631368,0.648148,0.049349,-0.070656,RIGHT_TO_LEFT,INSIDE_MOVING_RIGHT,0.000000,1
GOPR0286U20_trajectories_dynamic.json,1552,0.869617,0.847306,0.361744,0.350265,LEFT_TO_RIGHT,OUTSIDE_RIGHT,,13
GOPR0286U20_trajectories_dynamic.json,1556,0.849270,0.749451,0.298198,0.132368,LEFT_TO_RIGHT,OUTSIDE_RIGHT,,
GOPR0286U20_trajectories_dynamic.json,1571,0.487738,0.660772,-0.084193,-0.031818,LEFT_TO_RIGHT,INSIDE_MOVING_LEFT,0.000000,0
GOPR0286U20_trajectories_dynamic.json,1589,0.922602,0.747763,0.317471,0.065315,LEFT_TO_RIGHT,OUTSIDE_RIGHT,,
GOPR0286U20_trajectories_dynamic.json,1598,0.064218,0.809243,-0.495310,0.334687,RIGHT_TO_LEFT,OUTSIDE_LEFT,,0
GOPR0286U20_trajectories_dynamic.json,1605,0.911395,0.753110,0.267148,0.195372,LEFT_TO_RIGHT,OUTSIDE_RIGHT,,
GOPR0286U20_trajectories_dynamic.json,1617,0.020835,0.758481,-0.617032,0.099503,RIGHT_TO_LEFT,OUTSIDE_LEFT,,0
GOPR0286U20_trajectories_dynamic.json,1624,0.081484,0.796602,-0.670886,0.136658,RIGHT_TO_LEFT,OUTSIDE_LEFT,,0
GOPR0286U20_trajectories_dynamic.json,1626,0.089609,0.820003,-0.625135,0.333466,RIGHT_TO_LEFT,OUTSIDE_LEFT,,0
GOPR0286U20_trajectories_dynamic.json,1630,0.801449,0.937766,0.295069,0.493360,LEFT_TO_RIGHT,OUTSIDE_RIGHT,,0
GOPR0286U20_trajectories_dynamic.json,1637,0.185352,1.000000,-0.385219,-0.004679,RIGHT_TO_LEFT,OUTSIDE_LEFT,,16
GOPR0286U20_trajectories_dynamic.json,1641,0.459301,0.780260,-0.164809,0.144535,RIGHT_TO_LEFT,INSIDE_MOVING_LEFT,0.000000,0
GOPR0286U20_trajectories_dynamic.json,1663,0.494877,0.774806,0.223606,-0.059572,RIGHT_TO_LEFT,INSIDE_MOVING_RIGHT,0.000000,8
GOPR0286U20_trajectories_dynamic.json,1664,0.391111,0.707859,-0.204901,-0.174337,RIGHT_TO_LEFT,INSIDE_MOVING_LEFT,0.000000,3
GOPR0286U20_trajectories_dynamic.json,1672,0.931777,0.787449,0.519885,0.110800,RIGHT_TO_LEFT,OUTSIDE_RIGHT,,
GOPR0286U20_trajectories_dynamic.json,1673,0.561078,0.740479,-0.120140,-0.126488,RIGHT_TO_LEFT,INSIDE_MOVING_LEFT,0.000000,25
GOPR0286U20_trajectories_dynamic.json,1676,0.162901,0.740422,-0.222206,0.027592,RIGHT_TO_LEFT,OUTSIDE_LEFT,,20
GOPR0286U20_trajectories_dynamic.json,1677,0.435846,0.682579,0.095171,-0.018048,LEFT_TO_RIGHT,INSIDE_MOVING_RIGHT,0.000000,12
GOPR0286U20_trajectories_dynamic.json,1689,0.290223,0.733155,-0.293979,-0.031782,RIGHT_TO_LEFT,OUTSIDE_LEFT,,36
GOPR0286U20_trajectories_dynamic.json,1694,0.457214,0.678921,0.012277,0.038345,RIGHT_TO_LEFT,INSIDE_STATIONARY,0.000000,0
GOPR0286U20_trajectories_dynamic.json,1698,0.034104,0.807428,-0.334869,-0.077698,RIGHT_TO_LEFT,OUTSIDE_LEFT,,32
GOPR0286U20_trajectories_dynamic.json,1706,0.019829,0.722303,-0.198975,0.080070,RIGHT_TO_LEFT,OUTSIDE_LEFT,,0
GOPR0286U20_trajectories_dynamic.json,1718,0.325838,0.651750,-0.103655,0.023913,RIGHT_TO_LEFT,OUTSIDE_LEFT,,0
GOPR0286U20_trajectories_dynamic.json,1734,0.098750,0.691572,-0.505581,0.034702,RIGHT_TO_LEFT,OUTSIDE_LEFT,,0
GOPR0286U20_trajectories_dynamic.json,1751,0.056055,0.698788,-0.138630,0.110220,VERTICAL,OUTSIDE_LEFT,,
GOPR0286U20_trajectories_dynamic.json,1820,0.168019,0.859945,-0.404466,0.211777,RIGHT_TO_LEFT,OUTSIDE_LEFT,,
GOPR0286U20_trajectories_dynamic.json,1858,0.121177,0.631817,0.007465,-0.076557,RIGHT_TO_LEFT,OUTSIDE_LEFT,30.651075,
GOPR0286U20_trajectories_dynamic.json,1885,0.124220,1.000000,-0.777050,0.346771,RIGHT_TO_LEFT,OUTSIDE_LEFT,,10
GOPR0286U20_trajectories_dynamic.json,1889,0.105939,0.830928,-0.594932,-0.029357,RIGHT_TO_LEFT,OUTSIDE_LEFT,,17
GOPR0286U20_trajectories_dynamic.json,1892,0.065199,0.599225,-0.155049,-0.112828,RIGHT_TO_LEFT,OUTSIDE_LEFT,,
GOPR0286U20_trajectories_dynamic.json,1920,0.410359,0.671601,-0.066387,0.046611,RIGHT_TO_LEFT,INSIDE_MOVING_LEFT,0.000000,0
GOPR0286U20_trajectories_dynamic.json,1929,0.881840,0.811103,0.185810,0.270503,LEFT_TO_RIGHT,OUTSIDE_RIGHT,,
GOPR0286U20_trajectories_dynamic.json,1940,0.051897,0.700573,-0.467968,-0.027096,RIGHT_TO_LEFT,OUTSIDE_LEFT,,0
GOPR0286U20_trajectories_dynamic.json,1970,0.238261,0.680824,0.130432,-0.006538,RIGHT_TO_LEFT,APPROACHING_FROM_LEFT,0.856686,0
GOPR0286U20_trajectories_dynamic.json,1984,0.111019,0.939620,-0.432392,0.447011,RIGHT_TO_LEFT,OUTSIDE_LEFT,,0
GOPR0286U20_trajectories_dynamic.json,1992,0.423702,0.676997,0.022639,-0.023335,LEFT_TO_RIGHT,INSIDE_STATIONARY,0.000000,8
GOPR0286U20_trajectories_dynamic.json,2026,0.209760,0.762225,-0.119919,0.143591,RIGHT_TO_LEFT,OUTSIDE_LEFT,,0
GOPR0286U20_trajectories_dynamic.json,2028,0.079441,0.841853,-0.457307,0.112474,RIGHT_TO_LEFT,OUTSIDE_LEFT,,0
GOPR0286U20_trajectories_dynamic.json,2051,0.206752,0.800278,-0.023131,0.146424,VERTICAL,OUTSIDE_LEFT,,
GOPR0286U20_trajectories_dynamic.json,2067,0.099769,0.972136,-0.179840,0.204404,RIGHT_TO_LEFT,OUTSIDE_LEFT,,
GOPR0286U20_trajectories_dynamic.json,2079,0.803500,0.675313,0.062810,0.020811,LEFT_TO_RIGHT,OUTSIDE_RIGHT,,
GOPR0286U20_trajectories_dynamic.json,2116,0.862508,0.836356,0.354607,0.357226,LEFT_TO_RIGHT,OUTSIDE_RIGHT,,0
GOPR0286U20_trajectories_dynamic.json,2133,0.910398,0.823710,0.590946,0.265121,LEFT_TO_RIGHT,OUTSIDE_RIGHT,,0
GOPR0286U20_trajectories_dynamic.json,2225,0.976547,0.756699,0.228623,0.006340,LEFT_TO_RIGHT,OUTSIDE_RIGHT,,
GOPR0286U20_trajectories_dynamic.json,2264,0.073346,0.602860,-0.394504,-0.031296,RIGHT_TO_LEFT,OUTSIDE_LEFT,,0
GOPR0286U20_trajectories_dynamic.json,2267,0.080454,0.751347,-0.697936,0.193733,RIGHT_TO_LEFT,OUTSIDE_LEFT,,0
GOPR0286U20_trajectories_dynamic.json,2270,0.837059,0.878036,0.449448,0.377195,LEFT_TO_RIGHT,OUTSIDE_RIGHT,,0
GOPR0286U20_trajectories_dynamic.json,2271,0.894121,0.912456,0.403382,0.415974,LEFT_TO_RIGHT,OUTSIDE_RIGHT,,0
GOPR0286U20_trajectories_dynamic.json,2281,0.021896,0.649926,-0.395409,-0.007729,RIGHT_TO_LEFT,OUTSIDE_LEFT,,
GOPR0286U20_trajectories_dynamic.json,2339,0.021894,0.709696,-0.627934,0.158609,RIGHT_TO_LEFT,OUTSIDE_LEFT,,0
GOPR0286U20_trajectories_dynamic.json,2380,0.138538,0.843669,-0.040434,0.296692,LEFT_TO_RIGHT,OUTSIDE_LEFT,,
GOPR0286U20_trajectories_dynamic.json,2392,0.946012,0.859965,0.731499,0.379540,LEFT_TO_RIGHT,OUTSIDE_RIGHT,,0
GOPR0286U20_trajectories_dynamic.json,2402,0.794329,0.749472,0.389638,0.059491,LEFT_TO_RIGHT,OUTSIDE_RIGHT,,8
GOPR0287U20_trajectories_dynamic.json,151,0.200634,0.649944,-0.242405,0.012384,RIGHT_TO_LEFT,OUTSIDE_LEFT,,0
GOPR0287U20_trajectories_dynamic.json,154,0.789193,0.954020,0.394004,0.567870,LEFT_TO_RIGHT,OUTSIDE_RIGHT,,0
GOPR0287U20_trajectories_dynamic.json,171,0.726116,0.776647,0.291666,0.251510,LEFT_TO_RIGHT,OUTSIDE_RIGHT,,0
GOPR0287U20_trajectories_dynamic.json,179,0.143554,0.651833,0.051965,0.038151,LEFT_TO_RIGHT,APPROACHING_FROM_LEFT,3.972754,
GOPR0287U20_trajectories_dynamic.json,228,0.780054,1.000000,0.420289,0.521732,LEFT_TO_RIGHT,OUTSIDE_RIGHT,,0
GOPR0287U20_trajectories_dynamic.json,254,0.810621,0.990240,0.335548,0.602667,LEFT_TO_RIGHT,OUTSIDE_RIGHT,,0
GOPR0287U20_trajectories_dynamic.json,307,0.935898,0.832731,0.632680,0.164552,LEFT_TO_RIGHT,OUTSIDE_RIGHT,,0
GOPR0287U20_trajectories_dynamic.json,310,0.044258,0.794750,-0.264693,0.079210,RIGHT_TO_LEFT,OUTSIDE_LEFT,,0
GOPR0287U20_trajectories_dynamic.json,348,0.851332,0.894321,0.399369,0.486307,LEFT_TO_RIGHT,OUTSIDE_RIGHT,,0
GOPR0287U20_trajectories_dynamic.json,369,0.428711,0.704128,-0.141868,0.063314,LEFT_TO_RIGHT,INSIDE_MOVING_LEFT,0.000000,0
GOPR0287U20_trajectories_dynamic.json,415,0.833039,0.881635,0.597502,0.456908,LEFT_TO_RIGHT,OUTSIDE_RIGHT,,0
GOPR0287U20_trajectories_dynamic.json,422,0.383879,0.640828,-0.066960,-0.052013,VERTICAL,INSIDE_MOVING_LEFT,0.000000,0
GOPR0287U20_trajectories_dynamic.json,436,0.903258,0.800180,0.518246,0.259753,LEFT_TO_RIGHT,OUTSIDE_RIGHT,,
GOPR0287U20_trajectories_dynamic.json,437,0.716889,0.865416,0.437863,0.372429,LEFT_TO_RIGHT,OUTSIDE_RIGHT,,0
GOPR0287U20_trajectories_dynamic.json,446,0.684306,0.709666,-0.220836,-0.034399,LEFT_TO_RIGHT,APPROACHING_FROM_RIGHT,0.155347,0
GOPR0287U20_trajectories_dynamic.json,449,0.510173,0.671670,0.045195,0.051993,VERTICAL,INSIDE_MOVING_RIGHT,0.000000,0
GOPR0287U20_trajectories_dynamic.json,488,0.120183,1.000000,-0.343747,0.132340,RIGHT_TO_LEFT,OUTSIDE_LEFT,,0
GOPR0287U20_trajectories_dynamic.json,533,0.895137,0.762108,0.470204,0.075568,LEFT_TO_RIGHT,OUTSIDE_RIGHT,,9
GOPR0287U20_trajectories_dynamic.json,550,0.088560,1.000000,-0.650613,0.619171,RIGHT_TO_LEFT,OUTSIDE_LEFT,,0
GOPR0287U20_trajectories_dynamic.json,613,0.442009,0.887138,-0.338160,-0.076645,RIGHT_TO_LEFT,INSIDE_MOVING_LEFT,0.000000,0
GOPR0287U20_trajectories_dynamic.json,680,0.788181,0.854543,0.254754,0.326818,LEFT_TO_RIGHT,OUTSIDE_RIGHT,,0
GOPR0287U20_trajectories_dynamic.json,687,0.250508,0.867126,-0.689441,0.232273,RIGHT_TO_LEFT,OUTSIDE_LEFT,,19
GOPR0287U20_trajectories_dynamic.json,755,0.877816,1.000000,0.306403,0.029881,LEFT_TO_RIGHT,OUTSIDE_RIGHT,,7
GOPR0287U20_trajectories_dynamic.json,815,0.029518,0.794722,-0.087813,0.131761,RIGHT_TO_LEFT,OUTSIDE_LEFT,,
GOPR0287U20_trajectories_dynamic.json,816,0.526437,0.769405,0.067365,0.213168,LEFT_TO_RIGHT,INSIDE_MOVING_RIGHT,0.000000,0
GOPR0287U20_trajectories_dynamic.json,821,0.644581,0.689713,0.021132,-0.153562,LEFT_TO_RIGHT,INSIDE_STATIONARY,0.000000,0
GOPR0287U20_trajectories_dynamic.json,858,0.816734,1.000000,0.138919,0.153856,LEFT_TO_RIGHT,OUTSIDE_RIGHT,,0
GOPR0287U20_trajectories_dynamic.json,859,0.918500,0.934186,0.348343,0.144488,LEFT_TO_RIGHT,OUTSIDE_RIGHT,,0
GOPR0287U20_trajectories_dynamic.json,863,0.333025,0.983017,0.036390,0.063447,RIGHT_TO_LEFT,APPROACHING_FROM_LEFT,0.466474,0
GOPR0287U20_trajectories_dynamic.json,871,0.071293,0.952220,-0.363344,0.270761,RIGHT_TO_LEFT,OUTSIDE_LEFT,,0
GOPR0287U20_trajectories_dynamic.json,876,0.525457,0.667967,0.067042,0.028120,LEFT_TO_RIGHT,INSIDE_MOVING_RIGHT,0.000000,0
GOPR0287U20_trajectories_dynamic.json,877,0.540755,0.651761,0.036203,-0.008451,RIGHT_TO_LEFT,INSIDE_MOVING_RIGHT,0.000000,0
GOPR0287U20_trajectories_dynamic.json,896,0.237304,0.689747,-0.382286,-0.060555,RIGHT_TO_LEFT,OUTSIDE_LEFT,,0
GOPR0287U20_trajectories_dynamic.json,930,0.331951,0.914251,-0.306327,0.438167,RIGHT_TO_LEFT,OUTSIDE_LEFT,,6
GOPR0287U20_trajectories_dynamic.json,933,0.243385,0.854452,-0.302183,0.358198,RIGHT_TO_LEFT,OUTSIDE_LEFT,,4
GOPR0287U20_trajectories_dynamic.json,934,0.804495,0.995659,0.373963,0.600894,VERTICAL,OUTSIDE_RIGHT,,8
GOPR0287U20_trajectories_dynamic.json,953,0.085604,0.794724,-0.818136,0.082294,RIGHT_TO_LEFT,OUTSIDE_LEFT,,8
GOPR0287U20_trajectories_dynamic.json,990,0.924641,0.870765,0.565789,0.450249,LEFT_TO_RIGHT,OUTSIDE_RIGHT,,10
GOPR0287U20_trajectories_dynamic.json,994,0.872684,0.854567,0.495308,0.328348,LEFT_TO_RIGHT,OUTSIDE_RIGHT,,0
GOPR0287U20_trajectories_dynamic.json,995,0.841148,0.993867,0.368550,0.606616,LEFT_TO_RIGHT,OUTSIDE_RIGHT,,0
GOPR0287U20_trajectories_dynamic.json,1005,0.819742,0.972182,0.512145,0.538623,LEFT_TO_RIGHT,OUTSIDE_RIGHT,,0
GOPR0287U20_trajectories_dynamic.json,1101,0.036134,0.798310,-0.427520,0.219022,RIGHT_TO_LEFT,OUTSIDE_LEFT,,0
GOPR0287U20_trajectories_dynamic.json,1104,0.227055,0.941411,-0.199772,0.394637,RIGHT_TO_LEFT,OUTSIDE_LEFT,,0
GOPR0287U20_trajectories_dynamic.json,1244,0.607959,0.758544,0.241857,0.078892,LEFT_TO_RIGHT,INSIDE_MOVING_RIGHT,0.000000,0
GOPR0287U20_trajectories_dynamic.json,1272,0.077422,0.941370,-0.527732,0.360881,RIGHT_TO_LEFT,OUTSIDE_LEFT,,0
GOPR0287U20_trajectories_dynamic.json,1281,0.095733,0.894344,-0.436057,0.511735,RIGHT_TO_LEFT,OUTSIDE_LEFT,,
GOPR0287U20_trajectories_dynamic.json,1291,0.870648,0.939565,0.437469,0.449008,LEFT_TO_RIGHT,OUTSIDE_RIGHT,,0
GOPR0287U20_trajectories_dynamic.json,1294,0.836035,0.803730,0.487950,0.349992,LEFT_TO_RIGHT,OUTSIDE_RIGHT,,0
GOPR0287U20_trajectories_dynamic.json,1326,0.400201,0.854540,0.263567,0.086470,RIGHT_TO_LEFT,INSIDE_MOVING_RIGHT,0.000000,14
GOPR0287U20_trajectories_dynamic.json,1487,0.087564,0.733194,-0.191586,-0.051596,RIGHT_TO_LEFT,OUTSIDE_LEFT,,14
GOPR0287U20_trajectories_dynamic.json,1496,0.801424,1.000000,0.308384,0.587687,LEFT_TO_RIGHT,OUTSIDE_RIGHT,,0
GOPR0287U20_trajectories_dynamic.json,1542,0.683298,0.883518,0.483237,0.474081,LEFT_TO_RIGHT,OUTSIDE_RIGHT,,0
GOPR0287U20_trajectories_dynamic.json,1551,0.106942,0.878065,-0.517028,0.351612,RIGHT_TO_LEFT,OUTSIDE_LEFT,,9
GOPR0287U20_trajectories_dynamic.json,1559,0.683286,0.838244,0.283926,0.339243,LEFT_TO_RIGHT,OUTSIDE_RIGHT,,0
GOPR0287U20_trajectories_dynamic.json,1584,0.776023,0.995653,0.527302,0.624504,LEFT_TO_RIGHT,OUTSIDE_RIGHT,,0
GOPR0287U20_trajectories_dynamic.json,1620,0.050895,0.919656,-0.618154,0.467929,RIGHT_TO_LEFT,OUTSIDE_LEFT,,0
GOPR0287U20_trajectories_dynamic.json,1623,0.963277,0.850773,0.460830,0.343116,LEFT_TO_RIGHT,OUTSIDE_RIGHT,,
GOPR0287U20_trajectories_dynamic.json,1625,0.309592,0.807467,-0.261593,0.306104,RIGHT_TO_LEFT,OUTSIDE_LEFT,,0
GOPR0287U20_trajectories_dynamic.json,1669,0.225018,0.673393,-0.330226,0.035952,RIGHT_TO_LEFT,OUTSIDE_LEFT,,0
GOPR0288U20_trajectories_dynamic.json,1,0.204638,0.738663,-0.478186,0.242499,RIGHT_TO_LEFT,OUTSIDE_LEFT,,0
GOPR0288U20_trajectories_dynamic.json,34,0.334021,0.883436,-0.149403,0.378105,RIGHT_TO_LEFT,OUTSIDE_LEFT,,0
GOPR0288U20_trajectories_dynamic.json,45,0.831992,0.823699,-0.019103,0.198207,LEFT_TO_RIGHT,OUTSIDE_RIGHT,9.526757,0
GOPR0288U20_trajectories_dynamic.json,60,0.423619,0.630010,-0.044896,-0.023448,RIGHT_TO_LEFT,INSIDE_MOVING_LEFT,0.000000,0
GOPR0288U20_trajectories_dynamic.json,62,0.552977,0.640858,-0.169884,-0.020677,RIGHT_TO_LEFT,INSIDE_MOVING_LEFT,0.000000,0
GOPR0288U20_trajectories_dynamic.json,86,0.378773,0.736760,-0.053915,-0.021965,RIGHT_TO_LEFT,INSIDE_MOVING_LEFT,0.000000,0
GOPR0288U20_trajectories_dynamic.json,106,0.340116,0.673385,0.069552,0.074680,RIGHT_TO_LEFT,APPROACHING_FROM_LEFT,0.142116,0
GOPR0288U20_trajectories_dynamic.json,117,0.380895,0.647999,-0.015807,-0.003909,VERTICAL,INSIDE_STATIONARY,0.000000,0
GOPR0288U20_trajectories_dynamic.json,127,0.433810,0.650017,0.068992,0.018683,LEFT_TO_RIGHT,INSIDE_MOVING_RIGHT,0.000000,6
GOPR0288U20_trajectories_dynamic.json,177,0.261744,0.668012,-0.178662,-0.007379,RIGHT_TO_LEFT,OUTSIDE_LEFT,,0
GOPR0288U20_trajectories_dynamic.json,185,0.414438,0.649789,-0.159073,-0.010442,RIGHT_TO_LEFT,INSIDE_MOVING_LEFT,0.000000,0
GOPR0288U20_trajectories_dynamic.json,193,0.262741,1.000000,0.080622,0.000000,RIGHT_TO_LEFT,APPROACHING_FROM_LEFT,1.082328,0
GOPR0288U20_trajectories_dynamic.json,196,0.386924,0.642694,-0.095083,-0.028782,RIGHT_TO_LEFT,INSIDE_MOVING_LEFT,0.000000,0
GOPR0288U20_trajectories_dynamic.json,210,0.466351,0.684346,0.148894,0.049050,LEFT_TO_RIGHT,INSIDE_MOVING_RIGHT,0.000000,0
GOPR0288U20_trajectories_dynamic.json,238,0.508147,0.678878,0.133329,0.073823,LEFT_TO_RIGHT,INSIDE_MOVING_RIGHT,0.000000,0
GOPR0288U20_trajectories_dynamic.json,241,0.342155,0.687963,-0.026734,-0.050964,LEFT_TO_RIGHT,OUTSIDE_LEFT,,19
GOPR0288U20_trajectories_dynamic.json,264,0.893117,0.856338,0.531971,0.359854,LEFT_TO_RIGHT,OUTSIDE_RIGHT,,0
GOPR0288U20_trajectories_dynamic.json,290,0.110977,0.729529,-0.155848,-0.008838,RIGHT_TO_LEFT,OUTSIDE_LEFT,,0
GOPR0288U20_trajectories_dynamic.json,315,0.247421,0.827346,0.033543,-0.086351,RIGHT_TO_LEFT,APPROACHING_FROM_LEFT,3.058102,0
GOPR0288U20_trajectories_dynamic.json,318,0.084568,0.870803,-0.196959,0.144390,RIGHT_TO_LEFT,OUTSIDE_LEFT,,
GOPR0288U20_trajectories_dynamic.json,470,0.690401,0.897972,0.228760,0.461897,LEFT_TO_RIGHT,OUTSIDE_RIGHT,,0
GOPR0288U20_trajectories_dynamic.json,611,0.503041,0.733119,-0.086688,0.058641,LEFT_TO_RIGHT,INSIDE_MOVING_LEFT,0.000000,0
GOPR0288U20_trajectories_dynamic.json,615,0.259660,0.928735,-0.352962,0.491137,RIGHT_TO_LEFT,OUTSIDE_LEFT,,0
GOPR0288U20_trajectories_dynamic.json,620,0.454224,0.653482,0.110897,-0.053370,LEFT_TO_RIGHT,INSIDE_MOVING_RIGHT,0.000000,24
GOPR0288U20_trajectories_dynamic.json,621,0.839113,0.841797,0.327425,0.300307,LEFT_TO_RIGHT,OUTSIDE_RIGHT,,0
GOPR0288U20_trajectories_dynamic.json,709,0.413389,0.704175,-0.116769,0.051614,RIGHT_TO_LEFT,INSIDE_MOVING_LEFT,0.000000,0
GOPR0288U20_trajectories_dynamic.json,728,0.416507,0.660835,0.073400,0.003371,RIGHT_TO_LEFT,INSIDE_MOVING_RIGHT,0.000000,0
GOPR0288U20_trajectories_dynamic.json,730,0.046296,0.803824,-0.166545,0.132895,RIGHT_TO_LEFT,OUTSIDE_LEFT,,1
GOPR0288U20_trajectories_dynamic.json,733,0.102883,0.698786,-0.319460,0.090961,RIGHT_TO_LEFT,OUTSIDE_LEFT,,0
GOPR0288U20_trajectories_dynamic.json,748,0.510183,0.738682,-0.002216,0.026736,LEFT_TO_RIGHT,INSIDE_STATIONARY,0.000000,0
GOPR0288U20_trajectories_dynamic.json,782,0.458246,0.702374,0.059118,0.016043,VERTICAL,INSIDE_MOVING_RIGHT,0.000000,0
GOPR0288U20_trajectories_dynamic.json,787,0.453074,0.840003,-0.142084,0.128672,RIGHT_TO_LEFT,INSIDE_MOVING_LEFT,0.000000,0
GOPR0288U20_trajectories_dynamic.json,816,0.407345,0.946838,0.064407,0.045472,RIGHT_TO_LEFT,INSIDE_MOVING_RIGHT,0.000000,0
GOPR0288U20_trajectories_dynamic.json,820,0.124266,0.966709,0.032102,0.107283,RIGHT_TO_LEFT,APPROACHING_FROM_LEFT,7.031879,
GOPR0288U20_trajectories_dynamic.json,823,0.137465,0.702417,0.199681,0.061582,VERTICAL,APPROACHING_FROM_LEFT,1.064372,
GOPR0288U20_trajectories_dynamic.json,849,0.309557,0.905212,-0.101891,0.474050,VERTICAL,OUTSIDE_LEFT,,8
GOPR0288U20_trajectories_dynamic.json,853,0.423667,0.651867,0.265301,0.034339,LEFT_TO_RIGHT,INSIDE_MOVING_RIGHT,0.000000,19
GOPR0288U20_trajectories_dynamic.json,917,0.314664,0.687947,-0.107503,0.059262,RIGHT_TO_LEFT,OUTSIDE_LEFT,,0
GOPR0288U20_trajectories_dynamic.json,925,0.312622,0.877963,-0.165849,0.042419,RIGHT_TO_LEFT,OUTSIDE_LEFT,,0
GOPR0288U20_trajectories_dynamic.json,927,0.029556,0.812818,-0.404863,-0.001935,RIGHT_TO_LEFT,OUTSIDE_LEFT,,2
GOPR0288U20_trajectories_dynamic.json,951,0.286184,0.992063,-0.258447,0.291091,RIGHT_TO_LEFT,OUTSIDE_LEFT,,0
GOPR0288U20_trajectories_dynamic.json,958,0.266834,0.751310,0.256773,-0.047256,LEFT_TO_RIGHT,APPROACHING_FROM_LEFT,0.323889,
GOPR0288U20_trajectories_dynamic.json,1024,0.561123,0.695192,0.087808,0.094311,LEFT_TO_RIGHT,INSIDE_MOVING_RIGHT,0.000000,0
GOPR0288U20_trajectories_dynamic.json,1029,0.456220,0.677092,0.093555,-0.022071,LEFT_TO_RIGHT,INSIDE_MOVING_RIGHT,0.000000,52
GOPR0288U20_trajectories_dynamic.json,1187,0.064168,0.753108,-0.486609,0.078130,RIGHT_TO_LEFT,OUTSIDE_LEFT,,0
GOPR0288U20_trajectories_dynamic.json,1250,0.094688,0.814636,-0.203380,0.166528,RIGHT_TO_LEFT,OUTSIDE_LEFT,,0
GOPR0288U20_trajectories_dynamic.json,1259,0.919613,0.769383,0.723685,0.243148,LEFT_TO_RIGHT,OUTSIDE_RIGHT,,0
GOPR0288U20_trajectories_dynamic.json,1261,0.376809,0.630039,-0.261147,-0.048673,RIGHT_TO_LEFT,INSIDE_MOVING_LEFT,0.000000,0
GOPR0288U20_trajectories_dynamic.json,1329,0.928723,0.709690,0.365126,0.034060,LEFT_TO_RIGHT,OUTSIDE_RIGHT,,0
GOPR0288U20_trajectories_dynamic.json,1352,0.237275,0.621038,-0.026796,-0.053823,RIGHT_TO_LEFT,OUTSIDE_LEFT,,
GOPR0288U20_trajectories_dynamic.json,1353,0.053882,0.646265,-0.255496,0.074415,RIGHT_TO_LEFT,OUTSIDE_LEFT,,
GOPR0288U20_trajectories_dynamic.json,1359,0.332993,0.633656,-0.013484,0.003208,LEFT_TO_RIGHT,OUTSIDE_LEFT,,11
GOPR0288U20_trajectories_dynamic.json,1367,0.041790,0.633589,-0.412101,0.026737,RIGHT_TO_LEFT,OUTSIDE_LEFT,,0
GOPR0288U20_trajectories_dynamic.json,1377,0.861539,0.782047,0.285324,0.305065,LEFT_TO_RIGHT,OUTSIDE_RIGHT,,0
GOPR0288U20_trajectories_dynamic.json,1378,0.843180,0.890719,0.416079,0.399197,LEFT_TO_RIGHT,OUTSIDE_RIGHT,,0
GOPR0288U20_trajectories_dynamic.json,1409,0.771902,0.926887,0.310783,0.531646,LEFT_TO_RIGHT,OUTSIDE_RIGHT,,0
GOPR0288U20_trajectories_dynamic.json,1413,0.145589,0.602856,-0.155792,0.017062,RIGHT_TO_LEFT,OUTSIDE_LEFT,,0
GOPR0288U20_trajectories_dynamic.json,1449,0.280046,0.648094,-0.036165,0.029392,RIGHT_TO_LEFT,OUTSIDE_LEFT,,
GOPR0288U20_trajectories_dynamic.json,1455,0.399172,0.640853,-0.059663,-0.038456,RIGHT_TO_LEFT,INSIDE_MOVING_LEFT,0.000000,0
GOPR0289U20_trajectories_dynamic.json,13,0.902234,0.847290,0.558920,0.318936,LEFT_TO_RIGHT,OUTSIDE_RIGHT,,0
GOPR0289U20_trajectories_dynamic.json,43,0.477623,0.644433,0.060387,0.002253,LEFT_TO_RIGHT,INSIDE_MOVING_RIGHT,0.000000,4
GOPR0290U20_trajectories_dynamic.json,5,0.478611,0.649878,-0.242375,-0.043569,RIGHT_TO_LEFT,INSIDE_MOVING_LEFT,0.000000,5
GOPR0290U20_trajectories_dynamic.json,25,0.834021,1.000000,0.412711,0.388807,LEFT_TO_RIGHT,OUTSIDE_RIGHT,,0
GOPR0290U20_trajectories_dynamic.json,45,0.660969,0.798463,0.019256,-0.058725,LEFT_TO_RIGHT,OUTSIDE_RIGHT,,0
GOPR0290U20_trajectories_dynamic.json,62,0.208747,0.885291,-0.511482,0.394967,RIGHT_TO_LEFT,OUTSIDE_LEFT,,0
GOPR0290U20_trajectories_dynamic.json,76,0.807563,1.000000,0.191198,0.146679,LEFT_TO_RIGHT,OUTSIDE_RIGHT,,
GOPR0290U20_trajectories_dynamic.json,83,0.139538,0.729565,-0.340343,0.083076,RIGHT_TO_LEFT,OUTSIDE_LEFT,,4
GOPR0290U20_trajectories_dynamic.json,87,0.168072,0.731370,-0.256505,0.033879,RIGHT_TO_LEFT,OUTSIDE_LEFT,,
GOPR0290U20_trajectories_dynamic.json,98,0.350320,0.935972,-0.273848,0.411968,RIGHT_TO_LEFT,INSIDE_MOVING_LEFT,0.000000,0
GOPR0290U20_trajectories_dynamic.json,99,0.695524,0.724225,0.066181,0.051611,LEFT_TO_RIGHT,OUTSIDE_RIGHT,,0
GOPR0290U20_trajectories_dynamic.json,111,0.906324,0.823698,0.314897,0.203720,LEFT_TO_RIGHT,OUTSIDE_RIGHT,,
GOPR0290U20_trajectories_dynamic.json,117,0.187448,0.930518,-0.347497,0.237851,RIGHT_TO_LEFT,OUTSIDE_LEFT,,0
GOPR0290U20_trajectories_dynamic.json,120,0.875750,0.916081,0.296268,0.370196,LEFT_TO_RIGHT,OUTSIDE_RIGHT,,
GOPR0290U20_trajectories_dynamic.json,158,0.844164,0.935950,0.636770,0.517814,LEFT_TO_RIGHT,OUTSIDE_RIGHT,,0
GOPR0290U20_trajectories_dynamic.json,159,0.101846,0.756801,-0.370684,0.160414,RIGHT_TO_LEFT,OUTSIDE_LEFT,,
GOPR0290U20_trajectories_dynamic.json,163,0.907383,0.675254,0.250595,0.138052,LEFT_TO_RIGHT,OUTSIDE_RIGHT,,
GOPR0290U20_trajectories_dynamic.json,165,0.939902,0.733079,0.578664,0.083107,LEFT_TO_RIGHT,OUTSIDE_RIGHT,,
GOPR0290U20_trajectories_dynamic.json,173,0.950055,0.680719,0.142768,0.022924,LEFT_TO_RIGHT,OUTSIDE_RIGHT,,
GOPR0290U20_trajectories_dynamic.json,206,0.086543,0.890749,-0.660778,0.449713,RIGHT_TO_LEFT,OUTSIDE_LEFT,,0
GOPR0290U20_trajectories_dynamic.json,221,0.899195,0.825549,0.544986,0.296788,LEFT_TO_RIGHT,OUTSIDE_RIGHT,,0
GOPR0293U20_trajectories_dynamic.json,1,0.142589,0.876201,-1.018607,0.327871,RIGHT_TO_LEFT,OUTSIDE_LEFT,,12
GOPR0293U20_trajectories_dynamic.json,5,0.319725,0.977592,-0.221729,0.520240,RIGHT_TO_LEFT,OUTSIDE_LEFT,,8
GOPR0293U20_trajectories_dynamic.json,17,0.825902,0.874446,0.400899,0.341306,LEFT_TO_RIGHT,OUTSIDE_RIGHT,,0
GOPR0293U20_trajectories_dynamic.json,32,0.822816,0.896118,0.212442,0.285279,LEFT_TO_RIGHT,OUTSIDE_RIGHT,,6
GOPR0293U20_trajectories_dynamic.json,50,0.830949,0.803818,0.456075,0.199892,LEFT_TO_RIGHT,OUTSIDE_RIGHT,,0
GOPR0293U20_trajectories_dynamic.json,51,0.235250,0.626326,-0.128657,-0.048870,RIGHT_TO_LEFT,OUTSIDE_LEFT,,0
GOPR0293U20_trajectories_dynamic.json,71,0.105925,0.760241,-0.280038,0.182287,RIGHT_TO_LEFT,OUTSIDE_LEFT,,
GOPR0293U20_trajectories_dynamic.json,92,0.843164,0.926852,0.007811,0.325753,RIGHT_TO_LEFT,OUTSIDE_RIGHT,,
GOPR0293U20_trajectories_dynamic.json,144,0.090595,0.709605,-0.468558,0.145619,RIGHT_TO_LEFT,OUTSIDE_LEFT,,0
GOPR0293U20_trajectories_dynamic.json,186,0.083457,0.707851,-0.220058,0.117194,RIGHT_TO_LEFT,OUTSIDE_LEFT,,6
GOPR0293U20_trajectories_dynamic.json,198,0.848262,0.733196,0.246082,0.211221,LEFT_TO_RIGHT,OUTSIDE_RIGHT,,
GOPR0293U20_trajectories_dynamic.json,233,0.074280,0.637233,-0.459624,0.014868,RIGHT_TO_LEFT,OUTSIDE_LEFT,,0
GOPR0293U20_trajectories_dynamic.json,251,0.888000,0.919621,0.576128,0.525154,LEFT_TO_RIGHT,OUTSIDE_RIGHT,,0
GOPR0293U20_trajectories_dynamic.json,281,0.927711,0.754926,0.134375,0.002971,LEFT_TO_RIGHT,OUTSIDE_RIGHT,,
GOPR0293U20_trajectories_dynamic.json,284,0.030005,0.733151,-0.469942,0.196248,RIGHT_TO_LEFT,OUTSIDE_LEFT,,0
GOPR0293U20_trajectories_dynamic.json,292,0.831984,0.794745,-0.000811,0.138278,LEFT_TO_RIGHT,OUTSIDE_RIGHT,224.373030,
GOPR0293U20_trajectories_dynamic.json,306,0.649713,0.707879,-0.078815,-0.044630,RIGHT_TO_LEFT,INSIDE_MOVING_LEFT,0.000000,16
GOPR0293U20_trajectories_dynamic.json,309,0.916477,0.803837,0.276454,-0.029410,LEFT_TO_RIGHT,OUTSIDE_RIGHT,,
GOPR0293U20_trajectories_dynamic.json,335,0.038692,0.736800,-0.462064,0.160986,RIGHT_TO_LEFT,OUTSIDE_LEFT,,0
GOPR0293U20_trajectories_dynamic.json,339,0.535587,0.662585,0.058298,-0.021289,RIGHT_TO_LEFT,INSIDE_MOVING_RIGHT,0.000000,1
GOPR0293U20_trajectories_dynamic.json,377,0.942930,0.829176,0.200311,-0.084038,LEFT_TO_RIGHT,OUTSIDE_RIGHT,,0
GOPR0293U20_trajectories_dynamic.json,380,0.906305,0.696991,-0.018425,-0.111743,LEFT_TO_RIGHT,OUTSIDE_RIGHT,13.910797,0
GOPR0293U20_trajectories_dynamic.json,408,0.802461,0.651763,0.165642,-0.118883,LEFT_TO_RIGHT,OUTSIDE_RIGHT,,
GOPR0293U20_trajectories_dynamic.json,439,0.468411,0.648114,-0.045541,0.027582,RIGHT_TO_LEFT,INSIDE_MOVING_LEFT,0.000000,0
GOPR0293U20_trajectories_dynamic.json,453,0.266805,0.678815,-0.027051,0.060702,RIGHT_TO_LEFT,OUTSIDE_LEFT,,
GOPR0293U20_trajectories_dynamic.json,515,0.318695,0.622694,0.104591,0.044840,VERTICAL,APPROACHING_FROM_LEFT,0.299308,
GOPR0293U20_trajectories_dynamic.json,519,0.033072,0.767590,-0.008142,0.122015,RIGHT_TO_LEFT,OUTSIDE_LEFT,,
GOPR0293U20_trajectories_dynamic.json,630,0.212881,0.841761,-0.321487,0.363726,RIGHT_TO_LEFT,OUTSIDE_LEFT,,0
GOPR0293U20_trajectories_dynamic.json,633,0.439898,0.698792,-0.061041,-0.044887,RIGHT_TO_LEFT,INSIDE_MOVING_LEFT,0.000000,0
GOPR0293U20_trajectories_dynamic.json,637,0.514302,0.711378,-0.102968,-0.044117,VERTICAL,INSIDE_MOVING_LEFT,0.000000,0
GOPR0293U20_trajectories_dynamic.json,638,0.849246,0.832729,0.416330,0.385594,LEFT_TO_RIGHT,OUTSIDE_RIGHT,,0
GOPR0293U20_trajectories_dynamic.json,684,0.106937,0.928738,-0.691224,0.111303,RIGHT_TO_LEFT,OUTSIDE_LEFT,,0
GOPR0293U20_trajectories_dynamic.json,703,0.031022,0.802005,-0.713482,0.141240,RIGHT_TO_LEFT,OUTSIDE_LEFT,,0
GOPR0293U20_trajectories_dynamic.json,736,0.892035,0.818295,0.091577,-0.000120,LEFT_TO_RIGHT,OUTSIDE_RIGHT,,0
GOPR0293U20_trajectories_dynamic.json,805,0.886941,0.836467,0.339523,0.094039,LEFT_TO_RIGHT,OUTSIDE_RIGHT,,2
GOPR0293U20_trajectories_dynamic.json,885,0.268918,0.945028,-0.448184,0.467259,RIGHT_TO_LEFT,OUTSIDE_LEFT,,0
GOPR0293U20_trajectories_dynamic.json,897,0.459293,0.669876,-0.310061,0.040210,RIGHT_TO_LEFT,INSIDE_MOVING_LEFT,0.000000,0
GOPR0293U20_trajectories_dynamic.json,914,0.353364,0.999340,-0.866244,0.341183,RIGHT_TO_LEFT,INSIDE_MOVING_LEFT,0.000000,14
GOPR0293U20_trajectories_dynamic.json,985,0.846254,0.829133,0.685531,0.257696,LEFT_TO_RIGHT,OUTSIDE_RIGHT,,36
GOPR0293U20_trajectories_dynamic.json,1006,0.469463,0.653561,0.195778,0.003177,LEFT_TO_RIGHT,INSIDE_MOVING_RIGHT,0.000000,9
GOPR0293U20_trajectories_dynamic.json,1008,0.505106,0.736886,0.313859,0.155308,LEFT_TO_RIGHT,INSIDE_MOVING_RIGHT,0.000000,12
GOPR0293U20_trajectories_dynamic.json,1028,0.119116,0.993867,-0.794998,0.410663,RIGHT_TO_LEFT,OUTSIDE_LEFT,,0
GOPR0293U20_trajectories_dynamic.json,1034,0.920562,0.995618,0.450898,0.452030,LEFT_TO_RIGHT,OUTSIDE_RIGHT,,
GOPR0293U20_trajectories_dynamic.json,1089,0.878785,0.738643,0.416975,-0.023708,LEFT_TO_RIGHT,OUTSIDE_RIGHT,,0
GOPR0293U20_trajectories_dynamic.json,1103,0.359506,0.677119,-0.293809,-0.070881,RIGHT_TO_LEFT,INSIDE_MOVING_LEFT,0.000000,0
GOPR0293U20_trajectories_dynamic.json,1157,0.151740,0.921483,-0.284865,0.538915,RIGHT_TO_LEFT,OUTSIDE_LEFT,,0
GOPR0296U20_trajectories_dynamic.json,0,0.227101,0.541324,0.463614,-0.244434,LEFT_TO_RIGHT,APPROACHING_FROM_LEFT,0.265090,
GOPR0296U20_trajectories_dynamic.json,6,0.405269,0.707830,0.138732,-0.066779,RIGHT_TO_LEFT,INSIDE_MOVING_RIGHT,0.000000,0
GOPR0296U20_trajectories_dynamic.json,8,0.040210,0.792968,-0.675343,0.125353,RIGHT_TO_LEFT,OUTSIDE_LEFT,,1
GOPR0296U20_trajectories_dynamic.json,47,0.515229,0.711469,-0.019326,0.072851,LEFT_TO_RIGHT,INSIDE_STATIONARY,0.000000,0
GOPR0296U20_trajectories_dynamic.json,152,0.857441,0.984862,0.402418,0.419470,LEFT_TO_RIGHT,OUTSIDE_RIGHT,,0
GOPR0296U20_trajectories_dynamic.json,190,0.651748,0.736817,0.120031,-0.001646,LEFT_TO_RIGHT,OUTSIDE_RIGHT,,1
GOPR0296U20_trajectories_dynamic.json,231,0.937887,0.706116,0.464119,-0.065392,LEFT_TO_RIGHT,OUTSIDE_RIGHT,,0
GOPR0296U20_trajectories_dynamic.json,248,0.064118,0.747669,-0.179330,0.024472,RIGHT_TO_LEFT,OUTSIDE_LEFT,,
GOPR0296U20_trajectories_dynamic.json,257,0.907289,0.724112,0.388243,0.172377,LEFT_TO_RIGHT,OUTSIDE_RIGHT,,0
GOPR0296U20_trajectories_dynamic.json,263,0.247485,0.659072,0.024881,0.021922,RIGHT_TO_LEFT,OUTSIDE_LEFT,4.120298,0
GOPR0296U20_trajectories_dynamic.json,265,0.919609,0.780217,0.328473,0.230460,LEFT_TO_RIGHT,OUTSIDE_RIGHT,,
GOPR0296U20_trajectories_dynamic.json,285,0.900191,0.959468,0.583706,0.311078,LEFT_TO_RIGHT,OUTSIDE_RIGHT,,0
GOPR0296U20_trajectories_dynamic.json,307,0.907301,0.738622,0.251875,0.130077,LEFT_TO_RIGHT,OUTSIDE_RIGHT,,0
GOPR0296U20_trajectories_dynamic.json,310,0.053985,0.816499,-0.181536,0.145914,LEFT_TO_RIGHT,OUTSIDE_LEFT,,
GOPR0296U20_trajectories_dynamic.json,314,0.273923,0.669777,-0.174306,-0.020463,RIGHT_TO_LEFT,OUTSIDE_LEFT,,0
GOPR0296U20_trajectories_dynamic.json,358,0.854367,0.783915,0.476027,0.219809,LEFT_TO_RIGHT,OUTSIDE_RIGHT,,0
GOPR0296U20_trajectories_dynamic.json,370,0.039228,0.796528,-0.027928,-0.019799,VERTICAL,OUTSIDE_LEFT,,12
GOPR0296U20_trajectories_dynamic.json,413,0.768849,0.948682,0.323910,0.495502,LEFT_TO_RIGHT,OUTSIDE_RIGHT,,0
GOPR0296U20_trajectories_dynamic.json,419,0.237291,0.896117,-0.716747,0.193251,RIGHT_TO_LEFT,OUTSIDE_LEFT,,0
GOPR0296U20_trajectories_dynamic.json,428,0.156866,0.803817,-0.270338,0.061841,LEFT_TO_RIGHT,OUTSIDE_LEFT,,
GOPR0296U20_trajectories_dynamic.json,431,0.909379,0.867240,0.234061,0.187468,LEFT_TO_RIGHT,OUTSIDE_RIGHT,,0
GOPR0296U20_trajectories_dynamic.json,432,0.953160,0.825571,0.388106,0.099414,LEFT_TO_RIGHT,OUTSIDE_RIGHT,,1
GOPR0296U20_trajectories_dynamic.json,433,0.835012,0.896014,0.295868,0.246225,LEFT_TO_RIGHT,OUTSIDE_RIGHT,,0
GOPR0296U20_trajectories_dynamic.json,457,0.112960,0.887061,-0.342426,0.420222,RIGHT_TO_LEFT,OUTSIDE_LEFT,,
GOPR0296U20_trajectories_dynamic.json,499,0.178209,0.879838,-0.120450,0.163194,VERTICAL,OUTSIDE_LEFT,,42
GOPR0296U20_trajectories_dynamic.json,522,0.811582,0.897927,0.362787,0.453882,LEFT_TO_RIGHT,OUTSIDE_RIGHT,,0
GOPR0296U20_trajectories_dynamic.json,530,0.158832,0.760406,-0.190609,0.138784,RIGHT_TO_LEFT,OUTSIDE_LEFT,,
GOPR0296U20_trajectories_dynamic.json,603,0.868617,0.849032,0.073353,0.083886,VERTICAL,OUTSIDE_RIGHT,,
GOPR0296U20_trajectories_dynamic.json,634,0.908340,0.856359,0.123254,0.039649,LEFT_TO_RIGHT,OUTSIDE_RIGHT,,
GOPR0296U20_trajectories_dynamic.json,664,0.804464,1.000000,0.480827,0.575931,LEFT_TO_RIGHT,OUTSIDE_RIGHT,,0
GOPR0296U20_trajectories_dynamic.json,673,0.871707,0.870801,0.640854,0.356547,LEFT_TO_RIGHT,OUTSIDE_RIGHT,,0
GOPR0296U20_trajectories_dynamic.json,676,0.300386,0.943276,-0.233577,0.496645,RIGHT_TO_LEFT,OUTSIDE_LEFT,,0
GOPR0296U20_trajectories_dynamic.json,682,0.325889,0.986644,-0.403492,0.583088,RIGHT_TO_LEFT,OUTSIDE_LEFT,,0
GOPR0296U20_trajectories_dynamic.json,707,0.154835,0.852685,-0.383262,0.373262,RIGHT_TO_LEFT,OUTSIDE_LEFT,,0
GOPR0296U20_trajectories_dynamic.json,744,0.030050,0.735023,-0.055676,-0.032297,RIGHT_TO_LEFT,OUTSIDE_LEFT,,
GOPR0296U20_trajectories_dynamic.json,745,0.059037,0.778489,-0.466922,0.097601,RIGHT_TO_LEFT,OUTSIDE_LEFT,,
GOPR0296U20_trajectories_dynamic.json,755,0.903262,0.711510,0.393707,0.053401,LEFT_TO_RIGHT,OUTSIDE_RIGHT,,0
GOPR0296U20_trajectories_dynamic.json,832,0.328922,0.649984,-0.044345,0.007626,RIGHT_TO_LEFT,OUTSIDE_LEFT,,0
GOPR0296U20_trajectories_dynamic.json,833,0.041739,0.713349,-0.339151,0.110768,LEFT_TO_RIGHT,OUTSIDE_LEFT,,
GOPR0296U20_trajectories_dynamic.json,903,0.335057,0.818293,-0.277456,0.215220,RIGHT_TO_LEFT,OUTSIDE_LEFT,,0
GOPR0296U20_trajectories_dynamic.json,925,0.831957,0.740404,0.263260,0.213696,LEFT_TO_RIGHT,OUTSIDE_RIGHT,,
GOPR0296U20_trajectories_dynamic.json,931,0.223001,0.649917,0.190331,0.114152,RIGHT_TO_LEFT,APPROACHING_FROM_LEFT,0.667256,
GOPR0296U20_trajectories_dynamic.json,943,0.546873,0.651873,0.085425,0.032772,LEFT_TO_RIGHT,INSIDE_MOVING_RIGHT,0.000000,0
GOPR0296U20_trajectories_dynamic.json,951,0.853379,0.925139,0.618854,0.300794,LEFT_TO_RIGHT,OUTSIDE_RIGHT,,44
GOPR0296U20_trajectories_dynamic.json,954,0.852293,0.850905,0.379466,0.348218,LEFT_TO_RIGHT,OUTSIDE_RIGHT,,0
GOPR0296U20_trajectories_dynamic.json,964,0.566186,0.646213,0.179260,-0.034607,LEFT_TO_RIGHT,INSIDE_MOVING_RIGHT,0.000000,0
GOPR0296U20_trajectories_dynamic.json,969,0.726086,0.890731,0.272186,0.395888,LEFT_TO_RIGHT,OUTSIDE_RIGHT,,0
GOPR0296U20_trajectories_dynamic.json,988,0.069266,0.675260,-0.261555,0.162340,RIGHT_TO_LEFT,OUTSIDE_LEFT,,0
GOPR0296U20_trajectories_dynamic.json,992,0.370641,0.635378,-0.151334,-0.039328,VERTICAL,INSIDE_MOVING_LEFT,0.000000,0
GOPR0296U20_trajectories_dynamic.json,1128,0.373752,0.646183,-0.016287,-0.074576,LEFT_TO_RIGHT,INSIDE_STATIONARY,0.000000,20
GOPR0296U20_trajectories_dynamic.json,1135,0.423619,0.687895,-0.240870,-0.019227,RIGHT_TO_LEFT,INSIDE_MOVING_LEFT,0.000000,0
GOPR0296U20_trajectories_dynamic.json,1148,0.083491,0.876219,-0.635109,0.073717,RIGHT_TO_LEFT,OUTSIDE_LEFT,,0
GOPR0296U20_trajectories_dynamic.json,1291,0.073349,0.794734,-0.660915,0.158697,RIGHT_TO_LEFT,OUTSIDE_LEFT,,0
GOPR0296U20_trajectories_dynamic.json,1296,0.869621,0.778503,0.363742,0.094001,LEFT_TO_RIGHT,OUTSIDE_RIGHT,,0
GOPR0296U20_trajectories_dynamic.json,1306,0.040236,0.767588,-0.465729,0.173359,RIGHT_TO_LEFT,OUTSIDE_LEFT,,0
GOPR0296U20_trajectories_dynamic.json,1307,0.349300,0.682472,0.173226,-0.023405,RIGHT_TO_LEFT,APPROACHING_FROM_LEFT,0.004039,15
GOPR0296U20_trajectories_dynamic.json,1353,0.473533,0.700589,-0.018569,-0.037999,RIGHT_TO_LEFT,INSIDE_STATIONARY,0.000000,6
GOPR0296U20_trajectories_dynamic.json,1439,0.019832,0.695156,-0.392747,0.061184,RIGHT_TO_LEFT,OUTSIDE_LEFT,,0
GOPR0296U20_trajectories_dynamic.json,1495,0.784104,0.745872,0.224671,0.093011,LEFT_TO_RIGHT,OUTSIDE_RIGHT,,0
GOPR0296U20_trajectories_dynamic.json,1502,0.056984,0.657198,-0.286738,-0.012946,RIGHT_TO_LEFT,OUTSIDE_LEFT,,0
GOPR0296U20_trajectories_dynamic.json,1544,0.899223,0.993883,0.594342,0.566863,LEFT_TO_RIGHT,OUTSIDE_RIGHT,,0
GOPR0296U20_trajectories_dynamic.json,1549,0.870684,1.000000,0.355343,0.556053,LEFT_TO_RIGHT,OUTSIDE_RIGHT,,0
GOPR0296U20_trajectories_dynamic.json,1581,0.030036,0.762183,-0.425740,0.067315,RIGHT_TO_LEFT,OUTSIDE_LEFT,,12
GOPR0296U20_trajectories_dynamic.json,1611,0.443943,0.763935,-0.297842,0.017594,RIGHT_TO_LEFT,INSIDE_MOVING_LEFT,0.000000,23
GOPR0296U20_trajectories_dynamic.json,1686,0.380816,0.789243,-0.213604,0.086084,RIGHT_TO_LEFT,INSIDE_MOVING_LEFT,0.000000,0
GOPR0296U20_trajectories_dynamic.json,1758,0.061073,0.591922,-0.586042,-0.047092,RIGHT_TO_LEFT,OUTSIDE_LEFT,,0
GOPR0296U20_trajectories_dynamic.json,1773,0.044242,0.745794,-0.646390,0.186588,RIGHT_TO_LEFT,OUTSIDE_LEFT,,
GOPR0296U20_trajectories_dynamic.json,1794,0.127270,0.599306,-0.437379,-0.003376,RIGHT_TO_LEFT,OUTSIDE_LEFT,,0
GOPR0296U20_trajectories_dynamic.json,1798,0.805512,0.881644,0.319635,0.431058,LEFT_TO_RIGHT,OUTSIDE_RIGHT,,0
GOPR0296U20_trajectories_dynamic.json,1911,0.048869,0.823722,-0.537029,0.360462,RIGHT_TO_LEFT,OUTSIDE_LEFT,,
GOPR0296U20_trajectories_dynamic.json,1959,0.013730,0.682494,-0.107372,0.068522,RIGHT_TO_LEFT,OUTSIDE_LEFT,,
GOPR0296U20_trajectories_dynamic.json,1962,0.046877,0.658967,-0.339768,0.095646,RIGHT_TO_LEFT,OUTSIDE_LEFT,,
GOPR0296U20_trajectories_dynamic.json,1967,0.812608,1.000000,0.474396,0.674820,LEFT_TO_RIGHT,OUTSIDE_RIGHT,,0
GOPR0296U20_trajectories_dynamic.json,1989,0.910398,0.765801,0.225061,-0.167495,LEFT_TO_RIGHT,OUTSIDE_RIGHT,,26
GOPR0296U20_trajectories_dynamic.json,2002,0.181292,0.648188,0.014939,0.037294,RIGHT_TO_LEFT,OUTSIDE_LEFT,11.292994,
GOPR0296U20_trajectories_dynamic.json,2003,0.079452,0.649979,0.015221,0.063923,VERTICAL,OUTSIDE_LEFT,17.774470,
GOPR0297U20_trajectories_dynamic.json,0,0.731163,1.000000,0.413793,0.610719,LEFT_TO_RIGHT,OUTSIDE_RIGHT,,19
GOPR0297U20_trajectories_dynamic.json,1,0.857484,0.696968,0.752748,0.198705,LEFT_TO_RIGHT,OUTSIDE_RIGHT,,1
GOPR0297U20_trajectories_dynamic.json,36,0.883891,0.861790,0.073003,0.211911,LEFT_TO_RIGHT,OUTSIDE_RIGHT,,
GOPR0297U20_trajectories_dynamic.json,43,0.016787,0.706119,-0.724986,0.042111,RIGHT_TO_LEFT,OUTSIDE_LEFT,,0
GOPR0297U20_trajectories_dynamic.json,78,0.366560,0.720506,0.169096,0.106793,RIGHT_TO_LEFT,INSIDE_MOVING_RIGHT,0.000000,0
GOPR0297U20_trajectories_dynamic.json,166,0.792256,0.881644,0.605288,0.159323,LEFT_TO_RIGHT,OUTSIDE_RIGHT,,22
GOPR0297U20_trajectories_dynamic.json,174,0.914438,0.727798,0.018241,-0.008906,LEFT_TO_RIGHT,OUTSIDE_RIGHT,,
GOPR0297U20_trajectories_dynamic.json,218,0.800407,1.000000,0.570860,0.188613,LEFT_TO_RIGHT,OUTSIDE_RIGHT,,18
GOPR0297U20_trajectories_dynamic.json,222,0.687398,0.695200,-0.031002,-0.007716,RIGHT_TO_LEFT,APPROACHING_FROM_RIGHT,1.206321,
GOPR0297U20_trajectories_dynamic.json,243,0.953184,0.706108,0.275665,-0.012984,LEFT_TO_RIGHT,OUTSIDE_RIGHT,,
GOPR0297U20_trajectories_dynamic.json,246,0.957246,0.715194,0.205420,-0.088547,LEFT_TO_RIGHT,OUTSIDE_RIGHT,,
GOPR0297U20_trajectories_dynamic.json,252,0.144595,0.821855,-0.414776,0.229855,RIGHT_TO_LEFT,OUTSIDE_LEFT,,0
GOPR0297U20_trajectories_dynamic.json,307,0.079424,0.763919,-0.561788,0.227338,RIGHT_TO_LEFT,OUTSIDE_LEFT,,0
GOPR0297U20_trajectories_dynamic.json,341,0.822820,0.707916,0.054668,0.115163,LEFT_TO_RIGHT,OUTSIDE_RIGHT,,
GOPR0297U20_trajectories_dynamic.json,365,0.269846,1.000000,-0.513245,0.563374,RIGHT_TO_LEFT,OUTSIDE_LEFT,,0
GOPR0297U20_trajectories_dynamic.json,390,0.280028,0.975776,-0.371650,0.276745,RIGHT_TO_LEFT,OUTSIDE_LEFT,,0
GOPR0297U20_trajectories_dynamic.json,490,0.931734,0.734959,-0.149941,-0.129274,RIGHT_TO_LEFT,APPROACHING_FROM_RIGHT,1.878967,
GOPR0297U20_trajectories_dynamic.json,575,0.754541,0.858162,0.365123,0.339058,LEFT_TO_RIGHT,OUTSIDE_RIGHT,,0
GOPR0297U20_trajectories_dynamic.json,602,0.883902,0.716892,0.476869,0.077838,LEFT_TO_RIGHT,OUTSIDE_RIGHT,,0
GOPR0297U20_trajectories_dynamic.json,633,0.275966,0.778486,-0.257737,0.306504,RIGHT_TO_LEFT,OUTSIDE_LEFT,,0
GOPR0297U20_trajectories_dynamic.json,634,0.091700,0.729585,-0.467023,0.191405,RIGHT_TO_LEFT,OUTSIDE_LEFT,,0
GOPR0297U20_trajectories_dynamic.json,664,0.101822,0.724131,-0.462142,-0.034897,RIGHT_TO_LEFT,OUTSIDE_LEFT,,24
GOPR0297U20_trajectories_dynamic.json,679,0.092698,0.758543,-0.408556,0.234805,RIGHT_TO_LEFT,OUTSIDE_LEFT,,0
GOPR0297U20_trajectories_dynamic.json,741,0.319750,0.622753,0.020386,-0.066467,LEFT_TO_RIGHT,OUTSIDE_LEFT,1.483826,
GOPR0297U20_trajectories_dynamic.json,776,0.463362,0.704153,-0.131540,0.062251,VERTICAL,INSIDE_MOVING_LEFT,0.000000,0
GOPR0297U20_trajectories_dynamic.json,801,0.092682,0.825555,-0.142219,-0.010461,RIGHT_TO_LEFT,OUTSIDE_LEFT,,0
GOPR0297U20_trajectories_dynamic.json,811,0.053954,0.959474,-0.479324,0.522007,RIGHT_TO_LEFT,OUTSIDE_LEFT,,10
GOPR0297U20_trajectories_dynamic.json,869,0.189401,1.000000,-0.462860,0.274473,RIGHT_TO_LEFT,OUTSIDE_LEFT,,0
GOPR0297U20_trajectories_dynamic.json,902,0.147691,0.711542,-0.316453,-0.104157,RIGHT_TO_LEFT,OUTSIDE_LEFT,,
GOPR0297U20_trajectories_dynamic.json,949,0.209766,0.854517,-0.256537,0.473169,RIGHT_TO_LEFT,OUTSIDE_LEFT,,0
GOPR0297U20_trajectories_dynamic.json,974,0.805532,0.930620,0.381570,0.575798,LEFT_TO_RIGHT,OUTSIDE_RIGHT,,0
GOPR0297U20_trajectories_dynamic.json,985,0.428680,0.648100,-0.309435,-0.051469,RIGHT_TO_LEFT,INSIDE_MOVING_LEFT,0.000000,0
GOPR0297U20_trajectories_dynamic.json,989,0.719988,0.983063,0.157878,0.553785,LEFT_TO_RIGHT,OUTSIDE_RIGHT,,0
GOPR0297U20_trajectories_dynamic.json,1002,0.088600,0.874437,-0.497574,0.465280,RIGHT_TO_LEFT,OUTSIDE_LEFT,,0
GOPR0297U20_trajectories_dynamic.json,1008,0.659816,0.773068,0.470257,0.068919,LEFT_TO_RIGHT,OUTSIDE_RIGHT,,0
GOPR0299U20_trajectories_dynamic.json,2,0.868625,0.718724,0.114407,0.047054,LEFT_TO_RIGHT,OUTSIDE_RIGHT,,
GOPR0299U20_trajectories_dynamic.json,12,0.040741,0.653633,-0.256502,-0.039513,RIGHT_TO_LEFT,OUTSIDE_LEFT,,
GOPR0299U20_trajectories_dynamic.json,18,0.826875,0.941392,0.434146,0.551923,LEFT_TO_RIGHT,OUTSIDE_RIGHT,,0
GOPR0299U20_trajectories_dynamic.json,27,0.241343,0.617288,-0.057589,0.003643,VERTICAL,OUTSIDE_LEFT,,
GOPR0299U20_trajectories_dynamic.json,29,0.433835,0.682552,0.207715,0.069542,LEFT_TO_RIGHT,INSIDE_MOVING_RIGHT,0.000000,64
GOPR0299U20_trajectories_dynamic.json,30,0.865586,0.783947,0.651514,0.148055,LEFT_TO_RIGHT,OUTSIDE_RIGHT,,20
GOPR0299U20_trajectories_dynamic.json,52,0.253595,0.925119,-0.670924,0.415257,RIGHT_TO_LEFT,OUTSIDE_LEFT,,0
GOPR0299U20_trajectories_dynamic.json,67,0.277004,0.756726,-0.086111,-0.154714,LEFT_TO_RIGHT,OUTSIDE_LEFT,,23
GOPR0299U20_trajectories_dynamic.json,78,0.100812,0.803836,-0.274215,-0.026346,LEFT_TO_RIGHT,OUTSIDE_LEFT,,
GOPR0299U20_trajectories_dynamic.json,99,0.481690,0.597394,0.191213,-0.289969,LEFT_TO_RIGHT,INSIDE_MOVING_RIGHT,0.000000,0
GOPR0299U20_trajectories_dynamic.json,219,0.839121,0.905198,0.430994,0.267184,LEFT_TO_RIGHT,OUTSIDE_RIGHT,,4
GOPR0299U20_trajectories_dynamic.json,221,0.484727,0.593742,0.046261,0.005778,LEFT_TO_RIGHT,INSIDE_MOVING_RIGHT,0.000000,9
GOPR0299U20_trajectories_dynamic.json,260,0.091677,0.588228,-0.395686,0.074341,RIGHT_TO_LEFT,OUTSIDE_LEFT,,
GOPR0299U20_trajectories_dynamic.json,286,0.682253,0.968568,0.516114,0.398309,LEFT_TO_RIGHT,OUTSIDE_RIGHT,,0
GOPR0299U20_trajectories_dynamic.json,295,0.827906,0.926888,0.673452,0.330569,LEFT_TO_RIGHT,OUTSIDE_RIGHT,,0
GOPR0299U20_trajectories_dynamic.json,360,0.799412,1.000000,0.078307,0.583876,LEFT_TO_RIGHT,OUTSIDE_RIGHT,,
GOPR0299U20_trajectories_dynamic.json,393,0.814677,1.000000,0.470702,0.683291,LEFT_TO_RIGHT,OUTSIDE_RIGHT,,0
GOPR0299U20_trajectories_dynamic.json,432,0.632381,0.839986,0.255970,0.409267,LEFT_TO_RIGHT,INSIDE_MOVING_RIGHT,0.000000,0
GOPR0299U20_trajectories_dynamic.json,473,0.105900,0.747733,-0.253757,0.225906,RIGHT_TO_LEFT,OUTSIDE_LEFT,,0
GOPR0299U20_trajectories_dynamic.json,485,0.844203,0.912394,0.425019,0.408286,LEFT_TO_RIGHT,OUTSIDE_RIGHT,,0
GOPR0299U20_trajectories_dynamic.json,487,0.137492,0.821915,-0.356141,0.366370,RIGHT_TO_LEFT,OUTSIDE_LEFT,,0
GOPR0299U20_trajectories_dynamic.json,497,0.268808,0.914243,-0.317759,0.475299,RIGHT_TO_LEFT,OUTSIDE_LEFT,,0
GOPR0299U20_trajectories_dynamic.json,512,0.302459,0.979457,-0.520018,0.561816,RIGHT_TO_LEFT,OUTSIDE_LEFT,,0
GOPR0299U20_trajectories_dynamic.json,635,0.699604,0.693383,-0.159220,0.057637,RIGHT_TO_LEFT,APPROACHING_FROM_RIGHT,0.311545,
GOPR0299U20_trajectories_dynamic.json,744,0.058086,0.687961,-0.708220,0.118110,RIGHT_TO_LEFT,OUTSIDE_LEFT,,0
GOPR0299U20_trajectories_dynamic.json,795,0.877832,0.767589,0.352633,0.263770,LEFT_TO_RIGHT,OUTSIDE_RIGHT,,
GOPR0299U20_trajectories_dynamic.json,834,0.212809,0.796491,-0.416261,0.330871,RIGHT_TO_LEFT,OUTSIDE_LEFT,,0
GOPR0299U20_trajectories_dynamic.json,1010,0.852352,0.874430,0.446561,0.321452,LEFT_TO_RIGHT,OUTSIDE_RIGHT,,0
GOPR0299U20_trajectories_dynamic.json,1014,0.060048,0.769437,-0.366067,0.236236,RIGHT_TO_LEFT,OUTSIDE_LEFT,,
GOPR0299U20_trajectories_dynamic.json,1029,0.183281,0.825528,-0.273259,0.323645,RIGHT_TO_LEFT,OUTSIDE_LEFT,,
GOPR0300U20_trajectories_dynamic.json,16,0.185271,0.677058,-0.141698,-0.041592,RIGHT_TO_LEFT,OUTSIDE_LEFT,,19
GOPR0300U20_trajectories_dynamic.json,40,0.188389,0.713382,-0.189190,-0.015915,RIGHT_TO_LEFT,OUTSIDE_LEFT,,3
GOPR0300U20_trajectories_dynamic.json,552,0.342220,0.883424,-0.573859,0.327840,RIGHT_TO_LEFT,OUTSIDE_LEFT,,12
GOPR0300U20_trajectories_dynamic.json,571,0.455189,0.802044,-0.648153,0.179444,RIGHT_TO_LEFT,INSIDE_MOVING_LEFT,0.000000,28
GOPR0300U20_trajectories_dynamic.json,574,0.419571,0.899683,-0.497972,0.400723,RIGHT_TO_LEFT,INSIDE_MOVING_LEFT,0.000000,17
GOPR0300U20_trajectories_dynamic.json,619,0.648699,0.888872,0.931379,0.298943,LEFT_TO_RIGHT,INSIDE_MOVING_RIGHT,0.000000,18
GOPR0300U20_trajectories_dynamic.json,673,0.892027,0.827381,0.292332,0.199612,LEFT_TO_RIGHT,OUTSIDE_RIGHT,,0
GOPR0300U20_trajectories_dynamic.json,791,0.366632,0.916106,-0.595641,0.431721,RIGHT_TO_LEFT,INSIDE_MOVING_LEFT,0.000000,9
GOPR0300U20_trajectories_dynamic.json,972,0.129328,0.801930,-0.246680,0.245812,RIGHT_TO_LEFT,OUTSIDE_LEFT,,
GOPR0300U20_trajectories_dynamic.json,992,0.200561,0.658957,-0.182853,0.063182,RIGHT_TO_LEFT,OUTSIDE_LEFT,,0
GOPR0300U20_trajectories_dynamic.json,1031,0.066201,0.917845,-0.108821,0.310436,RIGHT_TO_LEFT,OUTSIDE_LEFT,,
GOPR0300U20_trajectories_dynamic.json,1041,0.371644,0.651690,-0.198654,0.063803,RIGHT_TO_LEFT,INSIDE_MOVING_LEFT,0.000000,0
GOPR0300U20_trajectories_dynamic.json,1066,0.077393,0.716906,-0.287329,0.391015,LEFT_TO_RIGHT,OUTSIDE_LEFT,,
GOPR0300U20_trajectories_dynamic.json,1127,0.342118,0.993910,-0.202097,0.091520,RIGHT_TO_LEFT,OUTSIDE_LEFT,,0
GOPR0300U20_trajectories_dynamic.json,1138,0.338058,0.693399,0.434745,0.057948,RIGHT_TO_LEFT,APPROACHING_FROM_LEFT,0.027469,0
GOPR0300U20_trajectories_dynamic.json,1175,0.599787,0.678833,0.123180,0.018118,LEFT_TO_RIGHT,INSIDE_MOVING_RIGHT,0.000000,0
GOPR0300U20_trajectories_dynamic.json,1186,0.848281,0.843674,0.376264,0.428160,LEFT_TO_RIGHT,OUTSIDE_RIGHT,,0
GOPR0300U20_trajectories_dynamic.json,1225,0.048870,0.763968,-0.273702,0.170612,RIGHT_TO_LEFT,OUTSIDE_LEFT,,0
GOPR0300U20_trajectories_dynamic.json,1237,0.053990,0.669867,-0.047226,0.081938,RIGHT_TO_LEFT,OUTSIDE_LEFT,,
GOPR0300U20_trajectories_dynamic.json,1239,0.031043,0.646222,-0.395648,0.039328,RIGHT_TO_LEFT,OUTSIDE_LEFT,,
GOPR0300U20_trajectories_dynamic.json,1245,0.139551,0.630042,-0.143260,0.049774,RIGHT_TO_LEFT,OUTSIDE_LEFT,,
GOPR0300U20_trajectories_dynamic.json,1308,0.119126,0.742210,-0.236422,0.079395,RIGHT_TO_LEFT,OUTSIDE_LEFT,,
GOPR0300U20_trajectories_dynamic.json,1380,0.027951,0.606429,-0.100743,0.015055,RIGHT_TO_LEFT,OUTSIDE_LEFT,,
GOPR0300U20_trajectories_dynamic.json,1382,0.292273,0.595592,-0.014768,-0.000584,RIGHT_TO_LEFT,OUTSIDE_LEFT,,0
GOPR0300U20_trajectories_dynamic.json,1398,0.038660,0.740483,-0.185332,0.087828,RIGHT_TO_LEFT,OUTSIDE_LEFT,,0
GOPR0300U20_trajectories_dynamic.json,1403,0.187421,0.572110,-0.047899,0.008883,RIGHT_TO_LEFT,OUTSIDE_LEFT,,
GOPR0300U20_trajectories_dynamic.json,1415,0.778992,0.905228,0.430392,0.530295,LEFT_TO_RIGHT,OUTSIDE_RIGHT,,0
GOPR0300U20_trajectories_dynamic.json,1421,0.421605,0.588321,0.031680,-0.016449,VERTICAL,INSIDE_MOVING_RIGHT,0.000000,0
GOPR0300U20_trajectories_dynamic.json,1445,0.298354,0.599196,0.191297,-0.120290,LEFT_TO_RIGHT,APPROACHING_FROM_LEFT,0.269981,
GOPR0300U20_trajectories_dynamic.json,1509,0.062097,0.773022,-0.775922,0.170570,RIGHT_TO_LEFT,OUTSIDE_LEFT,,0
GOPR0300U20_trajectories_dynamic.json,1536,0.141545,0.754883,-0.223257,0.284305,RIGHT_TO_LEFT,OUTSIDE_LEFT,,0
GOPR0300U20_trajectories_dynamic.json,1677,0.683346,0.773016,0.309253,0.394819,LEFT_TO_RIGHT,OUTSIDE_RIGHT,,0
GOPR0300U20_trajectories_dynamic.json,1793,0.082494,0.584724,-0.161981,-0.005503,RIGHT_TO_LEFT,OUTSIDE_LEFT,,
GOPR0300U20_trajectories_dynamic.json,1833,0.756625,0.858132,0.016009,0.373067,LEFT_TO_RIGHT,OUTSIDE_RIGHT,,0
GOPR0300U20_trajectories_dynamic.json,1875,0.934836,0.668037,0.604142,-0.020331,LEFT_TO_RIGHT,OUTSIDE_RIGHT,,0
GOPR0300U20_trajectories_dynamic.json,1919,0.920594,0.756790,0.716475,0.268061,LEFT_TO_RIGHT,OUTSIDE_RIGHT,,0
GOPR0300U20_trajectories_dynamic.json,1933,0.914438,0.729578,0.742670,0.276718,LEFT_TO_RIGHT,OUTSIDE_RIGHT,,0
GOPR0300U20_trajectories_dynamic.json,1940,0.176164,0.669874,-0.366993,0.028755,RIGHT_TO_LEFT,OUTSIDE_LEFT,,0
GOPR0300U20_trajectories_dynamic.json,1977,0.211774,0.878001,-0.263910,0.222295,RIGHT_TO_LEFT,OUTSIDE_LEFT,,0
GOPR0300U20_trajectories_dynamic.json,2014,0.094688,0.800167,-0.444472,0.420751,RIGHT_TO_LEFT,OUTSIDE_LEFT,,0
GOPR0300U20_trajectories_dynamic.json,2018,0.071236,0.724149,-0.273184,-0.016381,RIGHT_TO_LEFT,OUTSIDE_LEFT,,0
GOPR0300U20_trajectories_dynamic.json,2035,0.147645,1.000000,-0.269681,0.476364,VERTICAL,OUTSIDE_LEFT,,23
GOPR0300U20_trajectories_dynamic.json,2058,0.029472,0.561081,-0.509890,0.026248,RIGHT_TO_LEFT,OUTSIDE_LEFT,,
GOPR0300U20_trajectories_dynamic.json,2098,0.867578,0.876207,0.435790,0.447023,LEFT_TO_RIGHT,OUTSIDE_RIGHT,,0
GOPR0300U20_trajectories_dynamic.json,2215,0.046326,0.738594,-0.635456,-0.000668,RIGHT_TO_LEFT,OUTSIDE_LEFT,,0
GOPR0300U20_trajectories_dynamic.json,2326,0.122184,0.666281,-0.668860,0.090550,RIGHT_TO_LEFT,OUTSIDE_LEFT,,0
GOPR0300U20_trajectories_dynamic.json,2386,0.045843,0.760378,-0.670971,0.306137,RIGHT_TO_LEFT,OUTSIDE_LEFT,,0
GOPR0300U20_trajectories_dynamic.json,2403,0.239326,0.613653,0.270326,-0.073085,LEFT_TO_RIGHT,APPROACHING_FROM_LEFT,0.409411,
GOPR0300U20_trajectories_dynamic.json,2453,0.151730,0.780317,-0.328186,0.385001,RIGHT_TO_LEFT,OUTSIDE_LEFT,,
GOPR0300U20_trajectories_dynamic.json,2460,0.501038,0.678868,-0.014826,0.128250,LEFT_TO_RIGHT,INSIDE_STATIONARY,0.000000,0
GOPR0300U20_trajectories_dynamic.json,2479,0.493900,0.722385,0.099744,0.008586,LEFT_TO_RIGHT,INSIDE_MOVING_RIGHT,0.000000,8
GOPR0300U20_trajectories_dynamic.json,2571,0.122191,0.865345,-0.632133,0.073036,RIGHT_TO_LEFT,OUTSIDE_LEFT,,0
GOPR0300U20_trajectories_dynamic.json,2590,0.850305,0.973947,0.711022,0.534638,LEFT_TO_RIGHT,OUTSIDE_RIGHT,,0
GOPR0300U20_trajectories_dynamic.json,2626,0.106950,0.720489,-0.867507,-0.012553,RIGHT_TO_LEFT,OUTSIDE_LEFT,,0
GOPR0300U20_trajectories_dynamic.json,2656,0.262757,0.845446,-0.727564,0.196397,RIGHT_TO_LEFT,OUTSIDE_LEFT,,10
GOPR0300U20_trajectories_dynamic.json,2712,0.388994,0.847267,-0.370723,0.409013,LEFT_TO_RIGHT,INSIDE_MOVING_LEFT,0.000000,6
GOPR0300U20_trajectories_dynamic.json,2744,0.197540,0.794721,-0.084910,0.107638,LEFT_TO_RIGHT,OUTSIDE_LEFT,,5
GOPR0300U20_trajectories_dynamic.json,2775,0.864566,0.805674,0.349733,0.302614,LEFT_TO_RIGHT,OUTSIDE_RIGHT,,
GOPR0300U20_trajectories_dynamic.json,2776,0.564151,0.655303,0.183175,0.076500,LEFT_TO_RIGHT,INSIDE_MOVING_RIGHT,0.000000,0
GOPR0300U20_trajectories_dynamic.json,2779,0.035641,0.805572,-0.639145,0.161525,RIGHT_TO_LEFT,OUTSIDE_LEFT,,19
GOPR0300U20_trajectories_dynamic.json,2813,0.543775,0.680716,-0.031047,0.049405,RIGHT_TO_LEFT,INSIDE_MOVING_LEFT,0.000000,0
GOPR0300U20_trajectories_dynamic.json,2820,0.160910,0.901621,-0.567072,0.215459,RIGHT_TO_LEFT,OUTSIDE_LEFT,,0
GOPR0300U20_trajectories_dynamic.json,2828,0.218934,0.885262,-0.347541,0.267521,RIGHT_TO_LEFT,OUTSIDE_LEFT,,0
GOPR0300U20_trajectories_dynamic.json,2833,0.102831,0.792907,-0.477942,0.296428,RIGHT_TO_LEFT,OUTSIDE_LEFT,,
GOPR0300U20_trajectories_dynamic.json,2874,0.031067,0.874336,-0.563397,0.304181,RIGHT_TO_LEFT,OUTSIDE_LEFT,,0
GOPR0300U20_trajectories_dynamic.json,2934,0.819761,0.892381,0.520274,0.444802,LEFT_TO_RIGHT,OUTSIDE_RIGHT,,0
GOPR0300U20_trajectories_dynamic.json,2978,0.901180,1.000000,0.622600,0.634293,LEFT_TO_RIGHT,OUTSIDE_RIGHT,,0
GOPR0300U20_trajectories_dynamic.json,2987,0.479606,0.619075,0.088680,0.022519,LEFT_TO_RIGHT,INSIDE_MOVING_RIGHT,0.000000,0
GOPR0300U20_trajectories_dynamic.json,2997,0.741405,0.934204,0.245477,0.582518,LEFT_TO_RIGHT,OUTSIDE_RIGHT,,0
GOPR0300U20_trajectories_dynamic.json,3008,0.039203,0.801963,-0.507700,0.205342,RIGHT_TO_LEFT,OUTSIDE_LEFT,,0
GOPR0300U20_trajectories_dynamic.json,3041,0.031068,0.890706,-0.466608,0.184588,RIGHT_TO_LEFT,OUTSIDE_LEFT,,0
GOPR0300U20_trajectories_dynamic.json,3061,0.459215,0.760328,0.040874,0.080283,LEFT_TO_RIGHT,INSIDE_MOVING_RIGHT,0.000000,0
GOPR0300U20_trajectories_dynamic.json,3116,0.794343,0.907040,0.111805,0.138244,LEFT_TO_RIGHT,OUTSIDE_RIGHT,,10
GOPR0300U20_trajectories_dynamic.json,3124,0.504071,0.606487,0.031093,-0.030432,RIGHT_TO_LEFT,INSIDE_MOVING_RIGHT,0.000000,0
GOPR0300U20_trajectories_dynamic.json,3127,0.521413,0.619013,-0.037259,0.012885,RIGHT_TO_LEFT,INSIDE_MOVING_LEFT,0.000000,0
GOPR0300U20_trajectories_dynamic.json,3171,0.105953,0.796533,-0.519559,0.395903,RIGHT_TO_LEFT,OUTSIDE_LEFT,,0
GOPR0300U20_trajectories_dynamic.json,3176,0.568223,0.619077,-0.120788,-0.024288,RIGHT_TO_LEFT,INSIDE_MOVING_LEFT,0.000000,10
GOPR0300U20_trajectories_dynamic.json,3194,0.893086,0.724127,0.766428,0.085242,LEFT_TO_RIGHT,OUTSIDE_RIGHT,,0
GOPR0300U20_trajectories_dynamic.json,3195,0.959195,0.658938,0.478822,0.029223,LEFT_TO_RIGHT,OUTSIDE_RIGHT,,
GOPR0300U20_trajectories_dynamic.json,3304,0.339102,0.731354,-0.098933,0.016001,LEFT_TO_RIGHT,OUTSIDE_LEFT,,10
GOPR0300U20_trajectories_dynamic.json,3393,0.217918,0.861736,-0.246723,0.373274,VERTICAL,OUTSIDE_LEFT,,15
GOPR0300U20_trajectories_dynamic.json,3398,0.062584,0.836408,-0.371909,0.387123,RIGHT_TO_LEFT,OUTSIDE_LEFT,,
GOPR0300U20_trajectories_dynamic.json,3454,0.612005,0.606448,0.034404,-0.022635,LEFT_TO_RIGHT,INSIDE_MOVING_RIGHT,0.000000,0
GOPR0300U20_trajectories_dynamic.json,3462,0.040754,0.653546,-0.189227,0.101635,RIGHT_TO_LEFT,OUTSIDE_LEFT,,
GOPR0300U20_trajectories_dynamic.json,3515,0.103855,0.680667,-0.544521,0.113834,LEFT_TO_RIGHT,OUTSIDE_LEFT,,9
GOPR0300U20_trajectories_dynamic.json,3568,0.674170,0.997520,0.240954,0.656375,LEFT_TO_RIGHT,OUTSIDE_RIGHT,,0
GOPR0300U20_trajectories_dynamic.json,3599,0.928742,0.693385,0.620464,0.249267,LEFT_TO_RIGHT,OUTSIDE_RIGHT,,0
GOPR0300U20_trajectories_dynamic.json,3600,0.920535,0.635397,0.205094,-0.017128,LEFT_TO_RIGHT,OUTSIDE_RIGHT,,
GOPR0300U20_trajectories_dynamic.json,3614,0.927738,0.611872,0.160714,-0.043385,LEFT_TO_RIGHT,OUTSIDE_RIGHT,,0
GOPR0300U20_trajectories_dynamic.json,3623,0.083457,0.687906,-0.518112,0.117115,RIGHT_TO_LEFT,OUTSIDE_LEFT,,
GOPR0300U20_trajectories_dynamic.json,3681,0.072308,0.669783,0.024050,0.126313,RIGHT_TO_LEFT,OUTSIDE_LEFT,11.546409,
GOPR0300U20_trajectories_dynamic.json,3752,0.202646,0.764012,0.081621,0.171746,VERTICAL,APPROACHING_FROM_LEFT,1.805344,
GOPR0300U20_trajectories_dynamic.json,3766,0.745422,0.952237,0.462556,0.485018,LEFT_TO_RIGHT,OUTSIDE_RIGHT,,0
GOPR0300U20_trajectories_dynamic.json,3770,0.078463,0.796508,-0.265729,0.097935,RIGHT_TO_LEFT,OUTSIDE_LEFT,,
GOPR0300U20_trajectories_dynamic.json,3807,0.901207,1.000000,0.739151,0.265051,LEFT_TO_RIGHT,OUTSIDE_RIGHT,,0
GOPR0300U20_trajectories_dynamic.json,3817,0.669036,0.923276,0.529310,0.297305,LEFT_TO_RIGHT,OUTSIDE_RIGHT,,14
GOPR0300U20_trajectories_dynamic.json,3910,0.188432,0.615535,0.176767,-0.130813,RIGHT_TO_LEFT,APPROACHING_FROM_LEFT,0.914015,0
GOPR0300U20_trajectories_dynamic.json,3945,0.868633,0.827356,0.311192,0.116449,RIGHT_TO_LEFT,OUTSIDE_RIGHT,,
GOPR0300U20_trajectories_dynamic.json,3975,0.868586,0.760358,0.378303,0.262625,LEFT_TO_RIGHT,OUTSIDE_RIGHT,,0
GOPR0300U20_trajectories_dynamic.json,3998,0.819777,0.867163,0.344822,0.460647,LEFT_TO_RIGHT,OUTSIDE_RIGHT,,0
GOPR0300U20_trajectories_dynamic.json,4002,0.723055,0.852701,0.274830,0.078965,LEFT_TO_RIGHT,OUTSIDE_RIGHT,,3
GOPR0300U20_trajectories_dynamic.json,4019,0.427657,0.704228,0.275690,-0.004852,RIGHT_TO_LEFT,INSIDE_MOVING_RIGHT,0.000000,0
GOPR0300U20_trajectories_dynamic.json,4038,0.065188,0.735003,-0.272171,0.232423,RIGHT_TO_LEFT,OUTSIDE_LEFT,,16
GOPR0300U20_trajectories_dynamic.json,4063,0.863547,0.867094,0.442806,0.382557,LEFT_TO_RIGHT,OUTSIDE_RIGHT,,0
GOPR0300U20_trajectories_dynamic.json,4065,0.918539,0.825559,0.350431,0.208519,LEFT_TO_RIGHT,OUTSIDE_RIGHT,,0
GOPR0300U20_trajectories_dynamic.json,4068,0.785109,0.901555,0.198308,0.274133,LEFT_TO_RIGHT,OUTSIDE_RIGHT,,0
GOPR0300U20_trajectories_dynamic.json,4079,0.883922,0.870762,0.253612,0.277703,LEFT_TO_RIGHT,OUTSIDE_RIGHT,,0
GOPR0300U20_trajectories_dynamic.json,4082,0.237280,0.592064,-0.166901,0.037472,RIGHT_TO_LEFT,OUTSIDE_LEFT,,0
GOPR0300U20_trajectories_dynamic.json,4084,0.223010,0.590046,-0.057347,0.009438,RIGHT_TO_LEFT,OUTSIDE_LEFT,,
GOPR0300U20_trajectories_dynamic.json,4105,0.038663,0.744098,-0.334974,0.079668,RIGHT_TO_LEFT,OUTSIDE_LEFT,,0
GOPR0300U20_trajectories_dynamic.json,4163,0.145629,0.901594,-0.354877,0.394855,RIGHT_TO_LEFT,OUTSIDE_LEFT,,0
GOPR0300U20_trajectories_dynamic.json,4265,0.031605,0.544967,-0.362325,-0.101072,RIGHT_TO_LEFT,OUTSIDE_LEFT,,
GOPR0300U20_trajectories_dynamic.json,4285,0.150747,0.903367,-0.304925,0.644046,RIGHT_TO_LEFT,OUTSIDE_LEFT,,0
GOPR0300U20_trajectories_dynamic.json,4316,0.131354,0.785682,-0.480595,0.304172,RIGHT_TO_LEFT,OUTSIDE_LEFT,,5
GOPR0300U20_trajectories_dynamic.json,4322,0.104875,0.566679,-0.172264,-0.004856,LEFT_TO_RIGHT,OUTSIDE_LEFT,,
GOPR0300U20_trajectories_dynamic.json,4395,0.174160,0.834560,-0.728088,0.263769,RIGHT_TO_LEFT,OUTSIDE_LEFT,,0
GOPR0300U20_trajectories_dynamic.json,4399,0.078416,0.622853,-0.740999,0.011097,RIGHT_TO_LEFT,OUTSIDE_LEFT,,2
GOPR0300U20_trajectories_dynamic.json,4468,0.870695,0.762156,0.807576,0.249237,LEFT_TO_RIGHT,OUTSIDE_RIGHT,,0
GOPR0300U20_trajectories_dynamic.json,4515,0.573336,0.597502,-0.119127,-0.072302,LEFT_TO_RIGHT,INSIDE_MOVING_LEFT,0.000000,5
GOPR0300U20_trajectories_dynamic.json,4517,0.106938,0.740408,-0.316913,0.112680,RIGHT_TO_LEFT,OUTSIDE_LEFT,,9
GOPR0300U20_trajectories_dynamic.json,4562,0.601796,0.620909,-0.115781,0.031512,LEFT_TO_RIGHT,INSIDE_MOVING_LEFT,0.000000,0
GOPR0300U20_trajectories_dynamic.json,4662,0.217894,0.675303,-0.134962,0.111033,RIGHT_TO_LEFT,OUTSIDE_LEFT,,0
GOPR0300U20_trajectories_dynamic.json,4698,0.252507,0.778394,0.069299,0.039459,RIGHT_TO_LEFT,APPROACHING_FROM_LEFT,1.406848,0
GOPR0300U20_trajectories_dynamic.json,4723,0.334004,0.832739,-0.269267,0.157824,RIGHT_TO_LEFT,OUTSIDE_LEFT,,0
GOPR0300U20_trajectories_dynamic.json,4794,0.443956,0.622822,-0.067869,-0.034803,LEFT_TO_RIGHT,INSIDE_MOVING_LEFT,0.000000,22
GOPR0300U20_trajectories_dynamic.json,4819,0.401254,0.673383,-0.034615,0.129351,LEFT_TO_RIGHT,INSIDE_MOVING_LEFT,0.000000,0
GOPR0300U20_trajectories_dynamic.json,4847,0.785126,0.867120,0.377918,0.508603,LEFT_TO_RIGHT,OUTSIDE_RIGHT,,0
GOPR0300U20_trajectories_dynamic.json,4883,0.830973,0.838287,0.526945,0.442124,LEFT_TO_RIGHT,OUTSIDE_RIGHT,,0
GOPR0300U20_trajectories_dynamic.json,4950,0.136455,0.917833,-0.491590,0.349953,RIGHT_TO_LEFT,OUTSIDE_LEFT,,0
GOPR0300U20_trajectories_dynamic.json,4973,0.272920,0.791133,-0.001254,0.086032,RIGHT_TO_LEFT,OUTSIDE_LEFT,,
GOPR0300U20_trajectories_dynamic.json,5049,0.041221,0.724160,-0.534433,0.144115,RIGHT_TO_LEFT,OUTSIDE_LEFT,,0
GOPR0300U20_trajectories_dynamic.json,5079,0.032096,0.704225,-0.099694,0.020012,RIGHT_TO_LEFT,OUTSIDE_LEFT,,0
GOPR0300U20_trajectories_dynamic.json,5086,0.747484,0.829078,0.230238,0.424783,LEFT_TO_RIGHT,OUTSIDE_RIGHT,,0
GOPR0300U20_trajectories_dynamic.json,5131,0.633424,0.865323,0.397652,0.372050,LEFT_TO_RIGHT,INSIDE_MOVING_RIGHT,0.000000,6
GOPR0300U20_trajectories_dynamic.json,5146,0.213815,0.749475,-0.899438,-0.216983,RIGHT_TO_LEFT,OUTSIDE_LEFT,,0
GOPR0300U20_trajectories_dynamic.json,5149,0.845219,0.885213,0.465503,0.282560,LEFT_TO_RIGHT,OUTSIDE_RIGHT,,7
GOPR0300U20_trajectories_dynamic.json,5181,0.115036,0.611932,-0.564439,-0.106683,LEFT_TO_RIGHT,OUTSIDE_LEFT,,23
GOPR0300U20_trajectories_dynamic.json,5212,0.072268,0.671649,-0.438044,0.008787,RIGHT_TO_LEFT,OUTSIDE_LEFT,,
GOPR0300U20_trajectories_dynamic.json,5244,0.235236,0.595638,0.167905,-0.008796,RIGHT_TO_LEFT,APPROACHING_FROM_LEFT,0.683504,2
GOPR0300U20_trajectories_dynamic.json,5254,0.747398,0.858113,0.470294,0.438351,LEFT_TO_RIGHT,OUTSIDE_RIGHT,,0
GOPR0300U20_trajectories_dynamic.json,5277,0.497975,0.706059,0.078138,0.117006,VERTICAL,INSIDE_MOVING_RIGHT,0.000000,0
GOPR0300U20_trajectories_dynamic.json,5285,0.444997,0.649849,0.121143,0.011995,RIGHT_TO_LEFT,INSIDE_MOVING_RIGHT,0.000000,0
GOPR0300U20_trajectories_dynamic.json,5332,0.732189,0.964909,0.509146,0.357572,LEFT_TO_RIGHT,OUTSIDE_RIGHT,,0
GOPR0300U20_trajectories_dynamic.json,5380,0.132439,0.733123,-0.452200,0.073292,RIGHT_TO_LEFT,OUTSIDE_LEFT,,3
GOPR0300U20_trajectories_dynamic.json,5403,0.564191,0.599203,-0.058391,-0.082578,VERTICAL,INSIDE_MOVING_LEFT,0.000000,0
GOPR0300U20_trajectories_dynamic.json,5585,0.450083,0.769366,-0.018202,0.193729,RIGHT_TO_LEFT,INSIDE_STATIONARY,0.000000,0
GOPR0300U20_trajectories_dynamic.json,5587,0.213835,0.849087,-0.497413,-0.089312,RIGHT_TO_LEFT,OUTSIDE_LEFT,,0
GOPR0300U20_trajectories_dynamic.json,5689,0.812614,0.863515,0.092475,0.342935,LEFT_TO_RIGHT,OUTSIDE_RIGHT,,
GOPR0300U20_trajectories_dynamic.json,5703,0.091657,0.838228,-0.348726,0.177335,RIGHT_TO_LEFT,OUTSIDE_LEFT,,3
GOPR0300U20_trajectories_dynamic.json,5825,0.928766,0.798378,0.298354,0.238979,LEFT_TO_RIGHT,OUTSIDE_RIGHT,,
GOPR0300U20_trajectories_dynamic.json,5845,0.646679,0.722281,0.103645,0.172497,RIGHT_TO_LEFT,INSIDE_MOVING_RIGHT,0.000000,13
GOPR0300U20_trajectories_dynamic.json,5862,0.759691,0.727831,0.099128,0.130259,RIGHT_TO_LEFT,OUTSIDE_RIGHT,,
GOPR0300U20_trajectories_dynamic.json,5865,0.831988,0.867144,0.638164,0.213974,LEFT_TO_RIGHT,OUTSIDE_RIGHT,,0
GOPR0300U20_trajectories_dynamic.json,5874,0.754592,0.849074,0.637386,0.200342,LEFT_TO_RIGHT,OUTSIDE_RIGHT,,0
GOPR0300U20_trajectories_dynamic.json,5928,0.383864,0.887089,-0.107489,-0.137577,LEFT_TO_RIGHT,INSIDE_MOVING_LEFT,0.000000,1
GOPR0300U20_trajectories_dynamic.json,5939,0.498983,0.729527,-0.199931,0.008800,RIGHT_TO_LEFT,INSIDE_MOVING_LEFT,0.000000,10
GOPR0301U20_trajectories_dynamic.json,5,0.131345,0.874386,-0.728228,0.264419,RIGHT_TO_LEFT,OUTSIDE_LEFT,,0
GOPR0301U20_trajectories_dynamic.json,10,0.316729,0.651663,-0.176842,0.053827,RIGHT_TO_LEFT,OUTSIDE_LEFT,,0
GOPR0301U20_trajectories_dynamic.json,17,0.861531,0.800179,0.399728,0.292785,LEFT_TO_RIGHT,OUTSIDE_RIGHT,,3
GOPR0301U20_trajectories_dynamic.json,20,0.079421,0.899742,-0.391117,0.285786,RIGHT_TO_LEFT,OUTSIDE_LEFT,,
GOPR0301U20_trajectories_dynamic.json,23,0.090593,0.934157,0.119136,0.224694,RIGHT_TO_LEFT,APPROACHING_FROM_LEFT,2.177393,
GOPR0301U20_trajectories_dynamic.json,30,0.280034,0.979384,-0.381640,0.420005,RIGHT_TO_LEFT,OUTSIDE_LEFT,,4
GOPR0301U20_trajectories_dynamic.json,82,0.111954,0.800213,-0.167999,0.206322,RIGHT_TO_LEFT,OUTSIDE_LEFT,,
GOPR0301U20_trajectories_dynamic.json,83,0.536711,0.867156,0.114496,0.065387,LEFT_TO_RIGHT,INSIDE_MOVING_RIGHT,0.000000,16
GOPR0301U20_trajectories_dynamic.json,125,0.120111,0.771201,-0.761842,0.019008,RIGHT_TO_LEFT,OUTSIDE_LEFT,,1
GOPR0301U20_trajectories_dynamic.json,152,0.325823,0.818306,0.104197,0.172155,LEFT_TO_RIGHT,APPROACHING_FROM_LEFT,0.232031,
GOPR0301U20_trajectories_dynamic.json,182,0.194474,0.832787,-0.501226,-0.055431,RIGHT_TO_LEFT,OUTSIDE_LEFT,,0
GOPR0301U20_trajectories_dynamic.json,194,0.904301,0.667999,0.418647,0.194747,VERTICAL,OUTSIDE_RIGHT,,
GOPR0301U20_trajectories_dynamic.json,198,0.909285,0.724040,0.750207,0.294427,LEFT_TO_RIGHT,OUTSIDE_RIGHT,,6
GOPR0301U20_trajectories_dynamic.json,371,0.377838,0.798324,0.109958,-0.133315,RIGHT_TO_LEFT,INSIDE_MOVING_RIGHT,0.000000,0
GOPR0301U20_trajectories_dynamic.json,401,0.816711,0.762203,0.417583,0.197655,LEFT_TO_RIGHT,OUTSIDE_RIGHT,,0
GOPR0301U20_trajectories_dynamic.json,443,0.767797,0.939569,0.307607,0.394321,LEFT_TO_RIGHT,OUTSIDE_RIGHT,,0
GOPR0301U20_trajectories_dynamic.json,469,0.089608,0.928708,-0.459147,0.430088,RIGHT_TO_LEFT,OUTSIDE_LEFT,,1
GOPR0301U20_trajectories_dynamic.json,527,0.138530,0.628199,-0.176546,0.126777,LEFT_TO_RIGHT,OUTSIDE_LEFT,,13
GOPR0301U20_trajectories_dynamic.json,536,0.043767,0.532244,-0.639916,-0.133592,VERTICAL,OUTSIDE_LEFT,,
GOPR0301U20_trajectories_dynamic.json,585,0.564130,0.626376,0.063593,0.018160,LEFT_TO_RIGHT,INSIDE_MOVING_RIGHT,0.000000,0
GOPR0301U20_trajectories_dynamic.json,609,0.079382,0.590149,-0.109543,0.005342,RIGHT_TO_LEFT,OUTSIDE_LEFT,,
GOPR0301U20_trajectories_dynamic.json,654,0.617109,0.660754,0.191795,0.117301,LEFT_TO_RIGHT,INSIDE_MOVING_RIGHT,0.000000,0
GOPR0301U20_trajectories_dynamic.json,673,0.300380,0.720522,-0.240110,0.321366,RIGHT_TO_LEFT,OUTSIDE_LEFT,,0
GOPR0301U20_trajectories_dynamic.json,737,0.345190,0.988489,-0.715147,0.372809,RIGHT_TO_LEFT,OUTSIDE_LEFT,,12
GOPR0301U20_trajectories_dynamic.json,801,0.818734,0.899719,0.531242,0.392473,RIGHT_TO_LEFT,OUTSIDE_RIGHT,,25
GOPR0301U20_trajectories_dynamic.json,813,0.492918,0.709720,-0.204716,0.061504,RIGHT_TO_LEFT,INSIDE_MOVING_LEFT,0.000000,12
GOPR0301U20_trajectories_dynamic.json,889,0.309588,0.586563,-0.101851,-0.083160,RIGHT_TO_LEFT,OUTSIDE_LEFT,,0
GOPR0301U20_trajectories_dynamic.json,897,0.217922,0.736791,-0.376499,0.183056,RIGHT_TO_LEFT,OUTSIDE_LEFT,,0
GOPR0301U20_trajectories_dynamic.json,962,0.596785,0.669799,0.103828,0.066383,LEFT_TO_RIGHT,INSIDE_MOVING_RIGHT,0.000000,0
GOPR0301U20_trajectories_dynamic.json,1002,0.849328,0.814649,0.298340,0.154575,LEFT_TO_RIGHT,OUTSIDE_RIGHT,,0
GOPR0301U20_trajectories_dynamic.json,1034,0.223995,0.820044,-0.224647,0.475185,RIGHT_TO_LEFT,OUTSIDE_LEFT,,0
GOPR0301U20_trajectories_dynamic.json,1076,0.664927,1.000000,0.637602,0.328070,LEFT_TO_RIGHT,OUTSIDE_RIGHT,,17
GOPR0301U20_trajectories_dynamic.json,1100,0.285131,0.601065,-0.229904,-0.069839,RIGHT_TO_LEFT,OUTSIDE_LEFT,,0
GOPR0301U20_trajectories_dynamic.json,1122,0.207747,0.706035,-0.686425,0.035862,RIGHT_TO_LEFT,OUTSIDE_LEFT,,14
GOPR0301U20_trajectories_dynamic.json,1137,0.110973,0.774827,-0.288931,0.301730,RIGHT_TO_LEFT,OUTSIDE_LEFT,,0
GOPR0301U20_trajectories_dynamic.json,1140,0.346226,0.640813,-0.036721,0.014033,RIGHT_TO_LEFT,OUTSIDE_LEFT,,0
GOPR0301U20_trajectories_dynamic.json,1167,0.127330,0.579245,0.012661,0.077269,RIGHT_TO_LEFT,OUTSIDE_LEFT,17.586648,
GOPR0301U20_trajectories_dynamic.json,1187,0.134380,0.908810,-0.710892,0.599968,RIGHT_TO_LEFT,OUTSIDE_LEFT,,0
GOPR0301U20_trajectories_dynamic.json,1211,0.146669,0.794701,-0.397828,0.424600,RIGHT_TO_LEFT,OUTSIDE_LEFT,,0
GOPR0301U20_trajectories_dynamic.json,1243,0.734284,0.870753,0.319863,0.482742,LEFT_TO_RIGHT,OUTSIDE_RIGHT,,0
GOPR0301U20_trajectories_dynamic.json,1402,0.089621,0.872613,-0.678681,0.402447,RIGHT_TO_LEFT,OUTSIDE_LEFT,,0
GOPR0301U20_trajectories_dynamic.json,1553,0.728077,0.881652,0.225629,0.436280,LEFT_TO_RIGHT,OUTSIDE_RIGHT,,0
GOPR0301U20_trajectories_dynamic.json,1625,0.937883,0.736859,0.565456,0.138646,LEFT_TO_RIGHT,OUTSIDE_RIGHT,,0
GOPR0301U20_trajectories_dynamic.json,1751,0.072291,0.624630,-0.505363,0.100448,RIGHT_TO_LEFT,OUTSIDE_LEFT,,0
GOPR0301U20_trajectories_dynamic.json,1775,0.496981,0.689701,0.081025,0.060434,RIGHT_TO_LEFT,INSIDE_MOVING_RIGHT,0.000000,0
GOPR0301U20_trajectories_dynamic.json,1776,0.054455,0.778457,-0.648203,0.210024,RIGHT_TO_LEFT,OUTSIDE_LEFT,,0
GOPR0301U20_trajectories_dynamic.json,1777,0.649675,0.843649,0.297384,0.519842,LEFT_TO_RIGHT,INSIDE_MOVING_RIGHT,0.000000,0
GOPR0301U20_trajectories_dynamic.json,1780,0.280041,0.794764,-0.185689,-0.033627,RIGHT_TO_LEFT,OUTSIDE_LEFT,,0
GOPR0301U20_trajectories_dynamic.json,1816,0.522441,0.762105,-0.046696,0.030803,LEFT_TO_RIGHT,INSIDE_MOVING_LEFT,0.000000,0
GOPR0301U20_trajectories_dynamic.json,1817,0.538686,0.666194,0.176022,0.005382,LEFT_TO_RIGHT,INSIDE_MOVING_RIGHT,0.000000,0
GOPR0301U20_trajectories_dynamic.json,1879,0.725070,1.000000,0.517980,0.743582,LEFT_TO_RIGHT,OUTSIDE_RIGHT,,0
GOPR0301U20_trajectories_dynamic.json,1887,0.029969,0.638998,-0.715983,0.087952,RIGHT_TO_LEFT,OUTSIDE_LEFT,,9
GOPR0301U20_trajectories_dynamic.json,1889,0.557075,0.952255,0.139785,0.580012,LEFT_TO_RIGHT,INSIDE_MOVING_RIGHT,0.000000,0
GOPR0301U20_trajectories_dynamic.json,1891,0.079374,0.624629,-0.553958,0.028309,RIGHT_TO_LEFT,OUTSIDE_LEFT,,
GOPR0301U20_trajectories_dynamic.json,1912,0.839121,0.975766,0.328108,0.667646,LEFT_TO_RIGHT,OUTSIDE_RIGHT,,0
GOPR0301U20_trajectories_dynamic.json,1943,0.837086,0.745900,0.336207,0.264803,LEFT_TO_RIGHT,OUTSIDE_RIGHT,,0
GOPR0301U20_trajectories_dynamic.json,1975,0.729159,0.653480,0.133372,0.012141,LEFT_TO_RIGHT,OUTSIDE_RIGHT,,0
GOPR0301U20_trajectories_dynamic.json,1992,0.859488,0.963085,0.316998,0.401771,LEFT_TO_RIGHT,OUTSIDE_RIGHT,,0
GOPR0301U20_trajectories_dynamic.json,1994,0.277037,0.555835,-0.277837,0.009289,RIGHT_TO_LEFT,OUTSIDE_LEFT,,0
GOPR0301U20_trajectories_dynamic.json,2001,0.194498,0.590124,-0.223600,0.048587,RIGHT_TO_LEFT,OUTSIDE_LEFT,,7
GOPR0301U20_trajectories_dynamic.json,2037,0.135465,0.744063,-0.609005,0.192251,RIGHT_TO_LEFT,OUTSIDE_LEFT,,0
GOPR0301U20_trajectories_dynamic.json,2274,0.796323,0.749526,0.645939,0.515395,LEFT_TO_RIGHT,OUTSIDE_RIGHT,,0
GOPR0301U20_trajectories_dynamic.json,2283,0.715880,0.970378,0.408199,0.305087,LEFT_TO_RIGHT,OUTSIDE_RIGHT,,17
GOPR0301U20_trajectories_dynamic.json,2321,0.749555,0.879865,0.437178,0.573160,LEFT_TO_RIGHT,OUTSIDE_RIGHT,,2
GOPR0301U20_trajectories_dynamic.json,2332,0.860457,0.742260,0.423769,0.328614,LEFT_TO_RIGHT,OUTSIDE_RIGHT,,0
GOPR0301U20_trajectories_dynamic.json,2338,0.021849,0.767614,-0.456852,0.400350,VERTICAL,OUTSIDE_LEFT,,
GOPR0301U20_trajectories_dynamic.json,2387,0.557023,0.617310,0.257417,-0.040200,LEFT_TO_RIGHT,INSIDE_MOVING_RIGHT,0.000000,0
GOPR0301U20_trajectories_dynamic.json,2391,0.301454,0.867183,-0.190458,0.208253,RIGHT_TO_LEFT,OUTSIDE_LEFT,,0
GOPR0301U20_trajectories_dynamic.json,2397,0.690429,0.950465,0.167099,0.426123,LEFT_TO_RIGHT,OUTSIDE_RIGHT,,0
GOPR0301U20_trajectories_dynamic.json,2399,0.135443,0.854535,-0.560111,0.402692,RIGHT_TO_LEFT,OUTSIDE_LEFT,,0
GOPR0301U20_trajectories_dynamic.json,2422,0.561106,0.582936,0.134245,-0.001874,VERTICAL,INSIDE_MOVING_RIGHT,0.000000,0
GOPR0301U20_trajectories_dynamic.json,2469,0.758675,0.829105,0.349307,0.505068,LEFT_TO_RIGHT,OUTSIDE_RIGHT,,13
GOPR0301U20_trajectories_dynamic.json,2491,0.498968,0.932342,0.067293,0.648629,RIGHT_TO_LEFT,INSIDE_MOVING_RIGHT,0.000000,2
GOPR0301U20_trajectories_dynamic.json,2510,0.668009,0.753103,0.656184,0.136317,LEFT_TO_RIGHT,OUTSIDE_RIGHT,,0
GOPR0301U20_trajectories_dynamic.json,2541,0.962348,0.773045,0.496797,0.069422,LEFT_TO_RIGHT,OUTSIDE_RIGHT,,0
GOPR0301U20_trajectories_dynamic.json,2572,0.094693,0.751330,-0.695074,0.310905,RIGHT_TO_LEFT,OUTSIDE_LEFT,,0
GOPR0301U20_trajectories_dynamic.json,2582,0.780046,0.821854,0.298362,0.389685,LEFT_TO_RIGHT,OUTSIDE_RIGHT,,0
GOPR0301U20_trajectories_dynamic.json,2622,0.803498,0.810970,0.479862,0.331851,LEFT_TO_RIGHT,OUTSIDE_RIGHT,,0
GOPR0301U20_trajectories_dynamic.json,2632,0.887000,0.709606,0.535128,0.153299,LEFT_TO_RIGHT,OUTSIDE_RIGHT,,0
GOPR0301U20_trajectories_dynamic.json,2726,0.228155,0.921499,-0.296026,0.357248,RIGHT_TO_LEFT,OUTSIDE_LEFT,,0
GOPR0301U20_trajectories_dynamic.json,2728,0.053946,0.763913,-0.420635,0.251961,RIGHT_TO_LEFT,OUTSIDE_LEFT,,0
GOPR0301U20_trajectories_dynamic.json,2792,0.022888,0.602899,-0.565381,-0.007423,RIGHT_TO_LEFT,OUTSIDE_LEFT,,
GOPR0301U20_trajectories_dynamic.json,2827,0.021848,0.648132,-0.635587,0.196554,RIGHT_TO_LEFT,OUTSIDE_LEFT,,
GOPR0301U20_trajectories_dynamic.json,3022,0.064248,0.686198,-0.265776,0.190403,RIGHT_TO_LEFT,OUTSIDE_LEFT,,
GOPR0301U20_trajectories_dynamic.json,3026,0.045815,0.651753,-0.158171,0.040418,RIGHT_TO_LEFT,OUTSIDE_LEFT,,
GOPR0301U20_trajectories_dynamic.json,3036,0.352320,0.740497,-0.152925,0.261341,RIGHT_TO_LEFT,INSIDE_MOVING_LEFT,0.000000,0
GOPR0301U20_trajectories_dynamic.json,3056,0.152731,0.753212,-0.306154,0.140740,RIGHT_TO_LEFT,OUTSIDE_LEFT,,0
GOPR0301U20_trajectories_dynamic.json,3091,0.815706,0.925068,0.625419,0.528962,LEFT_TO_RIGHT,OUTSIDE_RIGHT,,5
GOPR0301U20_trajectories_dynamic.json,3109,0.167019,0.798404,-0.714828,0.303331,RIGHT_TO_LEFT,OUTSIDE_LEFT,,6
GOPR0301U20_trajectories_dynamic.json,3111,0.186371,0.753130,-0.466636,0.219183,RIGHT_TO_LEFT,OUTSIDE_LEFT,,7
GOPR0301U20_trajectories_dynamic.json,3126,0.242373,0.928751,-0.564938,0.599612,RIGHT_TO_LEFT,OUTSIDE_LEFT,,6
GOPR0301U20_trajectories_dynamic.json,3178,0.175096,0.821912,-0.371727,0.459194,RIGHT_TO_LEFT,OUTSIDE_LEFT,,2
GOPR0301U20_trajectories_dynamic.json,3188,0.568196,0.816449,0.065338,0.413632,LEFT_TO_RIGHT,INSIDE_MOVING_RIGHT,0.000000,0
GOPR0301U20_trajectories_dynamic.json,3211,0.156792,0.747627,-0.141538,0.367001,RIGHT_TO_LEFT,OUTSIDE_LEFT,,0
GOPR0302U20_trajectories_dynamic.json,4,0.022429,0.604676,-0.776880,-0.130955,RIGHT_TO_LEFT,OUTSIDE_LEFT,,28
GOPR0302U20_trajectories_dynamic.json,7,0.808589,0.968553,0.423261,0.537165,LEFT_TO_RIGHT,OUTSIDE_RIGHT,,0
GOPR0302U20_trajectories_dynamic.json,8,0.477610,0.626397,0.157126,0.029472,RIGHT_TO_LEFT,INSIDE_MOVING_RIGHT,0.000000,0
GOPR0302U20_trajectories_dynamic.json,10,0.522427,0.628199,0.021726,-0.058139,VERTICAL,INSIDE_STATIONARY,0.000000,0
GOPR0302U20_trajectories_dynamic.json,89,0.708761,0.955889,0.616408,0.141980,LEFT_TO_RIGHT,OUTSIDE_RIGHT,,1
GOPR0302U20_trajectories_dynamic.json,95,0.028978,0.555797,-0.038764,-0.037387,VERTICAL,OUTSIDE_LEFT,,11
GOPR0302U20_trajectories_dynamic.json,96,0.129316,0.591937,-0.180369,-0.064007,LEFT_TO_RIGHT,OUTSIDE_LEFT,,
GOPR0302U20_trajectories_dynamic.json,103,0.178186,0.624550,-0.013935,0.114024,LEFT_TO_RIGHT,OUTSIDE_LEFT,,
GOPR0302U20_trajectories_dynamic.json,149,0.818773,0.903433,0.386026,0.573071,LEFT_TO_RIGHT,OUTSIDE_RIGHT,,0
GOPR0302U20_trajectories_dynamic.json,151,0.879832,0.829112,0.763880,0.042443,LEFT_TO_RIGHT,OUTSIDE_RIGHT,,17
GOPR0302U20_trajectories_dynamic.json,154,0.146594,0.740524,-0.088256,0.254576,RIGHT_TO_LEFT,OUTSIDE_LEFT,,
GOPR0302U20_trajectories_dynamic.json,162,0.043799,0.707859,-0.352727,0.169292,RIGHT_TO_LEFT,OUTSIDE_LEFT,,0
GOPR0302U20_trajectories_dynamic.json,177,0.689427,0.836352,0.410733,0.352765,LEFT_TO_RIGHT,OUTSIDE_RIGHT,,0
GOPR0302U20_trajectories_dynamic.json,180,0.029997,0.657219,-0.391650,0.044810,RIGHT_TO_LEFT,OUTSIDE_LEFT,,
GOPR0302U20_trajectories_dynamic.json,232,0.871742,0.762164,0.281413,0.193112,LEFT_TO_RIGHT,OUTSIDE_RIGHT,,0
GOPR0302U20_trajectories_dynamic.json,240,0.183268,0.563122,-0.180134,0.049425,RIGHT_TO_LEFT,OUTSIDE_LEFT,,
GOPR0302U20_trajectories_dynamic.json,286,0.273883,0.834576,-0.276267,0.434916,RIGHT_TO_LEFT,OUTSIDE_LEFT,,0
GOPR0302U20_trajectories_dynamic.json,293,0.156814,0.814662,-0.710633,0.276893,RIGHT_TO_LEFT,OUTSIDE_LEFT,,0
GOPR0302U20_trajectories_dynamic.json,311,0.704666,0.849085,0.480923,0.456949,RIGHT_TO_LEFT,OUTSIDE_RIGHT,,7
GOPR0302U20_trajectories_dynamic.json,334,0.806523,0.769353,0.516710,0.297082,LEFT_TO_RIGHT,OUTSIDE_RIGHT,,0
GOPR0302U20_trajectories_dynamic.json,405,0.844164,0.935978,0.540358,0.339670,LEFT_TO_RIGHT,OUTSIDE_RIGHT,,0
GOPR0302U20_trajectories_dynamic.json,438,0.195533,0.704187,-0.578649,0.177497,RIGHT_TO_LEFT,OUTSIDE_LEFT,,7
GOPR0302U20_trajectories_dynamic.json,485,0.588571,0.646301,-0.325533,0.121208,LEFT_TO_RIGHT,INSIDE_MOVING_LEFT,0.000000,0
GOPR0302U20_trajectories_dynamic.json,517,0.309564,0.903331,-0.238869,0.121555,RIGHT_TO_LEFT,OUTSIDE_LEFT,,0
GOPR0302U20_trajectories_dynamic.json,521,0.304475,0.778471,0.129461,0.068805,RIGHT_TO_LEFT,APPROACHING_FROM_LEFT,0.351647,0
GOPR0302U20_trajectories_dynamic.json,616,0.709746,1.000000,0.307824,0.610852,LEFT_TO_RIGHT,OUTSIDE_RIGHT,,0
GOPR0302U20_trajectories_dynamic.json,633,0.641560,0.878004,0.571094,0.475278,LEFT_TO_RIGHT,INSIDE_MOVING_RIGHT,0.000000,8
GOPR0302U20_trajectories_dynamic.json,636,0.119175,0.637276,-0.674627,-0.082800,RIGHT_TO_LEFT,OUTSIDE_LEFT,,11
GOPR0302U20_trajectories_dynamic.json,639,0.035115,0.713231,-0.441904,0.103069,RIGHT_TO_LEFT,OUTSIDE_LEFT,,
GOPR0302U20_trajectories_dynamic.json,643,0.887949,0.930511,0.244899,0.458908,LEFT_TO_RIGHT,OUTSIDE_RIGHT,,0
GOPR0302U20_trajectories_dynamic.json,732,0.153743,0.725951,-0.551254,0.267583,RIGHT_TO_LEFT,OUTSIDE_LEFT,,1
GOPR0302U20_trajectories_dynamic.json,733,0.297358,0.887097,-0.229371,0.178256,RIGHT_TO_LEFT,OUTSIDE_LEFT,,0
GOPR0302U20_trajectories_dynamic.json,744,0.064164,0.666206,0.008780,-0.004363,RIGHT_TO_LEFT,OUTSIDE_LEFT,32.555137,0
GOPR0302U20_trajectories_dynamic.json,794,0.399234,0.677022,-0.042086,0.134424,RIGHT_TO_LEFT,INSIDE_MOVING_LEFT,0.000000,0
GOPR0302U20_trajectories_dynamic.json,796,0.757621,0.838167,0.403578,0.262185,LEFT_TO_RIGHT,OUTSIDE_RIGHT,,0
GOPR0302U20_trajectories_dynamic.json,800,0.547846,0.715061,0.121440,0.083751,VERTICAL,INSIDE_MOVING_RIGHT,0.000000,0
GOPR0302U20_trajectories_dynamic.json,812,0.541729,0.715152,-0.153110,-0.171571,LEFT_TO_RIGHT,INSIDE_MOVING_LEFT,0.000000,0
GOPR0302U20_trajectories_dynamic.json,842,0.348257,1.000000,-0.009630,-0.017256,VERTICAL,OUTSIDE_LEFT,,0
GOPR0302U20_trajectories_dynamic.json,853,0.039236,0.658954,-0.696648,0.037654,RIGHT_TO_LEFT,OUTSIDE_LEFT,,1
GOPR0302U20_trajectories_dynamic.json,862,0.328911,0.727770,0.079792,-0.039843,RIGHT_TO_LEFT,APPROACHING_FROM_LEFT,0.264295,0
GOPR0302U20_trajectories_dynamic.json,881,0.059542,0.892514,-0.279704,0.471186,RIGHT_TO_LEFT,OUTSIDE_LEFT,,
GOPR0302U20_trajectories_dynamic.json,903,0.106917,0.899744,-0.570255,0.272332,RIGHT_TO_LEFT,OUTSIDE_LEFT,,0
GOPR0302U20_trajectories_dynamic.json,905,0.176196,0.649986,-0.674817,0.189246,RIGHT_TO_LEFT,OUTSIDE_LEFT,,2
GOPR0302U20_trajectories_dynamic.json,927,0.154824,0.930560,-0.229449,0.244512,RIGHT_TO_LEFT,OUTSIDE_LEFT,,0
GOPR0302U20_trajectories_dynamic.json,928,0.098798,0.751192,-0.688891,0.256116,RIGHT_TO_LEFT,OUTSIDE_LEFT,,0
GOPR0302U20_trajectories_dynamic.json,941,0.730143,0.935926,0.409483,0.513602,LEFT_TO_RIGHT,OUTSIDE_RIGHT,,0
GOPR0302U20_trajectories_dynamic.json,957,0.124202,0.865326,-0.045320,0.463573,RIGHT_TO_LEFT,OUTSIDE_LEFT,,
GOPR0302U20_trajectories_dynamic.json,969,0.828934,0.838277,0.350739,0.268332,LEFT_TO_RIGHT,OUTSIDE_RIGHT,,0
GOPR0302U20_trajectories_dynamic.json,1014,0.850352,0.782149,0.181797,0.137544,LEFT_TO_RIGHT,OUTSIDE_RIGHT,,
GOPR0302U20_trajectories_dynamic.json,1015,0.757680,0.934174,0.277324,0.511217,LEFT_TO_RIGHT,OUTSIDE_RIGHT,,15
GOPR0302U20_trajectories_dynamic.json,1058,0.046765,0.662593,-0.195091,0.145847,RIGHT_TO_LEFT,OUTSIDE_LEFT,,
GOPR0302U20_trajectories_dynamic.json,1074,0.758683,0.916098,0.511684,0.530626,LEFT_TO_RIGHT,OUTSIDE_RIGHT,,0
GOPR0302U20_trajectories_dynamic.json,1126,0.063105,0.769430,-0.876672,-0.014824,RIGHT_TO_LEFT,OUTSIDE_LEFT,,0
GOPR0302U20_trajectories_dynamic.json,1128,0.262763,0.821939,-0.590580,0.246172,RIGHT_TO_LEFT,OUTSIDE_LEFT,,0
GOPR0302U20_trajectories_dynamic.json,1165,0.030010,0.740506,-0.280599,0.215282,RIGHT_TO_LEFT,OUTSIDE_LEFT,,0
GOPR0302U20_trajectories_dynamic.json,1233,0.685328,0.952306,0.158502,0.554661,LEFT_TO_RIGHT,OUTSIDE_RIGHT,,0
GOPR0302U20_trajectories_dynamic.json,1365,0.473536,0.593754,-0.288861,-0.053779,RIGHT_TO_LEFT,INSIDE_MOVING_LEFT,0.000000,0
GOPR0302U20_trajectories_dynamic.json,1376,0.294317,0.590236,-0.227990,0.015817,RIGHT_TO_LEFT,OUTSIDE_LEFT,,0
GOPR0302U20_trajectories_dynamic.json,1385,0.738219,0.977654,0.335711,0.578352,LEFT_TO_RIGHT,OUTSIDE_RIGHT,,0
GOPR0302U20_trajectories_dynamic.json,1398,0.751563,0.876256,0.306083,0.078351,LEFT_TO_RIGHT,OUTSIDE_RIGHT,,0
GOPR0302U20_trajectories_dynamic.json,1401,0.837082,0.820073,0.299416,0.089593,LEFT_TO_RIGHT,OUTSIDE_RIGHT,,0
GOPR0302U20_trajectories_dynamic.json,1546,0.175171,0.664426,-0.487016,0.071159,RIGHT_TO_LEFT,OUTSIDE_LEFT,,0
GOPR0302U20_trajectories_dynamic.json,1561,0.205684,0.744087,-0.547310,0.087796,RIGHT_TO_LEFT,OUTSIDE_LEFT,,0
GOPR0302U20_trajectories_dynamic.json,1571,0.053986,0.640817,0.072953,-0.011530,RIGHT_TO_LEFT,APPROACHING_FROM_LEFT,4.057588,0
GOPR0302U20_trajectories_dynamic.json,1573,0.102823,0.557512,0.008123,-0.120025,RIGHT_TO_LEFT,OUTSIDE_LEFT,30.430516,0
GOPR0302U20_trajectories_dynamic.json,1609,0.095746,0.763986,-0.455312,0.290300,RIGHT_TO_LEFT,OUTSIDE_LEFT,,
GOPR0302U20_trajectories_dynamic.json,1684,0.752505,0.856281,0.211539,0.426326,LEFT_TO_RIGHT,OUTSIDE_RIGHT,,0
GOPR0302U20_trajectories_dynamic.json,1705,0.269837,0.798365,-0.366214,0.366887,RIGHT_TO_LEFT,OUTSIDE_LEFT,,0
GOPR0302U20_trajectories_dynamic.json,1774,0.600863,0.619002,-0.027699,-0.037154,RIGHT_TO_LEFT,INSIDE_STATIONARY,0.000000,8
GOPR0302U20_trajectories_dynamic.json,1790,0.113061,0.780258,-0.570506,0.368620,RIGHT_TO_LEFT,OUTSIDE_LEFT,,0
GOPR0302U20_trajectories_dynamic.json,1795,0.827871,0.836354,0.365455,0.429113,LEFT_TO_RIGHT,OUTSIDE_RIGHT,,0
GOPR0302U20_trajectories_dynamic.json,1798,0.485800,0.530392,-0.044611,-0.070331,LEFT_TO_RIGHT,INSIDE_MOVING_LEFT,0.000000,0
GOPR0302U20_trajectories_dynamic.json,1801,0.427670,0.559335,0.010442,-0.053665,RIGHT_TO_LEFT,INSIDE_STATIONARY,0.000000,0
GOPR0302U20_trajectories_dynamic.json,1841,0.069290,0.680714,-0.261268,-0.011048,RIGHT_TO_LEFT,OUTSIDE_LEFT,,0
GOPR0302U20_trajectories_dynamic.json,1843,0.811543,0.767592,0.446545,0.336119,LEFT_TO_RIGHT,OUTSIDE_RIGHT,,0
GOPR0302U20_trajectories_dynamic.json,1846,0.453146,0.535879,0.126856,-0.034066,VERTICAL,INSIDE_MOVING_RIGHT,0.000000,0
GOPR0302U20_trajectories_dynamic.json,1849,0.819778,1.000000,0.465001,0.740157,LEFT_TO_RIGHT,OUTSIDE_RIGHT,,0
GOPR0302U20_trajectories_dynamic.json,1884,0.038128,0.626451,-0.684309,0.009946,RIGHT_TO_LEFT,OUTSIDE_LEFT,,0
GOPR0302U20_trajectories_dynamic.json,1888,0.066229,0.637299,-0.499056,0.056971,RIGHT_TO_LEFT,OUTSIDE_LEFT,,0
GOPR0302U20_trajectories_dynamic.json,1893,0.062044,0.649960,-0.822015,0.009046,RIGHT_TO_LEFT,OUTSIDE_LEFT,,0
GOPR0302U20_trajectories_dynamic.json,1901,0.067212,0.546760,-0.219527,0.069155,RIGHT_TO_LEFT,OUTSIDE_LEFT,,
GOPR0302U20_trajectories_dynamic.json,1908,0.128307,0.615461,-0.281022,0.173561,RIGHT_TO_LEFT,OUTSIDE_LEFT,,
GOPR0302U20_trajectories_dynamic.json,1955,0.929730,0.830999,0.037251,0.185213,LEFT_TO_RIGHT,OUTSIDE_RIGHT,,
GOPR0302U20_trajectories_dynamic.json,1991,0.795327,1.000000,0.981917,0.507451,LEFT_TO_RIGHT,OUTSIDE_RIGHT,,0
GOPR0302U20_trajectories_dynamic.json,2043,0.654769,0.843652,0.233539,0.465792,LEFT_TO_RIGHT,OUTSIDE_RIGHT,,0
GOPR0302U20_trajectories_dynamic.json,2056,0.217889,0.986666,-0.451130,0.456507,RIGHT_TO_LEFT,OUTSIDE_LEFT,,0
GOPR0302U20_trajectories_dynamic.json,2067,0.123183,0.863527,-0.435099,0.504726,RIGHT_TO_LEFT,OUTSIDE_LEFT,,0
GOPR0302U20_trajectories_dynamic.json,2092,0.114056,0.818300,-0.194283,0.143734,RIGHT_TO_LEFT,OUTSIDE_LEFT,,0
GOPR0302U20_trajectories_dynamic.json,2095,0.035124,0.693365,-0.289049,0.020916,RIGHT_TO_LEFT,OUTSIDE_LEFT,,0
GOPR0302U20_trajectories_dynamic.json,2146,0.096676,0.707867,-0.105262,0.088559,RIGHT_TO_LEFT,OUTSIDE_LEFT,,
GOPR0302U20_trajectories_dynamic.json,2181,0.819742,0.877993,0.599138,0.500439,LEFT_TO_RIGHT,OUTSIDE_RIGHT,,0
GOPR0302U20_trajectories_dynamic.json,2186,0.912434,0.753110,0.616273,0.188628,LEFT_TO_RIGHT,OUTSIDE_RIGHT,,0
GOPR0302U20_trajectories_dynamic.json,2202,0.783098,0.966753,0.415530,0.608680,LEFT_TO_RIGHT,OUTSIDE_RIGHT,,0
GOPR0302U20_trajectories_dynamic.json,2207,0.137479,0.887041,-0.568813,0.431624,RIGHT_TO_LEFT,OUTSIDE_LEFT,,0
GOPR0302U20_trajectories_dynamic.json,2279,0.912438,0.823710,0.442535,0.251773,LEFT_TO_RIGHT,OUTSIDE_RIGHT,,0
GOPR0302U20_trajectories_dynamic.json,2280,0.764775,0.767641,0.269325,0.136757,LEFT_TO_RIGHT,OUTSIDE_RIGHT,,0
GOPR0303U20_trajectories_dynamic.json,99,0.378835,0.620938,0.021497,0.004290,LEFT_TO_RIGHT,INSIDE_STATIONARY,0.000000,13
GOPR0303U20_trajectories_dynamic.json,146,0.773967,0.782038,0.300441,0.179887,LEFT_TO_RIGHT,OUTSIDE_RIGHT,,0
GOPR0303U20_trajectories_dynamic.json,239,0.317772,0.639006,-0.121021,0.018913,RIGHT_TO_LEFT,OUTSIDE_LEFT,,0
GOPR0303U20_trajectories_dynamic.json,279,0.089641,0.731417,-0.453025,0.224414,RIGHT_TO_LEFT,OUTSIDE_LEFT,,1
GOPR0303U20_trajectories_dynamic.json,394,0.755608,0.769407,0.379139,0.232754,LEFT_TO_RIGHT,OUTSIDE_RIGHT,,0
GOPR0303U20_trajectories_dynamic.json,433,0.756556,0.845436,0.514054,0.474881,LEFT_TO_RIGHT,OUTSIDE_RIGHT,,0
GOPR0303U20_trajectories_dynamic.json,453,0.046269,0.731368,-0.671390,0.158433,RIGHT_TO_LEFT,OUTSIDE_LEFT,,0
GOPR0303U20_trajectories_dynamic.json,465,0.274960,0.559390,-0.013887,0.006506,RIGHT_TO_LEFT,OUTSIDE_LEFT,,0
GOPR0303U20_trajectories_dynamic.json,473,0.831012,0.874439,0.300121,0.363424,LEFT_TO_RIGHT,OUTSIDE_RIGHT,,0
GOPR0303U20_trajectories_dynamic.json,532,0.066171,0.640858,-0.753795,0.039980,RIGHT_TO_LEFT,OUTSIDE_LEFT,,0
GOPR0303U20_trajectories_dynamic.json,539,0.276999,0.852602,-0.517452,0.313079,RIGHT_TO_LEFT,OUTSIDE_LEFT,,16
GOPR0303U20_trajectories_dynamic.json,587,0.705697,0.829147,0.736466,0.430687,RIGHT_TO_LEFT,OUTSIDE_RIGHT,,8
GOPR0303U20_trajectories_dynamic.json,619,0.676173,1.000000,0.211024,0.625351,RIGHT_TO_LEFT,OUTSIDE_RIGHT,,6
GOPR0303U20_trajectories_dynamic.json,636,0.679195,0.838145,0.273554,0.218738,LEFT_TO_RIGHT,OUTSIDE_RIGHT,,0
GOPR0303U20_trajectories_dynamic.json,640,0.809534,0.827343,0.988997,0.352586,LEFT_TO_RIGHT,OUTSIDE_RIGHT,,0
GOPR0303U20_trajectories_dynamic.json,645,0.047856,0.631841,-0.296939,-0.148663,VERTICAL,OUTSIDE_LEFT,,5
GOPR0303U20_trajectories_dynamic.json,648,0.249517,0.809235,-0.132572,0.262610,LEFT_TO_RIGHT,OUTSIDE_LEFT,,15
GOPR0303U20_trajectories_dynamic.json,677,0.407303,0.622731,0.095037,-0.126870,RIGHT_TO_LEFT,INSIDE_MOVING_RIGHT,0.000000,0
GOPR0303U20_trajectories_dynamic.json,691,0.195515,0.621047,0.048918,0.018683,RIGHT_TO_LEFT,APPROACHING_FROM_LEFT,3.158019,0
GOPR0303U20_trajectories_dynamic.json,706,0.022884,0.687919,-0.523387,0.125070,RIGHT_TO_LEFT,OUTSIDE_LEFT,,0
GOPR0303U20_trajectories_dynamic.json,744,0.029979,0.550267,-0.598150,-0.197349,RIGHT_TO_LEFT,OUTSIDE_LEFT,,
GOPR0303U20_trajectories_dynamic.json,775,0.309566,0.869024,-0.560860,0.366739,RIGHT_TO_LEFT,OUTSIDE_LEFT,,9
GOPR0303U20_trajectories_dynamic.json,826,0.299410,0.811042,-0.486756,0.353790,RIGHT_TO_LEFT,OUTSIDE_LEFT,,0
GOPR0303U20_trajectories_dynamic.json,831,0.903320,0.789348,0.561994,0.228548,LEFT_TO_RIGHT,OUTSIDE_RIGHT,,0
GOPR0303U20_trajectories_dynamic.json,850,0.339079,0.626373,0.081794,0.012055,LEFT_TO_RIGHT,APPROACHING_FROM_LEFT,0.133520,17
GOPR0303U20_trajectories_dynamic.json,889,0.702638,0.825533,0.377658,0.309810,LEFT_TO_RIGHT,OUTSIDE_RIGHT,,0
GOPR0303U20_trajectories_dynamic.json,948,0.755613,0.731456,0.211042,0.136259,LEFT_TO_RIGHT,OUTSIDE_RIGHT,,0
GOPR0303U20_trajectories_dynamic.json,957,0.495864,0.680752,0.060293,-0.039476,VERTICAL,INSIDE_MOVING_RIGHT,0.000000,0
GOPR0303U20_trajectories_dynamic.json,1005,0.842125,0.827340,0.448225,0.516043,LEFT_TO_RIGHT,OUTSIDE_RIGHT,,0
GOPR0303U20_trajectories_dynamic.json,1009,0.307513,0.854540,-0.376838,-0.013978,RIGHT_TO_LEFT,OUTSIDE_LEFT,,0
GOPR0303U20_trajectories_dynamic.json,1105,0.708760,0.977567,0.593355,0.639191,LEFT_TO_RIGHT,OUTSIDE_RIGHT,,0
GOPR0303U20_trajectories_dynamic.json,1145,0.229137,0.782041,-0.177742,0.159050,RIGHT_TO_LEFT,OUTSIDE_LEFT,,0
GOPR0303U20_trajectories_dynamic.json,1160,0.440937,0.706013,0.051105,0.008622,RIGHT_TO_LEFT,INSIDE_MOVING_RIGHT,0.000000,0
GOPR0303U20_trajectories_dynamic.json,1168,0.023402,0.659009,-0.053277,-0.054893,RIGHT_TO_LEFT,OUTSIDE_LEFT,,0
GOPR0303U20_trajectories_dynamic.json,1174,0.117136,0.767596,-0.318010,0.254305,RIGHT_TO_LEFT,OUTSIDE_LEFT,,
GOPR0303U20_trajectories_dynamic.json,1175,0.073360,0.620847,-0.208803,0.009043,VERTICAL,OUTSIDE_LEFT,,
GOPR0303U20_trajectories_dynamic.json,1202,0.137475,0.890676,-0.260819,0.233216,RIGHT_TO_LEFT,OUTSIDE_LEFT,,0
GOPR0303U20_trajectories_dynamic.json,1218,0.139525,0.917856,-0.340201,0.381854,RIGHT_TO_LEFT,OUTSIDE_LEFT,,0
GOPR0303U20_trajectories_dynamic.json,1219,0.891023,0.729642,0.542911,0.311113,LEFT_TO_RIGHT,OUTSIDE_RIGHT,,0
GOPR0303U20_trajectories_dynamic.json,1223,0.130308,0.820034,-0.078882,0.026581,RIGHT_TO_LEFT,OUTSIDE_LEFT,,0
GOPR0303U20_trajectories_dynamic.json,1257,0.742377,0.897967,0.333185,0.517275,LEFT_TO_RIGHT,OUTSIDE_RIGHT,,0
GOPR0303U20_trajectories_dynamic.json,1260,0.127292,0.702404,-0.348714,0.235028,RIGHT_TO_LEFT,OUTSIDE_LEFT,,0
GOPR0303U20_trajectories_dynamic.json,1287,0.464329,0.617236,0.051392,0.052190,LEFT_TO_RIGHT,INSIDE_MOVING_RIGHT,0.000000,0
GOPR0303U20_trajectories_dynamic.json,1289,0.488840,0.622735,0.057393,-0.023619,LEFT_TO_RIGHT,INSIDE_MOVING_RIGHT,0.000000,0
GOPR0303U20_trajectories_dynamic.json,1291,0.056078,0.617337,-0.407643,0.019695,RIGHT_TO_LEFT,OUTSIDE_LEFT,,
GOPR0303U20_trajectories_dynamic.json,1303,0.882891,0.778411,0.321243,0.157211,LEFT_TO_RIGHT,OUTSIDE_RIGHT,,0
GOPR0303U20_trajectories_dynamic.json,1304,0.026467,0.689815,-0.573723,0.115836,RIGHT_TO_LEFT,OUTSIDE_LEFT,,0
GOPR0303U20_trajectories_dynamic.json,1308,0.077421,0.986669,-0.536675,0.209226,RIGHT_TO_LEFT,OUTSIDE_LEFT,,0
GOPR0303U20_trajectories_dynamic.json,1321,0.080453,0.658944,-0.265877,0.109398,RIGHT_TO_LEFT,OUTSIDE_LEFT,,
GOPR0303U20_trajectories_dynamic.json,1330,0.526412,0.872578,0.034311,0.048570,LEFT_TO_RIGHT,INSIDE_MOVING_RIGHT,0.000000,0
GOPR0303U20_trajectories_dynamic.json,1362,0.039794,0.677110,-0.501308,0.135274,RIGHT_TO_LEFT,OUTSIDE_LEFT,,5
GOPR0303U20_trajectories_dynamic.json,1374,0.748502,0.689824,0.365261,0.148811,LEFT_TO_RIGHT,OUTSIDE_RIGHT,,0
GOPR0303U20_trajectories_dynamic.json,1474,0.643618,0.727724,0.350496,0.114423,LEFT_TO_RIGHT,INSIDE_MOVING_RIGHT,0.000000,0
GOPR0303U20_trajectories_dynamic.json,1478,0.646632,0.981265,0.517520,0.431124,LEFT_TO_RIGHT,INSIDE_MOVING_RIGHT,0.000000,4
GOPR0303U20_trajectories_dynamic.json,1541,0.773895,0.941374,0.368607,0.643971,LEFT_TO_RIGHT,OUTSIDE_RIGHT,,0
GOPR0303U20_trajectories_dynamic.json,1543,0.201602,0.847237,-0.155923,0.539057,RIGHT_TO_LEFT,OUTSIDE_LEFT,,
GOPR0303U20_trajectories_dynamic.json,1548,0.790216,0.780212,0.193216,0.339331,LEFT_TO_RIGHT,OUTSIDE_RIGHT,,
GOPR0303U20_trajectories_dynamic.json,1573,0.758624,0.972146,0.337492,0.532360,LEFT_TO_RIGHT,OUTSIDE_RIGHT,,0
GOPR0306U20_trajectories_dynamic.json,86,0.056990,0.716890,-0.466448,0.205320,RIGHT_TO_LEFT,OUTSIDE_LEFT,,
GOPR0306U20_trajectories_dynamic.json,124,0.776966,0.836354,0.345050,0.359198,LEFT_TO_RIGHT,OUTSIDE_RIGHT,,0
GOPR0306U20_trajectories_dynamic.json,168,0.125227,0.820133,-0.346110,0.210949,RIGHT_TO_LEFT,OUTSIDE_LEFT,,0
GOPR0306U20_trajectories_dynamic.json,169,0.038670,0.671601,-0.409799,-0.033782,RIGHT_TO_LEFT,OUTSIDE_LEFT,,0
GOPR0306U20_trajectories_dynamic.json,190,0.855410,0.691551,0.089978,-0.062695,LEFT_TO_RIGHT,OUTSIDE_RIGHT,,
GOPR0306U20_trajectories_dynamic.json,219,0.789200,0.925041,0.610545,0.493917,LEFT_TO_RIGHT,OUTSIDE_RIGHT,,0
GOPR0306U20_trajectories_dynamic.json,229,0.962301,0.724160,0.266239,0.031036,LEFT_TO_RIGHT,OUTSIDE_RIGHT,,
GOPR0306U20_trajectories_dynamic.json,244,0.237301,0.541367,-0.239776,-0.027633,RIGHT_TO_LEFT,OUTSIDE_LEFT,,0
GOPR0306U20_trajectories_dynamic.json,270,0.268851,0.883449,-0.543529,0.102200,RIGHT_TO_LEFT,OUTSIDE_LEFT,,0
GOPR0306U20_trajectories_dynamic.json,276,0.845219,0.921474,0.401306,0.528357,LEFT_TO_RIGHT,OUTSIDE_RIGHT,,0
GOPR0306U20_trajectories_dynamic.json,315,0.269817,0.821886,-0.223930,0.352335,RIGHT_TO_LEFT,OUTSIDE_LEFT,,0
GOPR0306U20_trajectories_dynamic.json,330,0.745477,0.919593,0.329496,0.501748,LEFT_TO_RIGHT,OUTSIDE_RIGHT,,0
GOPR0306U20_trajectories_dynamic.json,344,0.763764,0.834571,0.409721,0.417409,LEFT_TO_RIGHT,OUTSIDE_RIGHT,,0
GOPR0306U20_trajectories_dynamic.json,350,0.806483,0.811094,0.395240,0.322819,LEFT_TO_RIGHT,OUTSIDE_RIGHT,,0
GOPR0306U20_trajectories_dynamic.json,365,0.102802,0.695203,-0.554099,0.202966,RIGHT_TO_LEFT,OUTSIDE_LEFT,,0
GOPR0306U20_trajectories_dynamic.json,367,0.257620,0.697028,-0.213563,0.129937,RIGHT_TO_LEFT,OUTSIDE_LEFT,,0
GOPR0306U20_trajectories_dynamic.json,375,0.806517,0.854536,0.494734,0.590879,LEFT_TO_RIGHT,OUTSIDE_RIGHT,,0
GOPR0306U20_trajectories_dynamic.json,385,0.032058,0.789293,-0.542915,0.301385,RIGHT_TO_LEFT,OUTSIDE_LEFT,,0
GOPR0306U20_trajectories_dynamic.json,408,0.190463,0.852702,-0.453484,0.394020,RIGHT_TO_LEFT,OUTSIDE_LEFT,,0
GOPR0306U20_trajectories_dynamic.json,410,0.821766,0.838153,0.427530,0.412737,LEFT_TO_RIGHT,OUTSIDE_RIGHT,,0
GOPR0306U20_trajectories_dynamic.json,411,0.684404,0.896038,0.253663,0.448715,LEFT_TO_RIGHT,OUTSIDE_RIGHT,,0
GOPR0306U20_trajectories_dynamic.json,419,0.032071,0.588314,-0.299403,-0.024540,RIGHT_TO_LEFT,OUTSIDE_LEFT,,0
GOPR0306U20_trajectories_dynamic.json,421,0.084502,0.644454,-0.486000,0.163291,RIGHT_TO_LEFT,OUTSIDE_LEFT,,
GOPR0306U20_trajectories_dynamic.json,461,0.838070,0.968488,0.515582,0.712618,LEFT_TO_RIGHT,OUTSIDE_RIGHT,,0
GOPR0306U20_trajectories_dynamic.json,522,0.111974,0.765762,-0.374728,0.129402,RIGHT_TO_LEFT,OUTSIDE_LEFT,,0
GOPR0306U20_trajectories_dynamic.json,600,0.088575,0.675214,-0.691373,0.000151,RIGHT_TO_LEFT,OUTSIDE_LEFT,,0
GOPR0306U20_trajectories_dynamic.json,601,0.746427,0.680692,0.426218,0.079169,LEFT_TO_RIGHT,OUTSIDE_RIGHT,,2
GOPR0306U20_trajectories_dynamic.json,629,0.429757,0.707860,-0.034610,0.105987,RIGHT_TO_LEFT,INSIDE_MOVING_LEFT,0.000000,0
GOPR0306U20_trajectories_dynamic.json,633,0.738321,0.934158,0.326767,0.213180,LEFT_TO_RIGHT,OUTSIDE_RIGHT,,0
GOPR0306U20_trajectories_dynamic.json,642,0.785146,0.883444,0.174046,0.041498,LEFT_TO_RIGHT,OUTSIDE_RIGHT,,0
GOPR0306U20_trajectories_dynamic.json,674,0.668028,0.954095,0.123993,0.558830,LEFT_TO_RIGHT,OUTSIDE_RIGHT,,0
GOPR0306U20_trajectories_dynamic.json,689,0.847242,0.796549,0.747312,0.325787,LEFT_TO_RIGHT,OUTSIDE_RIGHT,,0
GOPR0306U20_trajectories_dynamic.json,703,0.092670,0.899767,-0.489986,0.467638,RIGHT_TO_LEFT,OUTSIDE_LEFT,,0
GOPR0306U20_trajectories_dynamic.json,711,0.643617,0.896098,0.180497,0.514484,LEFT_TO_RIGHT,INSIDE_MOVING_RIGHT,0.000000,0
GOPR0306U20_trajectories_dynamic.json,719,0.880883,0.548469,-0.010363,-0.158860,LEFT_TO_RIGHT,OUTSIDE_RIGHT,22.280202,
GOPR0306U20_trajectories_dynamic.json,776,0.032043,0.740543,-0.487894,0.233662,RIGHT_TO_LEFT,OUTSIDE_LEFT,,0
GOPR0306U20_trajectories_dynamic.json,796,0.821780,0.921484,0.334523,0.171144,LEFT_TO_RIGHT,OUTSIDE_RIGHT,,0
GOPR0306U20_trajectories_dynamic.json,798,0.737295,0.981187,0.419081,0.210640,LEFT_TO_RIGHT,OUTSIDE_RIGHT,,0
GOPR0306U20_trajectories_dynamic.json,812,0.104863,0.706083,-0.622071,0.171696,RIGHT_TO_LEFT,OUTSIDE_LEFT,,0
GOPR0306U20_trajectories_dynamic.json,837,0.159863,0.798404,-0.345859,0.281542,RIGHT_TO_LEFT,OUTSIDE_LEFT,,1
GOPR0306U20_trajectories_dynamic.json,840,0.299368,0.908811,-0.259219,0.402828,RIGHT_TO_LEFT,OUTSIDE_LEFT,,0
GOPR0306U20_trajectories_dynamic.json,853,0.230113,0.805610,-0.553055,0.434812,RIGHT_TO_LEFT,OUTSIDE_LEFT,,0
GOPR0306U20_trajectories_dynamic.json,923,0.860516,0.959483,0.238168,0.286536,LEFT_TO_RIGHT,OUTSIDE_RIGHT,,0
GOPR0306U20_trajectories_dynamic.json,926,0.870691,0.995706,0.343854,0.481629,LEFT_TO_RIGHT,OUTSIDE_RIGHT,,5
GOPR0306U20_trajectories_dynamic.json,962,0.873738,0.896111,0.581061,0.381645,LEFT_TO_RIGHT,OUTSIDE_RIGHT,,0
GOPR0306U20_trajectories_dynamic.json,980,0.204673,0.745872,-0.408281,0.205050,RIGHT_TO_LEFT,OUTSIDE_LEFT,,0
GOPR0306U20_trajectories_dynamic.json,988,0.072324,0.725953,-0.569903,0.142306,RIGHT_TO_LEFT,OUTSIDE_LEFT,,0
GOPR0306U20_trajectories_dynamic.json,989,0.926660,0.789308,0.255125,0.057257,LEFT_TO_RIGHT,OUTSIDE_RIGHT,,0
GOPR0306U20_trajectories_dynamic.json,1020,0.900215,0.858108,0.342763,0.142756,LEFT_TO_RIGHT,OUTSIDE_RIGHT,,0
GOPR0306U20_trajectories_dynamic.json,1063,0.683328,0.812801,-0.185598,-0.173038,LEFT_TO_RIGHT,APPROACHING_FROM_RIGHT,0.179570,2
GOPR0307U20_trajectories_dynamic.json,10,0.275967,0.912438,-0.315749,0.437761,RIGHT_TO_LEFT,OUTSIDE_LEFT,,0
GOPR0307U20_trajectories_dynamic.json,36,0.804520,0.892491,0.520132,0.458173,LEFT_TO_RIGHT,OUTSIDE_RIGHT,,0
GOPR0307U20_trajectories_dynamic.json,37,0.899188,0.894296,0.433096,0.382013,LEFT_TO_RIGHT,OUTSIDE_RIGHT,,4
GOPR0307U20_trajectories_dynamic.json,68,0.761735,0.644449,-0.050475,-0.075837,VERTICAL,APPROACHING_FROM_RIGHT,2.213684,
GOPR0307U20_trajectories_dynamic.json,88,0.791266,0.905192,0.538832,0.550470,LEFT_TO_RIGHT,OUTSIDE_RIGHT,,0
GOPR0307U20_trajectories_dynamic.json,93,0.088617,0.749432,-0.445972,0.202249,RIGHT_TO_LEFT,OUTSIDE_LEFT,,0
GOPR0307U20_trajectories_dynamic.json,99,0.037116,0.756688,-0.379049,0.271288,RIGHT_TO_LEFT,OUTSIDE_LEFT,,0
GOPR0307U20_trajectories_dynamic.json,139,0.782070,0.930525,0.301184,0.339665,VERTICAL,OUTSIDE_RIGHT,,10
GOPR0307U20_trajectories_dynamic.json,143,0.297395,0.648080,-0.088994,0.167381,RIGHT_TO_LEFT,OUTSIDE_LEFT,,0
GOPR0307U20_trajectories_dynamic.json,170,0.038159,0.570278,-0.615277,0.168795,RIGHT_TO_LEFT,OUTSIDE_LEFT,,
GOPR0307U20_trajectories_dynamic.json,173,0.504051,0.675338,0.205960,0.066118,LEFT_TO_RIGHT,INSIDE_MOVING_RIGHT,0.000000,0
GOPR0307U20_trajectories_dynamic.json,256,0.685376,0.673421,-0.070183,-0.035285,LEFT_TO_RIGHT,APPROACHING_FROM_RIGHT,0.504053,0
GOPR0307U20_trajectories_dynamic.json,260,0.809544,0.778440,0.735973,0.187356,LEFT_TO_RIGHT,OUTSIDE_RIGHT,,0
GOPR0307U20_trajectories_dynamic.json,311,0.099791,0.648006,-0.115043,0.074744,LEFT_TO_RIGHT,OUTSIDE_LEFT,,
GOPR0307U20_trajectories_dynamic.json,331,0.030518,0.682476,-0.829413,0.188738,RIGHT_TO_LEFT,OUTSIDE_LEFT,,0
GOPR0307U20_trajectories_dynamic.json,351,0.762718,0.953996,0.603192,0.714320,LEFT_TO_RIGHT,OUTSIDE_RIGHT,,0
GOPR0307U20_trajectories_dynamic.json,362,0.894141,0.892416,0.129437,0.376747,LEFT_TO_RIGHT,OUTSIDE_RIGHT,,
GOPR0307U20_trajectories_dynamic.json,369,0.847250,0.941346,0.132451,0.228240,LEFT_TO_RIGHT,OUTSIDE_RIGHT,,
GOPR0307U20_trajectories_dynamic.json,371,0.093688,0.760292,-0.380262,0.295292,RIGHT_TO_LEFT,OUTSIDE_LEFT,,0
GOPR0307U20_trajectories_dynamic.json,401,0.918473,0.713194,0.296779,0.238593,LEFT_TO_RIGHT,OUTSIDE_RIGHT,,0
GOPR0307U20_trajectories_dynamic.json,403,0.936824,0.729571,0.353364,0.113561,LEFT_TO_RIGHT,OUTSIDE_RIGHT,,
GOPR0307U20_trajectories_dynamic.json,404,0.297340,0.767591,-0.323868,0.337454,RIGHT_TO_LEFT,OUTSIDE_LEFT,,0
GOPR0307U20_trajectories_dynamic.json,405,0.915496,0.780240,0.548516,0.290529,LEFT_TO_RIGHT,OUTSIDE_RIGHT,,0
GOPR0307U20_trajectories_dynamic.json,411,0.898199,0.780388,0.385684,0.233564,LEFT_TO_RIGHT,OUTSIDE_RIGHT,,0
GOPR0307U20_trajectories_dynamic.json,412,0.113011,0.874385,-0.534061,0.466746,RIGHT_TO_LEFT,OUTSIDE_LEFT,,0
GOPR0307U20_trajectories_dynamic.json,467,0.083512,0.707812,-0.581245,0.169817,RIGHT_TO_LEFT,OUTSIDE_LEFT,,0
GOPR0307U20_trajectories_dynamic.json,532,0.105916,0.872555,-0.699032,0.256199,RIGHT_TO_LEFT,OUTSIDE_LEFT,,0
GOPR0307U20_trajectories_dynamic.json,533,0.163959,0.649891,-0.364290,0.041600,VERTICAL,OUTSIDE_LEFT,,
GOPR0307U20_trajectories_dynamic.json,560,0.222036,0.740415,-0.434830,0.049015,RIGHT_TO_LEFT,OUTSIDE_LEFT,,0
GOPR0307U20_trajectories_dynamic.json,603,0.938855,0.785724,0.170229,0.075621,LEFT_TO_RIGHT,OUTSIDE_RIGHT,,
GOPR0307U20_trajectories_dynamic.json,611,0.038169,0.773031,-0.328197,0.141261,RIGHT_TO_LEFT,OUTSIDE_LEFT,,5
GOPR0307U20_trajectories_dynamic.json,613,0.016783,0.740469,-0.191054,0.073426,RIGHT_TO_LEFT,OUTSIDE_LEFT,,
GOPR0307U20_trajectories_dynamic.json,637,0.196567,0.836400,-0.399768,0.421692,RIGHT_TO_LEFT,OUTSIDE_LEFT,,0
GOPR0307U20_trajectories_dynamic.json,642,0.738269,0.801963,0.340353,0.422426,LEFT_TO_RIGHT,OUTSIDE_RIGHT,,0
GOPR0307U20_trajectories_dynamic.json,686,0.040211,0.744119,-0.655728,0.184182,RIGHT_TO_LEFT,OUTSIDE_LEFT,,0
GOPR0307U20_trajectories_dynamic.json,689,0.131348,0.769399,-0.437110,0.183937,RIGHT_TO_LEFT,OUTSIDE_LEFT,,0
GOPR0307U20_trajectories_dynamic.json,695,0.777001,0.905110,0.481774,0.644660,LEFT_TO_RIGHT,OUTSIDE_RIGHT,,0
GOPR0307U20_trajectories_dynamic.json,697,0.134408,0.754885,-0.564404,0.345558,RIGHT_TO_LEFT,OUTSIDE_LEFT,,0
GOPR0307U20_trajectories_dynamic.json,716,0.791214,0.820107,0.323713,0.309521,LEFT_TO_RIGHT,OUTSIDE_RIGHT,,0
GOPR0307U20_trajectories_dynamic.json,717,0.824830,0.767647,0.792136,0.140575,LEFT_TO_RIGHT,OUTSIDE_RIGHT,,0
GOPR0307U20_trajectories_dynamic.json,723,0.038123,0.693404,-0.331054,0.186633,RIGHT_TO_LEFT,OUTSIDE_LEFT,,
GOPR0307U20_trajectories_dynamic.json,734,0.250522,0.789296,-0.433013,0.334031,RIGHT_TO_LEFT,OUTSIDE_LEFT,,0
GOPR0307U20_trajectories_dynamic.json,743,0.866590,0.809138,0.284696,0.245149,LEFT_TO_RIGHT,OUTSIDE_RIGHT,,0
GOPR0307U20_trajectories_dynamic.json,764,0.058015,0.532349,-0.241769,0.063866,RIGHT_TO_LEFT,OUTSIDE_LEFT,,
GOPR0307U20_trajectories_dynamic.json,766,0.276975,0.776642,-0.251151,0.359434,RIGHT_TO_LEFT,OUTSIDE_LEFT,,3
GOPR0307U20_trajectories_dynamic.json,769,0.082461,0.724167,-0.554919,0.266345,RIGHT_TO_LEFT,OUTSIDE_LEFT,,1
GOPR0307U20_trajectories_dynamic.json,774,0.023916,0.590216,-0.451883,-0.088328,RIGHT_TO_LEFT,OUTSIDE_LEFT,,0
GOPR0307U20_trajectories_dynamic.json,795,0.638512,0.794735,0.231270,0.354751,LEFT_TO_RIGHT,INSIDE_MOVING_RIGHT,0.000000,0
GOPR0307U20_trajectories_dynamic.json,855,0.194548,0.858152,-0.435854,0.454166,RIGHT_TO_LEFT,OUTSIDE_LEFT,,0
GOPR0307U20_trajectories_dynamic.json,876,0.014737,0.508672,-0.182501,0.007741,RIGHT_TO_LEFT,OUTSIDE_LEFT,,
GOPR0307U20_trajectories_dynamic.json,889,0.097763,0.617344,-0.418178,0.109357,RIGHT_TO_LEFT,OUTSIDE_LEFT,,0
GOPR0307U20_trajectories_dynamic.json,915,0.091626,0.548526,-0.659793,0.054022,RIGHT_TO_LEFT,OUTSIDE_LEFT,,6
GOPR0307U20_trajectories_dynamic.json,925,0.918547,0.765851,0.536943,0.339012,LEFT_TO_RIGHT,OUTSIDE_RIGHT,,10
GOPR0307U20_trajectories_dynamic.json,951,0.056984,0.588444,-0.442554,0.114581,RIGHT_TO_LEFT,OUTSIDE_LEFT,,0
GOPR0307U20_trajectories_dynamic.json,976,0.779036,0.836451,0.365933,0.350954,LEFT_TO_RIGHT,OUTSIDE_RIGHT,,0
GOPR0307U20_trajectories_dynamic.json,1005,0.602832,0.615415,0.032161,-0.065948,LEFT_TO_RIGHT,INSIDE_MOVING_RIGHT,0.000000,0
GOPR0307U20_trajectories_dynamic.json,1006,0.539744,0.628245,0.055629,-0.029782,LEFT_TO_RIGHT,INSIDE_MOVING_RIGHT,0.000000,0
GOPR0307U20_trajectories_dynamic.json,1014,0.037625,0.608274,-0.258676,0.011639,RIGHT_TO_LEFT,OUTSIDE_LEFT,,7
GOPR0307U20_trajectories_dynamic.json,1041,0.925652,0.771212,0.443338,0.195753,LEFT_TO_RIGHT,OUTSIDE_RIGHT,,25
GOPR0307U20_trajectories_dynamic.json,1099,0.825898,0.952310,0.704426,0.499254,LEFT_TO_RIGHT,OUTSIDE_RIGHT,,0
GOPR0307U20_trajectories_dynamic.json,1109,0.521475,0.765805,-0.006167,-0.115456,LEFT_TO_RIGHT,INSIDE_STATIONARY,0.000000,0
GOPR0307U20_trajectories_dynamic.json,1112,0.595764,0.745938,-0.048760,-0.100977,LEFT_TO_RIGHT,INSIDE_MOVING_LEFT,0.000000,0
GOPR0307U20_trajectories_dynamic.json,1168,0.882855,0.796528,0.287926,0.064239,LEFT_TO_RIGHT,OUTSIDE_RIGHT,,
GOPR0307U20_trajectories_dynamic.json,1194,0.896121,0.836400,0.054095,0.097762,RIGHT_TO_LEFT,OUTSIDE_RIGHT,,
GOPR0307U20_trajectories_dynamic.json,1264,0.554999,0.637205,-0.082514,0.061152,LEFT_TO_RIGHT,INSIDE_MOVING_LEFT,0.000000,0
GOPR0307U20_trajectories_dynamic.json,1304,0.889012,0.767614,0.490010,0.193141,LEFT_TO_RIGHT,OUTSIDE_RIGHT,,5
GOPR0307U20_trajectories_dynamic.json,1370,0.297363,0.780256,-0.221244,0.039565,RIGHT_TO_LEFT,OUTSIDE_LEFT,,0
GOPR0307U20_trajectories_dynamic.json,1395,0.023942,0.664424,-0.260434,0.076058,RIGHT_TO_LEFT,OUTSIDE_LEFT,,22
GOPR0307U20_trajectories_dynamic.json,1396,0.061088,0.573954,-0.184802,-0.022076,RIGHT_TO_LEFT,OUTSIDE_LEFT,,
GOPR0307U20_trajectories_dynamic.json,1424,0.924621,0.698803,-0.004986,0.040979,LEFT_TO_RIGHT,OUTSIDE_RIGHT,55.080698,
GOPR0307U20_trajectories_dynamic.json,1485,0.092676,0.899811,-0.466598,0.379192,RIGHT_TO_LEFT,OUTSIDE_LEFT,,0
GOPR0307U20_trajectories_dynamic.json,1498,0.484750,0.593798,0.169346,0.077291,LEFT_TO_RIGHT,INSIDE_MOVING_RIGHT,0.000000,0
GOPR0307U20_trajectories_dynamic.json,1522,0.124293,0.716845,-0.690386,-0.045059,RIGHT_TO_LEFT,OUTSIDE_LEFT,,0
GOPR0307U20_trajectories_dynamic.json,1529,0.816651,0.785727,0.302426,0.277920,LEFT_TO_RIGHT,OUTSIDE_RIGHT,,3
GOPR0307U20_trajectories_dynamic.json,1530,0.818771,0.888897,0.355253,0.429767,LEFT_TO_RIGHT,OUTSIDE_RIGHT,,0
GOPR0307U20_trajectories_dynamic.json,1571,0.056020,0.622869,-0.643245,0.075299,RIGHT_TO_LEFT,OUTSIDE_LEFT,,0
GOPR0307U20_trajectories_dynamic.json,1635,0.829902,0.783879,0.520441,0.263253,LEFT_TO_RIGHT,OUTSIDE_RIGHT,,0
GOPR0307U20_trajectories_dynamic.json,1703,0.815680,0.903379,0.372071,0.604342,LEFT_TO_RIGHT,OUTSIDE_RIGHT,,0
GOPR0307U20_trajectories_dynamic.json,1706,0.369688,0.626466,-0.170281,0.026267,RIGHT_TO_LEFT,INSIDE_MOVING_LEFT,0.000000,0
GOPR0307U20_trajectories_dynamic.json,1810,0.087604,0.635442,0.059485,0.134093,LEFT_TO_RIGHT,APPROACHING_FROM_LEFT,4.411169,
GOPR0307U20_trajectories_dynamic.json,1814,0.160861,0.715153,-0.462248,0.302524,RIGHT_TO_LEFT,OUTSIDE_LEFT,,0
GOPR0307U20_trajectories_dynamic.json,1952,0.141551,0.271506,-0.012936,-0.126217,RIGHT_TO_LEFT,OUTSIDE_LEFT,,
GOPR0307U20_trajectories_dynamic.json,1962,0.749488,0.776592,0.282601,0.389528,LEFT_TO_RIGHT,OUTSIDE_RIGHT,,0
GOPR0307U20_trajectories_dynamic.json,1988,0.583502,0.736802,0.394722,0.067073,VERTICAL,INSIDE_MOVING_RIGHT,0.000000,0
GOPR0307U20_trajectories_dynamic.json,1991,0.891039,0.843608,0.387595,0.425365,LEFT_TO_RIGHT,OUTSIDE_RIGHT,,6
GOPR0308U20_trajectories_dynamic.json,0,0.210801,0.772983,-1.013966,0.159019,RIGHT_TO_LEFT,OUTSIDE_LEFT,,15
GOPR0308U20_trajectories_dynamic.json,64,0.915516,0.772949,0.195981,0.170283,LEFT_TO_RIGHT,OUTSIDE_RIGHT,,
GOPR0308U20_trajectories_dynamic.json,81,0.097833,0.867201,-0.002908,0.105079,RIGHT_TO_LEFT,OUTSIDE_LEFT,,
GOPR0308U20_trajectories_dynamic.json,91,0.326908,1.000000,0.017076,0.004362,RIGHT_TO_LEFT,OUTSIDE_LEFT,1.352300,0
GOPR0308U20_trajectories_dynamic.json,116,0.868645,0.879885,0.473784,0.427692,LEFT_TO_RIGHT,OUTSIDE_RIGHT,,0
GOPR0308U20_trajectories_dynamic.json,117,0.460261,0.760315,-0.010003,0.006324,RIGHT_TO_LEFT,INSIDE_STATIONARY,0.000000,0
GOPR0308U20_trajectories_dynamic.json,159,0.129311,0.957668,0.002001,0.089231,RIGHT_TO_LEFT,OUTSIDE_LEFT,110.293288,2
GOPR0308U20_trajectories_dynamic.json,175,0.879840,0.919647,0.710538,0.404681,LEFT_TO_RIGHT,OUTSIDE_RIGHT,,6
GOPR0308U20_trajectories_dynamic.json,231,0.786115,0.944987,0.474281,0.704949,LEFT_TO_RIGHT,OUTSIDE_RIGHT,,0
GOPR0308U20_trajectories_dynamic.json,341,0.088598,0.570288,-0.408186,0.021308,RIGHT_TO_LEFT,OUTSIDE_LEFT,,0
GOPR0308U20_trajectories_dynamic.json,382,0.273966,0.919694,-0.142570,0.556425,RIGHT_TO_LEFT,OUTSIDE_LEFT,,0
GOPR0308U20_trajectories_dynamic.json,438,0.882887,0.745862,0.543695,0.209852,LEFT_TO_RIGHT,OUTSIDE_RIGHT,,6
GOPR0308U20_trajectories_dynamic.json,475,0.894047,0.811091,0.576082,0.464577,LEFT_TO_RIGHT,OUTSIDE_RIGHT,,0
GOPR0308U20_trajectories_dynamic.json,481,0.151737,0.850859,-0.385554,0.628011,RIGHT_TO_LEFT,OUTSIDE_LEFT,,0
GOPR0308U20_trajectories_dynamic.json,496,0.174179,0.662592,-0.498404,0.166326,RIGHT_TO_LEFT,OUTSIDE_LEFT,,0
GOPR0308U20_trajectories_dynamic.json,516,0.302483,0.535897,0.068148,0.032515,VERTICAL,APPROACHING_FROM_LEFT,0.697263,39
GOPR0308U20_trajectories_dynamic.json,518,0.160860,0.767598,-0.596212,0.278036,RIGHT_TO_LEFT,OUTSIDE_LEFT,,0
GOPR0308U20_trajectories_dynamic.json,549,0.767785,1.000000,0.928775,0.169059,LEFT_TO_RIGHT,OUTSIDE_RIGHT,,14
GOPR0308U20_trajectories_dynamic.json,683,0.219959,0.849098,-0.214353,0.254716,RIGHT_TO_LEFT,OUTSIDE_LEFT,,0
GOPR0308U20_trajectories_dynamic.json,694,0.908375,0.832751,0.548181,0.570105,LEFT_TO_RIGHT,OUTSIDE_RIGHT,,0
GOPR0308U20_trajectories_dynamic.json,702,0.043781,0.747585,-0.519665,0.334124,RIGHT_TO_LEFT,OUTSIDE_LEFT,,0
GOPR0308U20_trajectories_dynamic.json,964,0.505104,0.668037,-0.080904,0.059672,LEFT_TO_RIGHT,INSIDE_MOVING_LEFT,0.000000,0
GOPR0308U20_trajectories_dynamic.json,970,0.552951,0.525033,0.388603,-0.074570,LEFT_TO_RIGHT,INSIDE_MOVING_RIGHT,0.000000,0
GOPR0308U20_trajectories_dynamic.json,991,0.107957,0.733147,-0.480158,0.371163,RIGHT_TO_LEFT,OUTSIDE_LEFT,,
GOPR0308U20_trajectories_dynamic.json,1012,0.154740,0.671612,-0.502559,0.248927,RIGHT_TO_LEFT,OUTSIDE_LEFT,,7
GOPR0308U20_trajectories_dynamic.json,1022,0.752506,0.807400,0.221704,0.362583,LEFT_TO_RIGHT,OUTSIDE_RIGHT,,13
GOPR0308U20_trajectories_dynamic.json,1058,0.073306,0.697049,-0.123118,0.136787,RIGHT_TO_LEFT,OUTSIDE_LEFT,,0
GOPR0308U20_trajectories_dynamic.json,1069,0.258643,0.765777,-0.620544,0.063642,RIGHT_TO_LEFT,OUTSIDE_LEFT,,9
GOPR0308U20_trajectories_dynamic.json,1074,0.211852,0.716898,-0.413802,0.188406,RIGHT_TO_LEFT,OUTSIDE_LEFT,,6
GOPR0308U20_trajectories_dynamic.json,1096,0.721947,0.868966,0.294779,0.578565,LEFT_TO_RIGHT,OUTSIDE_RIGHT,,0
GOPR0308U20_trajectories_dynamic.json,1100,0.807530,0.809137,0.578587,0.561909,LEFT_TO_RIGHT,OUTSIDE_RIGHT,,0
GOPR0308U20_trajectories_dynamic.json,1187,0.400211,0.510513,-0.048253,0.025981,LEFT_TO_RIGHT,INSIDE_MOVING_LEFT,0.000000,9
GOPR0308U20_trajectories_dynamic.json,1240,0.552967,0.568497,0.002723,0.105512,LEFT_TO_RIGHT,INSIDE_STATIONARY,0.000000,0
GOPR0308U20_trajectories_dynamic.json,1244,0.052919,0.544915,-0.468988,0.057843,RIGHT_TO_LEFT,OUTSIDE_LEFT,,26
GOPR0308U20_trajectories_dynamic.json,1263,0.453141,0.539448,0.142707,0.069920,LEFT_TO_RIGHT,INSIDE_MOVING_RIGHT,0.000000,1
GOPR0308U20_trajectories_dynamic.json,1324,0.140542,0.731367,-0.063816,0.183647,RIGHT_TO_LEFT,OUTSIDE_LEFT,,0
GOPR0308U20_trajectories_dynamic.json,1334,0.216905,0.704203,-0.263472,0.194772,RIGHT_TO_LEFT,OUTSIDE_LEFT,,0
GOPR0308U20_trajectories_dynamic.json,1340,0.668018,0.937763,0.305215,0.456410,LEFT_TO_RIGHT,OUTSIDE_RIGHT,,0
GOPR0308U20_trajectories_dynamic.json,1359,0.808539,0.744013,0.525554,0.391338,LEFT_TO_RIGHT,OUTSIDE_RIGHT,,0
GOPR0308U20_trajectories_dynamic.json,1371,0.442013,0.553959,-0.021150,-0.027145,LEFT_TO_RIGHT,INSIDE_STATIONARY,0.000000,0
GOPR0308U20_trajectories_dynamic.json,1374,0.186397,0.671635,-0.198233,0.082301,RIGHT_TO_LEFT,OUTSIDE_LEFT,,26
GOPR0308U20_trajectories_dynamic.json,1384,0.049901,0.566688,-0.504474,-0.116156,LEFT_TO_RIGHT,OUTSIDE_LEFT,,
GOPR0308U20_trajectories_dynamic.json,1389,0.091671,0.588323,-0.598336,0.078523,RIGHT_TO_LEFT,OUTSIDE_LEFT,,2
GOPR0308U20_trajectories_dynamic.json,1396,0.703664,0.722323,0.255143,0.343005,LEFT_TO_RIGHT,OUTSIDE_RIGHT,,0
GOPR0308U20_trajectories_dynamic.json,1413,0.132354,0.731392,-0.460170,0.198780,RIGHT_TO_LEFT,OUTSIDE_LEFT,,0
GOPR0308U20_trajectories_dynamic.json,1415,0.830957,0.684357,0.626975,0.268748,LEFT_TO_RIGHT,OUTSIDE_RIGHT,,0
GOPR0308U20_trajectories_dynamic.json,1447,0.203638,0.805587,-0.403802,0.352989,RIGHT_TO_LEFT,OUTSIDE_LEFT,,0
GOPR0308U20_trajectories_dynamic.json,1449,0.348282,0.620945,0.033811,0.056390,LEFT_TO_RIGHT,APPROACHING_FROM_LEFT,0.050799,32
GOPR0308U20_trajectories_dynamic.json,1451,0.067215,0.745894,-0.081901,0.244954,RIGHT_TO_LEFT,OUTSIDE_LEFT,,
GOPR0308U20_trajectories_dynamic.json,1457,0.724053,0.805635,0.361501,0.392914,LEFT_TO_RIGHT,OUTSIDE_RIGHT,,0
GOPR0308U20_trajectories_dynamic.json,1497,0.048896,0.483454,-0.316370,0.004866,RIGHT_TO_LEFT,OUTSIDE_LEFT,,
GOPR0308U20_trajectories_dynamic.json,1525,0.074342,0.624621,-0.341724,0.206803,RIGHT_TO_LEFT,OUTSIDE_LEFT,,
GOPR0308U20_trajectories_dynamic.json,1555,0.753586,0.888890,0.285407,0.495956,LEFT_TO_RIGHT,OUTSIDE_RIGHT,,9
GOPR0308U20_trajectories_dynamic.json,1682,0.073336,0.720514,-0.500820,0.136827,RIGHT_TO_LEFT,OUTSIDE_LEFT,,
GOPR0308U20_trajectories_dynamic.json,1710,0.713865,0.995721,0.285057,0.841418,LEFT_TO_RIGHT,OUTSIDE_RIGHT,,0
GOPR0308U20_trajectories_dynamic.json,1723,0.084496,0.720478,-0.473737,0.240519,RIGHT_TO_LEFT,OUTSIDE_LEFT,,0
GOPR0308U20_trajectories_dynamic.json,1761,0.270932,0.830941,-0.217332,0.411179,RIGHT_TO_LEFT,OUTSIDE_LEFT,,0
GOPR0308U20_trajectories_dynamic.json,1810,0.145618,0.622733,-0.127867,0.024130,RIGHT_TO_LEFT,OUTSIDE_LEFT,,0
GOPR0308U20_trajectories_dynamic.json,1828,0.572339,0.749458,0.082392,0.435125,LEFT_TO_RIGHT,INSIDE_MOVING_RIGHT,0.000000,0
GOPR0308U20_trajectories_dynamic.json,1843,0.145639,0.535763,-0.256179,-0.212217,RIGHT_TO_LEFT,OUTSIDE_LEFT,,0
GOPR0308U20_trajectories_dynamic.json,1856,0.851316,0.649929,0.138333,0.015734,LEFT_TO_RIGHT,OUTSIDE_RIGHT,,0
GOPR0308U20_trajectories_dynamic.json,1900,0.914480,0.725976,0.529209,0.229332,LEFT_TO_RIGHT,OUTSIDE_RIGHT,,0
GOPR0308U20_trajectories_dynamic.json,1955,0.212844,0.749479,-0.384281,0.395662,RIGHT_TO_LEFT,OUTSIDE_LEFT,,0
GOPR0308U20_trajectories_dynamic.json,1957,0.069220,0.561272,-0.368348,0.064222,RIGHT_TO_LEFT,OUTSIDE_LEFT,,
GOPR0308U20_trajectories_dynamic.json,1961,0.845191,0.816469,0.433534,0.404194,LEFT_TO_RIGHT,OUTSIDE_RIGHT,,0
GOPR0308U20_trajectories_dynamic.json,1964,0.869680,0.868998,0.469941,0.359377,LEFT_TO_RIGHT,OUTSIDE_RIGHT,,0
GOPR0308U20_trajectories_dynamic.json,1966,0.438932,0.537710,-0.029805,-0.100522,VERTICAL,INSIDE_STATIONARY,0.000000,0
GOPR0308U20_trajectories_dynamic.json,2011,0.376800,0.526787,0.218564,0.000696,RIGHT_TO_LEFT,INSIDE_MOVING_RIGHT,0.000000,0
GOPR0308U20_trajectories_dynamic.json,2126,0.518318,0.570274,0.121859,0.089754,VERTICAL,INSIDE_MOVING_RIGHT,0.000000,0
GOPR0308U20_trajectories_dynamic.json,2154,0.072315,0.798398,-0.451315,-0.081764,RIGHT_TO_LEFT,OUTSIDE_LEFT,,0
GOPR0308U20_trajectories_dynamic.json,2181,0.177188,0.648096,-0.074193,0.051987,RIGHT_TO_LEFT,OUTSIDE_LEFT,,0
GOPR0308U20_trajectories_dynamic.json,2216,0.610020,0.812854,-0.063555,-0.026388,VERTICAL,INSIDE_MOVING_LEFT,0.000000,0
GOPR0308U20_trajectories_dynamic.json,2234,0.305470,0.606496,-0.342144,-0.088824,RIGHT_TO_LEFT,OUTSIDE_LEFT,,0
GOPR0308U20_trajectories_dynamic.json,2256,0.279019,0.791142,-0.427019,0.106759,RIGHT_TO_LEFT,OUTSIDE_LEFT,,0
GOPR0308U20_trajectories_dynamic.json,2292,0.026972,0.639085,-0.174895,-0.020683,RIGHT_TO_LEFT,OUTSIDE_LEFT,,
GOPR0308U20_trajectories_dynamic.json,2301,0.092662,0.745831,-0.216720,0.262871,LEFT_TO_RIGHT,OUTSIDE_LEFT,,
GOPR0308U20_trajectories_dynamic.json,2336,0.074342,0.724161,-0.101435,0.132683,RIGHT_TO_LEFT,OUTSIDE_LEFT,,0
GOPR0308U20_trajectories_dynamic.json,2350,0.526495,0.514151,0.047632,-0.062242,LEFT_TO_RIGHT,INSIDE_MOVING_RIGHT,0.000000,0
GOPR0308U20_trajectories_dynamic.json,2361,0.426653,0.534029,-0.085638,0.003598,VERTICAL,INSIDE_MOVING_LEFT,0.000000,0
GOPR0308U20_trajectories_dynamic.json,2393,0.355423,0.544893,0.026407,0.015960,VERTICAL,INSIDE_STATIONARY,0.000000,1
GOPR0308U20_trajectories_dynamic.json,2401,0.068237,0.601088,-0.106413,0.075355,RIGHT_TO_LEFT,OUTSIDE_LEFT,,
GOPR0308U20_trajectories_dynamic.json,2436,0.067220,0.628226,-0.297961,0.173530,RIGHT_TO_LEFT,OUTSIDE_LEFT,,0
GOPR0308U20_trajectories_dynamic.json,2474,0.183336,0.505054,0.055236,-0.011486,RIGHT_TO_LEFT,APPROACHING_FROM_LEFT,3.017298,0
GOPR0308U20_trajectories_dynamic.json,2504,0.063176,0.582973,-0.088237,0.086500,RIGHT_TO_LEFT,OUTSIDE_LEFT,,
GOPR0308U20_trajectories_dynamic.json,2554,0.044818,0.691554,-0.370571,0.342778,RIGHT_TO_LEFT,OUTSIDE_LEFT,,0
GOPR0308U20_trajectories_dynamic.json,2557,0.089625,0.791091,-0.393495,0.287008,RIGHT_TO_LEFT,OUTSIDE_LEFT,,0
GOPR0308U20_trajectories_dynamic.json,2559,0.147664,0.639062,-0.275008,0.038657,RIGHT_TO_LEFT,OUTSIDE_LEFT,,0
GOPR0308U20_trajectories_dynamic.json,2562,0.075311,0.552165,-0.222635,0.068931,RIGHT_TO_LEFT,OUTSIDE_LEFT,,
GOPR0308U20_trajectories_dynamic.json,2598,0.245438,0.537697,0.089506,0.095503,LEFT_TO_RIGHT,APPROACHING_FROM_LEFT,1.168204,
GOPR0308U20_trajectories_dynamic.json,2625,0.391052,0.563073,0.097710,0.109732,RIGHT_TO_LEFT,INSIDE_MOVING_RIGHT,0.000000,0
GOPR0308U20_trajectories_dynamic.json,2626,0.471483,0.512355,0.050305,0.070855,RIGHT_TO_LEFT,INSIDE_MOVING_RIGHT,0.000000,0
GOPR0308U20_trajectories_dynamic.json,2645,0.224054,0.553983,-0.067437,0.020249,LEFT_TO_RIGHT,OUTSIDE_LEFT,,
GOPR0308U20_trajectories_dynamic.json,2653,0.298392,0.515960,0.064451,0.139048,VERTICAL,APPROACHING_FROM_LEFT,0.800736,
GOPR0308U20_trajectories_dynamic.json,2661,0.360495,0.883462,-0.062313,0.185916,RIGHT_TO_LEFT,INSIDE_MOVING_LEFT,0.000000,0
GOPR0308U20_trajectories_dynamic.json,2714,0.232157,0.738624,-0.111657,0.092650,RIGHT_TO_LEFT,OUTSIDE_LEFT,,0
GOPR0308U20_trajectories_dynamic.json,2759,0.047854,0.591999,-0.147887,0.137009,VERTICAL,OUTSIDE_LEFT,,
GOPR0308U20_trajectories_dynamic.json,2766,0.776013,0.722331,0.165813,0.229308,LEFT_TO_RIGHT,OUTSIDE_RIGHT,,0
GOPR0308U20_trajectories_dynamic.json,2769,0.421595,0.579324,-0.160386,0.062301,LEFT_TO_RIGHT,INSIDE_MOVING_LEFT,0.000000,40
GOPR0308U20_trajectories_dynamic.json,2857,0.497936,0.564978,0.139462,0.070286,LEFT_TO_RIGHT,INSIDE_MOVING_RIGHT,0.000000,0
GOPR0308U20_trajectories_dynamic.json,2931,0.347256,0.515972,0.081891,-0.072122,RIGHT_TO_LEFT,APPROACHING_FROM_LEFT,0.033510,0
GOPR0308U20_trajectories_dynamic.json,2937,0.058085,0.445429,-0.852391,-0.291016,RIGHT_TO_LEFT,OUTSIDE_LEFT,,0
GOPR0308U20_trajectories_dynamic.json,2940,0.369695,0.550342,-0.080388,0.121582,RIGHT_TO_LEFT,INSIDE_MOVING_LEFT,0.000000,7
GOPR0308U20_trajectories_dynamic.json,2950,0.299407,0.557585,0.254174,0.131007,RIGHT_TO_LEFT,APPROACHING_FROM_LEFT,0.199048,0
GOPR0308U20_trajectories_dynamic.json,2964,0.037695,0.501467,-0.430926,-0.041942,VERTICAL,OUTSIDE_LEFT,,
GOPR0308U20_trajectories_dynamic.json,3006,0.093691,0.668013,-0.697649,0.204086,RIGHT_TO_LEFT,OUTSIDE_LEFT,,1
GOPR0308U20_trajectories_dynamic.json,3024,0.027967,0.613629,-0.777615,0.063321,RIGHT_TO_LEFT,OUTSIDE_LEFT,,4
GOPR0308U20_trajectories_dynamic.json,3058,0.153832,0.481521,-0.285794,-0.088036,RIGHT_TO_LEFT,OUTSIDE_LEFT,,0
GOPR0308U20_trajectories_dynamic.json,3063,0.453152,0.559333,0.309098,-0.024197,RIGHT_TO_LEFT,INSIDE_MOVING_RIGHT,0.000000,0
GOPR0308U20_trajectories_dynamic.json,3072,0.494926,0.606456,0.058146,0.144103,RIGHT_TO_LEFT,INSIDE_MOVING_RIGHT,0.000000,8
GOPR0308U20_trajectories_dynamic.json,3075,0.643583,0.608244,0.199664,0.071896,RIGHT_TO_LEFT,INSIDE_MOVING_RIGHT,0.000000,7
GOPR0308U20_trajectories_dynamic.json,3079,0.436796,0.566764,0.131081,0.163696,RIGHT_TO_LEFT,INSIDE_MOVING_RIGHT,0.000000,0
GOPR0308U20_trajectories_dynamic.json,3084,0.497956,0.606465,0.010564,0.034714,LEFT_TO_RIGHT,INSIDE_STATIONARY,0.000000,0
GOPR0308U20_trajectories_dynamic.json,3112,0.142589,0.541285,-0.083661,0.049252,LEFT_TO_RIGHT,OUTSIDE_LEFT,,
GOPR0308U20_trajectories_dynamic.json,3155,0.233155,0.736822,-0.706737,-0.007656,RIGHT_TO_LEFT,OUTSIDE_LEFT,,0
GOPR0308U20_trajectories_dynamic.json,3187,0.380861,0.619162,-0.126839,-0.059708,RIGHT_TO_LEFT,INSIDE_MOVING_LEFT,0.000000,0
GOPR0308U20_trajectories_dynamic.json,3239,0.354359,0.579273,-0.024612,-0.013317,RIGHT_TO_LEFT,INSIDE_STATIONARY,0.000000,0
GOPR0308U20_trajectories_dynamic.json,3248,0.037655,0.532315,0.015668,0.061174,RIGHT_TO_LEFT,OUTSIDE_LEFT,19.934671,
GOPR0308U20_trajectories_dynamic.json,3313,0.052964,0.577508,-0.749711,-0.118948,RIGHT_TO_LEFT,OUTSIDE_LEFT,,0
GOPR0308U20_trajectories_dynamic.json,3328,0.046848,0.644495,-0.747238,-0.103932,RIGHT_TO_LEFT,OUTSIDE_LEFT,,0
GOPR0308U20_trajectories_dynamic.json,3351,0.095747,0.557544,-0.554285,-0.265227,LEFT_TO_RIGHT,OUTSIDE_LEFT,,
GOPR0308U20_trajectories_dynamic.json,3559,0.183280,0.590126,0.035818,0.120603,LEFT_TO_RIGHT,APPROACHING_FROM_LEFT,4.654668,
GOPR0308U20_trajectories_dynamic.json,3562,0.262720,0.548573,-0.066414,0.047597,RIGHT_TO_LEFT,OUTSIDE_LEFT,,0
GOPR0308U20_trajectories_dynamic.json,3585,0.557040,0.613700,-0.168447,-0.150058,LEFT_TO_RIGHT,INSIDE_MOVING_LEFT,0.000000,0
GOPR0308U20_trajectories_dynamic.json,3600,0.507137,0.709653,0.287195,0.016204,LEFT_TO_RIGHT,INSIDE_MOVING_RIGHT,0.000000,17
GOPR0308U20_trajectories_dynamic.json,3676,0.204687,0.852678,-0.281241,0.143207,RIGHT_TO_LEFT,OUTSIDE_LEFT,,0
GOPR0308U20_trajectories_dynamic.json,3713,0.463334,0.749491,0.254768,-0.028592,LEFT_TO_RIGHT,INSIDE_MOVING_RIGHT,0.000000,4
GOPR0308U20_trajectories_dynamic.json,3747,0.752550,0.840033,0.726345,0.358982,LEFT_TO_RIGHT,OUTSIDE_RIGHT,,0
GOPR0308U20_trajectories_dynamic.json,3776,0.426657,0.939565,0.061765,0.335278,LEFT_TO_RIGHT,INSIDE_MOVING_RIGHT,0.000000,0
GOPR0308U20_trajectories_dynamic.json,3805,0.283148,0.827342,0.068659,0.033580,LEFT_TO_RIGHT,APPROACHING_FROM_LEFT,0.973678,6
GOPR0308U20_trajectories_dynamic.json,3874,0.343234,0.561184,-0.013008,0.081662,RIGHT_TO_LEFT,OUTSIDE_LEFT,,0
GOPR0308U20_trajectories_dynamic.json,3957,0.773950,0.964942,0.462274,0.663580,LEFT_TO_RIGHT,OUTSIDE_RIGHT,,0
GOPR0308U20_trajectories_dynamic.json,4018,0.091654,0.695169,-0.362663,0.300462,RIGHT_TO_LEFT,OUTSIDE_LEFT,,
GOPR0308U20_trajectories_dynamic.json,4094,0.568219,0.617320,0.228921,0.001063,LEFT_TO_RIGHT,INSIDE_MOVING_RIGHT,0.000000,0
GOPR0308U20_trajectories_dynamic.json,4100,0.798371,0.834506,0.467520,0.402401,LEFT_TO_RIGHT,OUTSIDE_RIGHT,,0
GOPR0308U20_trajectories_dynamic.json,4112,0.047361,0.711487,-0.218878,-0.048172,VERTICAL,OUTSIDE_LEFT,,
GOPR0308U20_trajectories_dynamic.json,4146,0.219957,0.734997,-0.285960,0.239144,RIGHT_TO_LEFT,OUTSIDE_LEFT,,0
GOPR0308U20_trajectories_dynamic.json,4176,0.109956,0.870836,-0.523319,0.286682,LEFT_TO_RIGHT,OUTSIDE_LEFT,,38
GOPR0308U20_trajectories_dynamic.json,4182,0.506070,0.664410,-0.035219,0.181965,VERTICAL,INSIDE_MOVING_LEFT,0.000000,0
GOPR0308U20_trajectories_dynamic.json,4193,0.796312,0.831007,0.427971,0.340284,LEFT_TO_RIGHT,OUTSIDE_RIGHT,,0
GOPR0308U20_trajectories_dynamic.json,4233,0.903250,0.870740,0.606363,0.362965,LEFT_TO_RIGHT,OUTSIDE_RIGHT,,0
GOPR0308U20_trajectories_dynamic.json,4237,0.636434,0.615536,0.175815,-0.027288,LEFT_TO_RIGHT,INSIDE_MOVING_RIGHT,0.000000,9
GOPR0308U20_trajectories_dynamic.json,4244,0.039224,0.716953,-0.476201,0.210574,RIGHT_TO_LEFT,OUTSIDE_LEFT,,10
GOPR0308U20_trajectories_dynamic.json,4271,0.047861,0.606458,-0.243346,0.030735,RIGHT_TO_LEFT,OUTSIDE_LEFT,,
GOPR0308U20_trajectories_dynamic.json,4305,0.197536,0.753112,-0.474426,0.171098,RIGHT_TO_LEFT,OUTSIDE_LEFT,,0
GOPR0308U20_trajectories_dynamic.json,4368,0.214880,0.805574,-0.282015,0.194676,RIGHT_TO_LEFT,OUTSIDE_LEFT,,0
GOPR0308U20_trajectories_dynamic.json,4435,0.662925,0.682551,0.362873,0.243249,LEFT_TO_RIGHT,OUTSIDE_RIGHT,,0
GOPR0308U20_trajectories_dynamic.json,4467,0.075405,0.582951,-0.335835,0.004031,RIGHT_TO_LEFT,OUTSIDE_LEFT,,
GOPR0308U20_trajectories_dynamic.json,4517,0.927742,0.771184,0.430811,0.223567,LEFT_TO_RIGHT,OUTSIDE_RIGHT,,0
GOPR0308U20_trajectories_dynamic.json,4522,0.882855,0.749488,0.215456,0.102556,LEFT_TO_RIGHT,OUTSIDE_RIGHT,,0
GOPR0308U20_trajectories_dynamic.json,4553,0.022847,0.568465,-0.315201,0.094187,RIGHT_TO_LEFT,OUTSIDE_LEFT,,0
GOPR0308U20_trajectories_dynamic.json,4578,0.805471,0.715105,0.176240,0.117772,LEFT_TO_RIGHT,OUTSIDE_RIGHT,,
GOPR0308U20_trajectories_dynamic.json,4622,0.858465,0.830908,0.576051,0.391939,LEFT_TO_RIGHT,OUTSIDE_RIGHT,,0
GOPR0308U20_trajectories_dynamic.json,4630,0.665971,0.617215,-0.186557,0.007507,LEFT_TO_RIGHT,APPROACHING_FROM_RIGHT,0.085612,0
GOPR0308U20_trajectories_dynamic.json,4634,0.611987,0.762113,0.144903,0.163774,LEFT_TO_RIGHT,INSIDE_MOVING_RIGHT,0.000000,0
GOPR0308U20_trajectories_dynamic.json,4637,0.047302,0.735046,-0.533819,0.208112,RIGHT_TO_LEFT,OUTSIDE_LEFT,,0
GOPR0309U20_trajectories_dynamic.json,0,0.811551,0.686171,0.141242,0.062416,RIGHT_TO_LEFT,OUTSIDE_RIGHT,,
GOPR0309U20_trajectories_dynamic.json,1,0.266820,0.582845,0.121194,-0.043142,LEFT_TO_RIGHT,APPROACHING_FROM_LEFT,0.686339,
GOPR0309U20_trajectories_dynamic.json,2,0.785095,0.872601,0.407046,0.252382,LEFT_TO_RIGHT,OUTSIDE_RIGHT,,0
GOPR0309U20_trajectories_dynamic.json,3,0.731184,0.923270,0.506830,0.298479,LEFT_TO_RIGHT,OUTSIDE_RIGHT,,0
GOPR0309U20_trajectories_dynamic.json,4,0.226059,0.823793,-0.496073,0.281192,RIGHT_TO_LEFT,OUTSIDE_LEFT,,6
GOPR0309U20_trajectories_dynamic.json,5,0.218951,0.546733,0.147466,-0.060861,LEFT_TO_RIGHT,APPROACHING_FROM_LEFT,0.888674,
GOPR0309U20_trajectories_dynamic.json,9,0.070223,0.655417,-0.491032,0.066406,LEFT_TO_RIGHT,OUTSIDE_LEFT,,30
GOPR0309U20_trajectories_dynamic.json,40,0.060074,0.675283,-0.421013,0.099574,LEFT_TO_RIGHT,OUTSIDE_LEFT,,
GOPR0309U20_trajectories_dynamic.json,44,0.053407,0.771245,-0.675282,0.199707,RIGHT_TO_LEFT,OUTSIDE_LEFT,,3
GOPR0309U20_trajectories_dynamic.json,49,0.821816,1.000000,0.647005,0.292303,LEFT_TO_RIGHT,OUTSIDE_RIGHT,,14
GOPR0309U20_trajectories_dynamic.json,57,0.828906,0.745871,0.198656,0.098034,RIGHT_TO_LEFT,OUTSIDE_RIGHT,,
GOPR0309U20_trajectories_dynamic.json,190,0.695551,0.651805,0.026339,0.004253,LEFT_TO_RIGHT,OUTSIDE_RIGHT,,0
GOPR0309U20_trajectories_dynamic.json,230,0.839086,0.687882,0.696537,0.203103,LEFT_TO_RIGHT,OUTSIDE_RIGHT,,0
GOPR0309U20_trajectories_dynamic.json,241,0.808535,0.742283,0.676274,0.354942,LEFT_TO_RIGHT,OUTSIDE_RIGHT,,0
GOPR0309U20_trajectories_dynamic.json,268,0.906262,0.709676,0.571665,0.136211,LEFT_TO_RIGHT,OUTSIDE_RIGHT,,0
GOPR0309U20_trajectories_dynamic.json,312,0.211836,0.726008,-0.277149,0.238037,RIGHT_TO_LEFT,OUTSIDE_LEFT,,0
GOPR0309U20_trajectories_dynamic.json,352,0.131373,0.711476,-0.407775,0.191609,RIGHT_TO_LEFT,OUTSIDE_LEFT,,0
GOPR0309U20_trajectories_dynamic.json,368,0.865598,0.850853,0.376132,0.278968,LEFT_TO_RIGHT,OUTSIDE_RIGHT,,0
GOPR0309U20_trajectories_dynamic.json,381,0.248431,0.751286,-0.406864,0.274287,RIGHT_TO_LEFT,OUTSIDE_LEFT,,0
GOPR0309U20_trajectories_dynamic.json,422,0.926688,0.863546,0.273304,0.303271,LEFT_TO_RIGHT,OUTSIDE_RIGHT,,
GOPR0309U20_trajectories_dynamic.json,494,0.360558,0.601070,-0.013868,0.045544,RIGHT_TO_LEFT,INSIDE_STATIONARY,0.000000,0
GOPR0309U20_trajectories_dynamic.json,516,0.268837,0.622774,-0.221053,0.044854,RIGHT_TO_LEFT,OUTSIDE_LEFT,,2
GOPR0309U20_trajectories_dynamic.json,537,0.024926,0.687940,-0.190051,0.047679,RIGHT_TO_LEFT,OUTSIDE_LEFT,,
GOPR0309U20_trajectories_dynamic.json,542,0.096748,0.771201,-0.073843,0.064169,RIGHT_TO_LEFT,OUTSIDE_LEFT,,
GOPR0309U20_trajectories_dynamic.json,546,0.089634,0.620928,-0.176183,0.027556,RIGHT_TO_LEFT,OUTSIDE_LEFT,,
GOPR0309U20_trajectories_dynamic.json,570,0.085541,0.794776,-0.527267,0.256401,RIGHT_TO_LEFT,OUTSIDE_LEFT,,0
GOPR0309U20_trajectories_dynamic.json,578,0.290229,0.564933,-0.053695,-0.044277,RIGHT_TO_LEFT,OUTSIDE_LEFT,,0
GOPR0309U20_trajectories_dynamic.json,616,0.165024,0.934149,-0.490032,0.319912,RIGHT_TO_LEFT,OUTSIDE_LEFT,,0
GOPR0309U20_trajectories_dynamic.json,623,0.512236,0.617298,0.054807,0.082190,LEFT_TO_RIGHT,INSIDE_MOVING_RIGHT,0.000000,0
GOPR0309U20_trajectories_dynamic.json,634,0.757683,0.930485,0.309683,0.447697,LEFT_TO_RIGHT,OUTSIDE_RIGHT,,0
GOPR0309U20_trajectories_dynamic.json,637,0.127332,0.731327,-0.336654,0.273112,RIGHT_TO_LEFT,OUTSIDE_LEFT,,0
GOPR0309U20_trajectories_dynamic.json,645,0.081468,0.633578,-0.188694,0.156998,RIGHT_TO_LEFT,OUTSIDE_LEFT,,
GOPR0309U20_trajectories_dynamic.json,663,0.187349,0.566724,-0.051749,0.012478,RIGHT_TO_LEFT,OUTSIDE_LEFT,,
GOPR0309U20_trajectories_dynamic.json,664,0.180256,0.709767,-0.376785,0.306203,RIGHT_TO_LEFT,OUTSIDE_LEFT,,0
GOPR0309U20_trajectories_dynamic.json,668,0.145580,0.537741,-0.011028,0.030613,RIGHT_TO_LEFT,OUTSIDE_LEFT,,
GOPR0309U20_trajectories_dynamic.json,732,0.857430,0.919692,0.563298,0.605971,LEFT_TO_RIGHT,OUTSIDE_RIGHT,,0
GOPR0309U20_trajectories_dynamic.json,747,0.067218,0.707892,-0.592630,0.064193,RIGHT_TO_LEFT,OUTSIDE_LEFT,,
GOPR0309U20_trajectories_dynamic.json,757,0.089655,0.821885,-0.435051,0.436600,RIGHT_TO_LEFT,OUTSIDE_LEFT,,0
GOPR0309U20_trajectories_dynamic.json,786,0.741362,0.733217,0.414392,0.111480,LEFT_TO_RIGHT,OUTSIDE_RIGHT,,0
GOPR0309U20_trajectories_dynamic.json,789,0.255610,0.878056,-0.263593,0.521341,RIGHT_TO_LEFT,OUTSIDE_LEFT,,0
GOPR0309U20_trajectories_dynamic.json,818,0.797353,0.841806,0.390062,0.344961,LEFT_TO_RIGHT,OUTSIDE_RIGHT,,0
GOPR0309U20_trajectories_dynamic.json,827,0.022874,0.651788,-0.410153,0.043738,RIGHT_TO_LEFT,OUTSIDE_LEFT,,
GOPR0309U20_trajectories_dynamic.json,836,0.859434,0.934189,0.597160,0.478160,LEFT_TO_RIGHT,OUTSIDE_RIGHT,,0
GOPR0309U20_trajectories_dynamic.json,854,0.053982,0.872587,-0.438820,0.403337,RIGHT_TO_LEFT,OUTSIDE_LEFT,,
GOPR0309U20_trajectories_dynamic.json,918,0.110986,0.675285,-0.535757,0.146362,RIGHT_TO_LEFT,OUTSIDE_LEFT,,0
GOPR0309U20_trajectories_dynamic.json,947,0.115066,0.812849,-0.562069,0.418114,RIGHT_TO_LEFT,OUTSIDE_LEFT,,0
GOPR0309U20_trajectories_dynamic.json,1016,0.088646,0.619065,-0.401223,0.017349,RIGHT_TO_LEFT,OUTSIDE_LEFT,,
GOPR0309U20_trajectories_dynamic.json,1041,0.052898,0.678901,-0.361473,0.122094,RIGHT_TO_LEFT,OUTSIDE_LEFT,,0
GOPR0309U20_trajectories_dynamic.json,1060,0.209799,0.930510,-0.343716,0.501440,RIGHT_TO_LEFT,OUTSIDE_LEFT,,0
GOPR0309U20_trajectories_dynamic.json,1176,0.697575,0.776603,0.237206,0.339405,LEFT_TO_RIGHT,OUTSIDE_RIGHT,,0
GOPR0309U20_trajectories_dynamic.json,1277,0.067235,0.794792,-0.187188,0.137284,RIGHT_TO_LEFT,OUTSIDE_LEFT,,
GOPR0309U20_trajectories_dynamic.json,1425,0.754554,0.997496,0.369899,0.641593,LEFT_TO_RIGHT,OUTSIDE_RIGHT,,0
GOPR0309U20_trajectories_dynamic.json,1432,0.072310,0.709728,-0.334702,0.170176,RIGHT_TO_LEFT,OUTSIDE_LEFT,,
GOPR0309U20_trajectories_dynamic.json,1464,0.656787,1.000000,0.519242,0.572715,LEFT_TO_RIGHT,OUTSIDE_RIGHT,,0
GOPR0309U20_trajectories_dynamic.json,1508,0.677197,1.000000,0.425297,0.551811,LEFT_TO_RIGHT,OUTSIDE_RIGHT,,0
GOPR0309U20_trajectories_dynamic.json,1525,0.091677,0.749483,-0.412446,0.002072,RIGHT_TO_LEFT,OUTSIDE_LEFT,,
GOPR0309U20_trajectories_dynamic.json,1528,0.472547,0.720560,0.062930,0.142000,LEFT_TO_RIGHT,INSIDE_MOVING_RIGHT,0.000000,0
GOPR0309U20_trajectories_dynamic.json,1719,0.855340,0.941360,0.492582,0.552370,LEFT_TO_RIGHT,OUTSIDE_RIGHT,,0
GOPR0309U20_trajectories_dynamic.json,1763,0.373704,0.570279,-0.025190,0.115094,RIGHT_TO_LEFT,INSIDE_STATIONARY,0.000000,0
GOPR0309U20_trajectories_dynamic.json,1794,0.422578,0.593762,-0.056444,0.092785,RIGHT_TO_LEFT,INSIDE_MOVING_LEFT,0.000000,0
GOPR0309U20_trajectories_dynamic.json,1831,0.640470,0.640829,0.145074,0.118670,LEFT_TO_RIGHT,INSIDE_MOVING_RIGHT,0.000000,0
GOPR0309U20_trajectories_dynamic.json,1839,0.079406,0.858110,-0.314678,0.321302,RIGHT_TO_LEFT,OUTSIDE_LEFT,,0
GOPR0309U20_trajectories_dynamic.json,1901,0.455092,0.613622,-0.040658,0.091498,VERTICAL,INSIDE_MOVING_LEFT,0.000000,0
GOPR0309U20_trajectories_dynamic.json,1902,0.117112,0.686142,-0.158739,0.111339,RIGHT_TO_LEFT,OUTSIDE_LEFT,,0
GOPR0309U20_trajectories_dynamic.json,1923,0.178187,0.859903,-0.248989,-0.106272,RIGHT_TO_LEFT,OUTSIDE_LEFT,,0
GOPR0309U20_trajectories_dynamic.json,1939,0.015762,0.561265,-0.276555,0.032710,RIGHT_TO_LEFT,OUTSIDE_LEFT,,
GOPR0309U20_trajectories_dynamic.json,1941,0.079469,0.644451,-0.130709,0.092161,RIGHT_TO_LEFT,OUTSIDE_LEFT,,
GOPR0309U20_trajectories_dynamic.json,1944,0.407324,0.599202,-0.060388,0.060808,RIGHT_TO_LEFT,INSIDE_MOVING_LEFT,0.000000,0
GOPR0309U20_trajectories_dynamic.json,1956,0.179209,0.734984,-0.269987,0.077333,RIGHT_TO_LEFT,OUTSIDE_LEFT,,0
GOPR0309U20_trajectories_dynamic.json,1958,0.022919,0.658968,-0.330697,0.108157,RIGHT_TO_LEFT,OUTSIDE_LEFT,,
GOPR0309U20_trajectories_dynamic.json,1959,0.118160,0.666283,-0.661107,-0.002453,RIGHT_TO_LEFT,OUTSIDE_LEFT,,0
GOPR0309U20_trajectories_dynamic.json,1972,0.180273,0.501406,-0.183392,0.024764,RIGHT_TO_LEFT,OUTSIDE_LEFT,,
GOPR0309U20_trajectories_dynamic.json,1986,0.054927,0.528577,-0.214603,0.017144,RIGHT_TO_LEFT,OUTSIDE_LEFT,,2
GOPR0309U20_trajectories_dynamic.json,1992,0.105959,0.637203,-0.694523,0.095207,RIGHT_TO_LEFT,OUTSIDE_LEFT,,0
GOPR0309U20_trajectories_dynamic.json,2004,0.059064,0.521397,-0.565684,-0.159755,RIGHT_TO_LEFT,OUTSIDE_LEFT,,
GOPR0309U20_trajectories_dynamic.json,2016,0.750514,0.874394,0.076054,0.377826,LEFT_TO_RIGHT,OUTSIDE_RIGHT,,16
GOPR0309U20_trajectories_dynamic.json,2018,0.045292,0.706061,-0.642563,0.318393,RIGHT_TO_LEFT,OUTSIDE_LEFT,,0
GOPR0309U20_trajectories_dynamic.json,2036,0.861555,0.651713,-0.087670,-0.085715,LEFT_TO_RIGHT,APPROACHING_FROM_RIGHT,2.413074,0
GOPR0309U20_trajectories_dynamic.json,2052,0.154791,0.827331,-0.525720,0.197510,RIGHT_TO_LEFT,OUTSIDE_LEFT,,29
GOPR0309U20_trajectories_dynamic.json,2099,0.123219,0.591931,-0.222536,-0.016066,LEFT_TO_RIGHT,OUTSIDE_LEFT,,
GOPR0309U20_trajectories_dynamic.json,2109,0.098786,0.834595,-0.419072,-0.069054,VERTICAL,OUTSIDE_LEFT,,7
GOPR0309U20_trajectories_dynamic.json,2145,0.141561,0.519535,0.096568,-0.090930,RIGHT_TO_LEFT,APPROACHING_FROM_LEFT,2.158475,0
GOPR0309U20_trajectories_dynamic.json,2150,0.114121,0.570226,-0.297839,0.036770,RIGHT_TO_LEFT,OUTSIDE_LEFT,,
GOPR0309U20_trajectories_dynamic.json,2152,0.934840,0.655345,0.313959,-0.000156,LEFT_TO_RIGHT,OUTSIDE_RIGHT,,
GOPR0309U20_trajectories_dynamic.json,2156,0.079417,0.561248,-0.289045,0.062600,RIGHT_TO_LEFT,OUTSIDE_LEFT,,
GOPR0309U20_trajectories_dynamic.json,2182,0.169015,0.579340,0.035775,0.068713,VERTICAL,APPROACHING_FROM_LEFT,5.059031,
GOPR0311U20_trajectories_dynamic.json,0,0.867621,0.678851,0.419146,-0.095134,LEFT_TO_RIGHT,OUTSIDE_RIGHT,,0
GOPR0311U20_trajectories_dynamic.json,1,0.826828,0.628196,0.514739,-0.024838,LEFT_TO_RIGHT,OUTSIDE_RIGHT,,0
GOPR0311U20_trajectories_dynamic.json,20,0.578446,0.619060,0.132435,0.061121,LEFT_TO_RIGHT,INSIDE_MOVING_RIGHT,0.000000,22
GOPR0311U20_trajectories_dynamic.json,89,0.159870,0.756719,-0.244802,0.095355,RIGHT_TO_LEFT,OUTSIDE_LEFT,,0
GOPR0311U20_trajectories_dynamic.json,96,0.024433,0.724176,-0.119916,0.213586,RIGHT_TO_LEFT,OUTSIDE_LEFT,,0
GOPR0311U20_trajectories_dynamic.json,149,0.035594,0.678915,-0.487027,0.141188,RIGHT_TO_LEFT,OUTSIDE_LEFT,,
GOPR0311U20_trajectories_dynamic.json,160,0.751550,0.928674,0.444675,0.577244,LEFT_TO_RIGHT,OUTSIDE_RIGHT,,0
GOPR0311U20_trajectories_dynamic.json,188,0.921594,0.774880,0.292703,0.233880,LEFT_TO_RIGHT,OUTSIDE_RIGHT,,0
GOPR0311U20_trajectories_dynamic.json,213,0.034617,0.591990,-0.327390,0.096086,RIGHT_TO_LEFT,OUTSIDE_LEFT,,
GOPR0311U20_trajectories_dynamic.json,216,0.105904,0.664407,-0.451957,0.153850,RIGHT_TO_LEFT,OUTSIDE_LEFT,,0
GOPR0311U20_trajectories_dynamic.json,219,0.831957,0.885258,0.488691,0.396694,LEFT_TO_RIGHT,OUTSIDE_RIGHT,,0
GOPR0311U20_trajectories_dynamic.json,230,0.072353,0.628207,-0.133832,0.005107,RIGHT_TO_LEFT,OUTSIDE_LEFT,,
GOPR0311U20_trajectories_dynamic.json,231,0.706741,0.771195,0.217988,0.154788,LEFT_TO_RIGHT,OUTSIDE_RIGHT,,0
GOPR0311U20_trajectories_dynamic.json,239,0.309630,0.624630,-0.195098,-0.002292,RIGHT_TO_LEFT,OUTSIDE_LEFT,,0
GOPR0311U20_trajectories_dynamic.json,243,0.635411,1.000000,0.223284,0.550096,LEFT_TO_RIGHT,INSIDE_MOVING_RIGHT,0.000000,0
GOPR0311U20_trajectories_dynamic.json,325,0.262750,0.821935,-0.777687,0.115104,RIGHT_TO_LEFT,OUTSIDE_LEFT,,0
GOPR0311U20_trajectories_dynamic.json,336,0.207734,0.718748,-0.358494,0.133657,RIGHT_TO_LEFT,OUTSIDE_LEFT,,0
GOPR0311U20_trajectories_dynamic.json,337,0.047329,0.702399,-0.370520,0.116788,RIGHT_TO_LEFT,OUTSIDE_LEFT,,
GOPR0311U20_trajectories_dynamic.json,353,0.194548,0.972174,-0.327937,0.683163,RIGHT_TO_LEFT,OUTSIDE_LEFT,,0
GOPR0311U20_trajectories_dynamic.json,358,0.843223,0.794742,0.409751,0.139545,LEFT_TO_RIGHT,OUTSIDE_RIGHT,,0
GOPR0311U20_trajectories_dynamic.json,364,0.347298,0.597433,0.156319,-0.114128,RIGHT_TO_LEFT,APPROACHING_FROM_LEFT,0.017287,0
GOPR0311U20_trajectories_dynamic.json,389,0.814633,0.870794,0.453416,0.409365,LEFT_TO_RIGHT,OUTSIDE_RIGHT,,0
GOPR0311U20_trajectories_dynamic.json,410,0.130306,0.850860,-0.450333,0.389740,RIGHT_TO_LEFT,OUTSIDE_LEFT,,0
GOPR0311U20_trajectories_dynamic.json,431,0.590645,0.979383,0.438000,0.385547,LEFT_TO_RIGHT,INSIDE_MOVING_RIGHT,0.000000,0
GOPR0311U20_trajectories_dynamic.json,448,0.913453,0.883472,0.751567,0.248356,LEFT_TO_RIGHT,OUTSIDE_RIGHT,,0
GOPR0311U20_trajectories_dynamic.json,449,0.819770,0.827413,0.766893,0.332211,LEFT_TO_RIGHT,OUTSIDE_RIGHT,,0
GOPR0311U20_trajectories_dynamic.json,460,0.877805,0.729542,0.728827,0.179687,LEFT_TO_RIGHT,OUTSIDE_RIGHT,,0
GOPR0311U20_trajectories_dynamic.json,481,0.913438,0.950454,1.081517,0.356479,LEFT_TO_RIGHT,OUTSIDE_RIGHT,,1
GOPR0311U20_trajectories_dynamic.json,483,0.865563,0.968542,0.964671,0.177785,LEFT_TO_RIGHT,OUTSIDE_RIGHT,,4
GOPR0312U20_trajectories_dynamic.json,1,0.089663,0.676994,-0.480183,0.110658,RIGHT_TO_LEFT,OUTSIDE_LEFT,,0
GOPR0312U20_trajectories_dynamic.json,13,0.228099,0.597476,-0.106163,0.013299,LEFT_TO_RIGHT,OUTSIDE_LEFT,,
GOPR0312U20_trajectories_dynamic.json,18,0.758650,0.830915,0.195221,0.426779,LEFT_TO_RIGHT,OUTSIDE_RIGHT,,10
GOPR0312U20_trajectories_dynamic.json,39,0.733205,0.964941,0.360746,0.310713,LEFT_TO_RIGHT,OUTSIDE_RIGHT,,0
GOPR0312U20_trajectories_dynamic.json,62,0.707736,0.803842,-0.118745,0.094422,RIGHT_TO_LEFT,APPROACHING_FROM_RIGHT,0.486217,
GOPR0312U20_trajectories_dynamic.json,78,0.115140,0.917818,-0.830154,0.341899,RIGHT_TO_LEFT,OUTSIDE_LEFT,,0
GOPR0312U20_trajectories_dynamic.json,88,0.808516,0.948631,0.658474,0.421456,LEFT_TO_RIGHT,OUTSIDE_RIGHT,,0
GOPR0312U20_trajectories_dynamic.json,97,0.100810,0.789292,-0.501310,0.251086,RIGHT_TO_LEFT,OUTSIDE_LEFT,,0
GOPR0312U20_trajectories_dynamic.json,104,0.801446,0.724181,0.374779,0.114335,LEFT_TO_RIGHT,OUTSIDE_RIGHT,,0
GOPR0312U20_trajectories_dynamic.json,114,0.310599,0.997476,0.132270,0.529655,RIGHT_TO_LEFT,APPROACHING_FROM_LEFT,0.297885,
GOPR0312U20_trajectories_dynamic.json,138,0.878820,0.894322,0.455149,0.509178,LEFT_TO_RIGHT,OUTSIDE_RIGHT,,0
GOPR0312U20_trajectories_dynamic.json,144,0.137495,0.865376,-0.302416,0.282259,RIGHT_TO_LEFT,OUTSIDE_LEFT,,0
GOPR0312U20_trajectories_dynamic.json,157,0.912402,0.868984,0.577469,0.225991,LEFT_TO_RIGHT,OUTSIDE_RIGHT,,0
GOPR0312U20_trajectories_dynamic.json,166,0.116091,0.753036,-0.248393,0.103029,RIGHT_TO_LEFT,OUTSIDE_LEFT,,
GOPR0312U20_trajectories_dynamic.json,170,0.848297,1.000000,0.702584,0.550505,LEFT_TO_RIGHT,OUTSIDE_RIGHT,,0
GOPR0312U20_trajectories_dynamic.json,181,0.765778,1.000000,0.528523,0.602876,LEFT_TO_RIGHT,OUTSIDE_RIGHT,,0
GOPR0312U20_trajectories_dynamic.json,199,0.813641,0.955887,0.479404,0.612816,LEFT_TO_RIGHT,OUTSIDE_RIGHT,,0
GOPR0312U20_trajectories_dynamic.json,200,0.886988,0.843676,0.509865,0.383890,LEFT_TO_RIGHT,OUTSIDE_RIGHT,,0
GOPR0312U20_trajectories_dynamic.json,236,0.114006,0.789262,-0.601779,0.203638,RIGHT_TO_LEFT,OUTSIDE_LEFT,,0
GOPR0312U20_trajectories_dynamic.json,312,0.591642,0.735067,0.253329,0.109747,LEFT_TO_RIGHT,INSIDE_MOVING_RIGHT,0.000000,7
GOPR0312U20_trajectories_dynamic.json,317,0.228107,0.914203,-0.419092,0.492663,LEFT_TO_RIGHT,OUTSIDE_LEFT,,5
GOPR0312U20_trajectories_dynamic.json,324,0.458229,0.872626,-0.300447,-0.289312,VERTICAL,INSIDE_MOVING_LEFT,0.000000,0
GOPR0312U20_trajectories_dynamic.json,334,0.542751,0.765744,-0.282323,0.000877,VERTICAL,INSIDE_MOVING_LEFT,0.000000,0
GOPR0312U20_trajectories_dynamic.json,339,0.224013,0.897969,-0.520457,0.443797,RIGHT_TO_LEFT,OUTSIDE_LEFT,,0
GOPR0312U20_trajectories_dynamic.json,345,0.673103,0.704214,-0.080229,-0.008861,RIGHT_TO_LEFT,APPROACHING_FROM_RIGHT,0.287964,
GOPR0312U20_trajectories_dynamic.json,353,0.226077,0.856277,-0.381756,0.339236,RIGHT_TO_LEFT,OUTSIDE_LEFT,,0
GOPR0312U20_trajectories_dynamic.json,359,0.790248,0.776667,0.691721,-0.017650,LEFT_TO_RIGHT,OUTSIDE_RIGHT,,0
GOPR0312U20_trajectories_dynamic.json,389,0.869660,0.823735,0.778762,0.466761,LEFT_TO_RIGHT,OUTSIDE_RIGHT,,0
GOPR0312U20_trajectories_dynamic.json,397,0.219958,0.825531,-0.797129,0.449874,RIGHT_TO_LEFT,OUTSIDE_LEFT,,0
GOPR0312U20_trajectories_dynamic.json,409,0.336089,0.709692,-0.255694,0.251773,RIGHT_TO_LEFT,OUTSIDE_LEFT,,0
GOPR0312U20_trajectories_dynamic.json,476,0.112001,0.809204,-0.474460,0.367653,RIGHT_TO_LEFT,OUTSIDE_LEFT,,0
GOPR0312U20_trajectories_dynamic.json,488,0.936902,0.755065,0.284414,0.220342,LEFT_TO_RIGHT,OUTSIDE_RIGHT,,0
GOPR0312U20_trajectories_dynamic.json,490,0.061138,0.472516,-0.302022,0.027739,RIGHT_TO_LEFT,OUTSIDE_LEFT,,
GOPR0312U20_trajectories_dynamic.json,509,0.022939,0.637230,-0.243070,0.089534,RIGHT_TO_LEFT,OUTSIDE_LEFT,,
GOPR0312U20_trajectories_dynamic.json,543,0.806516,0.715096,0.183778,0.252405,LEFT_TO_RIGHT,OUTSIDE_RIGHT,,
GOPR0312U20_trajectories_dynamic.json,544,0.058057,0.702406,-0.547517,0.188948,RIGHT_TO_LEFT,OUTSIDE_LEFT,,0
GOPR0312U20_trajectories_dynamic.json,547,0.856477,0.812960,0.337077,0.215128,LEFT_TO_RIGHT,OUTSIDE_RIGHT,,0
GOPR0312U20_trajectories_dynamic.json,587,0.117112,0.805615,-0.407266,0.273687,RIGHT_TO_LEFT,OUTSIDE_LEFT,,0
GOPR0312U20_trajectories_dynamic.json,590,0.086544,0.704206,-0.419237,0.166056,RIGHT_TO_LEFT,OUTSIDE_LEFT,,0
GOPR0312U20_trajectories_dynamic.json,617,0.176140,0.865334,-0.182164,0.122501,RIGHT_TO_LEFT,OUTSIDE_LEFT,,0
GOPR0312U20_trajectories_dynamic.json,648,0.038126,0.700597,-0.386817,0.080057,RIGHT_TO_LEFT,OUTSIDE_LEFT,,
GOPR0312U20_trajectories_dynamic.json,679,0.252566,0.807378,-0.154470,0.263526,RIGHT_TO_LEFT,OUTSIDE_LEFT,,0
GOPR0312U20_trajectories_dynamic.json,682,0.093699,0.662528,-0.291704,0.024108,RIGHT_TO_LEFT,OUTSIDE_LEFT,,0
GOPR0312U20_trajectories_dynamic.json,735,0.256586,0.874422,-0.297575,0.103642,RIGHT_TO_LEFT,OUTSIDE_LEFT,,2
GOPR0312U20_trajectories_dynamic.json,871,0.160920,0.858105,-0.395718,0.340062,RIGHT_TO_LEFT,OUTSIDE_LEFT,,4
GOPR0312U20_trajectories_dynamic.json,1000,0.157867,0.932308,-0.086786,0.602818,RIGHT_TO_LEFT,OUTSIDE_LEFT,,0
GOPR0312U20_trajectories_dynamic.json,1020,0.081470,0.693365,-0.350988,0.170098,RIGHT_TO_LEFT,OUTSIDE_LEFT,,
GOPR0312U20_trajectories_dynamic.json,1030,0.847258,0.975808,-0.013639,0.351022,LEFT_TO_RIGHT,OUTSIDE_RIGHT,14.463229,0
GOPR0312U20_trajectories_dynamic.json,1035,0.148689,0.782047,-0.415086,0.333547,RIGHT_TO_LEFT,OUTSIDE_LEFT,,11
GOPR0312U20_trajectories_dynamic.json,1067,0.169043,0.896123,-0.458285,0.377750,RIGHT_TO_LEFT,OUTSIDE_LEFT,,8
GOPR0312U20_trajectories_dynamic.json,1070,0.150743,0.756725,-0.429490,0.222078,RIGHT_TO_LEFT,OUTSIDE_LEFT,,0
GOPR0312U20_trajectories_dynamic.json,1082,0.540745,0.588421,0.020108,0.036422,LEFT_TO_RIGHT,INSIDE_STATIONARY,0.000000,0
GOPR0312U20_trajectories_dynamic.json,1085,0.113009,0.563006,-0.205334,0.057681,RIGHT_TO_LEFT,OUTSIDE_LEFT,,
GOPR0312U20_trajectories_dynamic.json,1167,0.346248,0.619116,-0.124081,0.093388,RIGHT_TO_LEFT,OUTSIDE_LEFT,,0
GOPR0312U20_trajectories_dynamic.json,1176,0.148706,0.992116,-0.421955,0.555443,RIGHT_TO_LEFT,OUTSIDE_LEFT,,0
GOPR0312U20_trajectories_dynamic.json,1214,0.100825,0.792918,-0.050150,0.208910,RIGHT_TO_LEFT,OUTSIDE_LEFT,,
GOPR0312U20_trajectories_dynamic.json,1260,0.920574,0.673454,0.442906,0.062178,LEFT_TO_RIGHT,OUTSIDE_RIGHT,,
GOPR0312U20_trajectories_dynamic.json,1271,0.785146,0.899788,0.705481,0.424100,LEFT_TO_RIGHT,OUTSIDE_RIGHT,,24
GOPR0312U20_trajectories_dynamic.json,1288,0.241321,0.825522,-0.570418,0.195177,LEFT_TO_RIGHT,OUTSIDE_LEFT,,7
GOPR0312U20_trajectories_dynamic.json,1335,0.837063,0.707852,0.216983,-0.008794,LEFT_TO_RIGHT,OUTSIDE_RIGHT,,4
GOPR0312U20_trajectories_dynamic.json,1340,0.757611,0.955892,0.159163,0.434228,LEFT_TO_RIGHT,OUTSIDE_RIGHT,,4
GOPR0312U20_trajectories_dynamic.json,1357,0.171064,0.932367,-0.604567,0.517439,RIGHT_TO_LEFT,OUTSIDE_LEFT,,0
GOPR0312U20_trajectories_dynamic.json,1388,0.107912,0.590160,-0.583113,-0.063810,RIGHT_TO_LEFT,OUTSIDE_LEFT,,0
GOPR0312U20_trajectories_dynamic.json,1393,0.750564,0.852720,0.097028,0.194043,LEFT_TO_RIGHT,OUTSIDE_RIGHT,,3
GOPR0312U20_trajectories_dynamic.json,1425,0.039719,0.626442,-0.524863,-0.010090,RIGHT_TO_LEFT,OUTSIDE_LEFT,,0
GOPR0312U20_trajectories_dynamic.json,1445,0.387993,0.584727,0.069858,0.076034,VERTICAL,INSIDE_MOVING_RIGHT,0.000000,0
GOPR0312U20_trajectories_dynamic.json,1453,0.919605,0.628269,0.345993,0.158269,LEFT_TO_RIGHT,OUTSIDE_RIGHT,,
GOPR0312U20_trajectories_dynamic.json,1462,0.260746,0.992067,-0.249534,0.672077,RIGHT_TO_LEFT,OUTSIDE_LEFT,,0
GOPR0312U20_trajectories_dynamic.json,1481,0.297411,0.619231,-0.114050,0.032764,RIGHT_TO_LEFT,OUTSIDE_LEFT,,0
GOPR0312U20_trajectories_dynamic.json,1508,0.860508,0.760372,0.513370,0.188171,LEFT_TO_RIGHT,OUTSIDE_RIGHT,,0
GOPR0312U20_trajectories_dynamic.json,1530,0.829930,0.881635,0.448240,0.420033,LEFT_TO_RIGHT,OUTSIDE_RIGHT,,0
GOPR0312U20_trajectories_dynamic.json,1557,0.087536,0.684354,-0.214552,0.038118,RIGHT_TO_LEFT,OUTSIDE_LEFT,,7
GOPR0312U20_trajectories_dynamic.json,1572,0.094683,0.765837,-0.382553,0.336473,RIGHT_TO_LEFT,OUTSIDE_LEFT,,0
GOPR0312U20_trajectories_dynamic.json,1582,0.733242,0.963085,0.190576,0.656882,LEFT_TO_RIGHT,OUTSIDE_RIGHT,,0
GOPR0312U20_trajectories_dynamic.json,1704,0.056982,0.597428,-0.370372,-0.024894,RIGHT_TO_LEFT,OUTSIDE_LEFT,,0
GOPR0312U20_trajectories_dynamic.json,1719,0.043818,0.588398,-0.802191,-0.004209,RIGHT_TO_LEFT,OUTSIDE_LEFT,,4
GOPR0312U20_trajectories_dynamic.json,1747,0.872750,1.000000,0.700892,0.621385,LEFT_TO_RIGHT,OUTSIDE_RIGHT,,0
GOPR0312U20_trajectories_dynamic.json,1751,0.789211,0.870808,0.452742,0.439988,LEFT_TO_RIGHT,OUTSIDE_RIGHT,,0
GOPR0312U20_trajectories_dynamic.json,1772,0.180213,0.867143,-0.280606,0.288082,RIGHT_TO_LEFT,OUTSIDE_LEFT,,0
GOPR0312U20_trajectories_dynamic.json,1924,0.177195,0.711518,-0.529053,0.170047,RIGHT_TO_LEFT,OUTSIDE_LEFT,,0
GOPR0312U20_trajectories_dynamic.json,1979,0.173121,0.868994,-0.612724,0.137798,RIGHT_TO_LEFT,OUTSIDE_LEFT,,0
GOPR0312U20_trajectories_dynamic.json,1995,0.210718,0.823679,-0.523889,0.385946,RIGHT_TO_LEFT,OUTSIDE_LEFT,,0
GOPR0312U20_trajectories_dynamic.json,2010,0.246455,0.894334,-0.406116,0.406478,RIGHT_TO_LEFT,OUTSIDE_LEFT,,0
GOPR0312U20_trajectories_dynamic.json,2076,0.276980,0.874417,-0.656008,0.191655,RIGHT_TO_LEFT,OUTSIDE_LEFT,,0
GOPR0312U20_trajectories_dynamic.json,2091,0.201660,0.847291,-0.238581,0.426176,RIGHT_TO_LEFT,OUTSIDE_LEFT,,0
GOPR0312U20_trajectories_dynamic.json,2105,0.062113,0.666196,-0.533514,0.050371,RIGHT_TO_LEFT,OUTSIDE_LEFT,,0
GOPR0312U20_trajectories_dynamic.json,2111,0.066215,0.783892,-0.378258,0.199132,RIGHT_TO_LEFT,OUTSIDE_LEFT,,0
GOPR0312U20_trajectories_dynamic.json,2116,0.809523,0.930501,0.329926,0.498908,LEFT_TO_RIGHT,OUTSIDE_RIGHT,,0
GOPR0312U20_trajectories_dynamic.json,2120,0.436834,0.646206,0.026020,0.148345,RIGHT_TO_LEFT,INSIDE_STATIONARY,0.000000,0
GOPR0312U20_trajectories_dynamic.json,2122,0.749489,0.921502,0.349021,0.524485,LEFT_TO_RIGHT,OUTSIDE_RIGHT,,0
GOPR0312U20_trajectories_dynamic.json,2157,0.546813,0.629981,0.182870,0.003751,LEFT_TO_RIGHT,INSIDE_MOVING_RIGHT,0.000000,9
GOPR0312U20_trajectories_dynamic.json,2164,0.625225,0.733205,0.236608,0.203929,LEFT_TO_RIGHT,INSIDE_MOVING_RIGHT,0.000000,5
GOPR0312U20_trajectories_dynamic.json,2193,0.501974,0.559378,0.184363,-0.024519,LEFT_TO_RIGHT,INSIDE_MOVING_RIGHT,0.000000,19
GOPR0312U20_trajectories_dynamic.json,2194,0.034115,0.633615,-0.439472,-0.036334,RIGHT_TO_LEFT,OUTSIDE_LEFT,,
GOPR0312U20_trajectories_dynamic.json,2196,0.154786,0.794774,-0.193611,0.324764,RIGHT_TO_LEFT,OUTSIDE_LEFT,,
GOPR0312U20_trajectories_dynamic.json,2200,0.267771,0.753092,-0.174630,0.120880,RIGHT_TO_LEFT,OUTSIDE_LEFT,,0
GOPR0312U20_trajectories_dynamic.json,2273,0.162969,0.651685,-0.415120,0.100351,RIGHT_TO_LEFT,OUTSIDE_LEFT,,0
GOPR0312U20_trajectories_dynamic.json,2345,0.922645,0.754972,0.204302,0.101961,LEFT_TO_RIGHT,OUTSIDE_RIGHT,,
GOPR0312U20_trajectories_dynamic.json,2389,0.798414,0.763994,0.242208,0.235616,LEFT_TO_RIGHT,OUTSIDE_RIGHT,,0
GOPR0312U20_trajectories_dynamic.json,2410,0.357462,0.725949,-0.226464,0.094295,RIGHT_TO_LEFT,INSIDE_MOVING_LEFT,0.000000,0
GOPR0312U20_trajectories_dynamic.json,2450,0.662939,0.975725,0.397932,0.616561,RIGHT_TO_LEFT,OUTSIDE_RIGHT,,13
GOPR0312U20_trajectories_dynamic.json,2469,0.217948,0.778469,-0.213465,0.139675,RIGHT_TO_LEFT,OUTSIDE_LEFT,,3
GOPR0312U20_trajectories_dynamic.json,2472,0.032080,0.785654,-0.619211,0.316266,RIGHT_TO_LEFT,OUTSIDE_LEFT,,0
GOPR0312U20_trajectories_dynamic.json,2488,0.046872,0.514133,-0.360748,0.064063,RIGHT_TO_LEFT,OUTSIDE_LEFT,,8
GOPR0312U20_trajectories_dynamic.json,2492,0.812648,0.807360,0.524516,0.403022,LEFT_TO_RIGHT,OUTSIDE_RIGHT,,0
GOPR0312U20_trajectories_dynamic.json,2512,0.075355,0.593863,0.098474,0.159115,RIGHT_TO_LEFT,APPROACHING_FROM_LEFT,2.789004,
GOPR0312U20_trajectories_dynamic.json,2532,0.182307,0.553921,-0.086313,-0.008219,RIGHT_TO_LEFT,OUTSIDE_LEFT,,
GOPR0312U20_trajectories_dynamic.json,2535,0.043813,0.662565,-0.182939,0.005126,RIGHT_TO_LEFT,OUTSIDE_LEFT,,
GOPR0313U20_trajectories_dynamic.json,0,0.239327,0.591902,0.151917,0.065907,RIGHT_TO_LEFT,APPROACHING_FROM_LEFT,0.728505,0
GOPR0313U20_trajectories_dynamic.json,1,0.148696,0.706065,-0.507562,0.176331,RIGHT_TO_LEFT,OUTSIDE_LEFT,,0
GOPR0313U20_trajectories_dynamic.json,2,0.209829,0.916027,-0.185241,0.409879,RIGHT_TO_LEFT,OUTSIDE_LEFT,,0
GOPR0313U20_trajectories_dynamic.json,13,0.061089,0.619201,-0.076776,-0.179256,RIGHT_TO_LEFT,OUTSIDE_LEFT,,
GOPR0313U20_trajectories_dynamic.json,15,0.797352,0.771197,0.360516,0.164005,LEFT_TO_RIGHT,OUTSIDE_RIGHT,,0
GOPR0313U20_trajectories_dynamic.json,26,0.086603,0.622825,-0.330921,0.248922,RIGHT_TO_LEFT,OUTSIDE_LEFT,,
GOPR0313U20_trajectories_dynamic.json,58,0.048946,0.557497,-0.203272,0.270664,RIGHT_TO_LEFT,OUTSIDE_LEFT,,
GOPR0313U20_trajectories_dynamic.json,98,0.841187,0.753068,0.253980,0.352652,RIGHT_TO_LEFT,OUTSIDE_RIGHT,,
GOPR0313U20_trajectories_dynamic.json,151,0.745427,1.000000,0.257782,0.579734,LEFT_TO_RIGHT,OUTSIDE_RIGHT,,0
GOPR0313U20_trajectories_dynamic.json,169,0.698524,0.836375,0.381080,0.320427,LEFT_TO_RIGHT,OUTSIDE_RIGHT,,0
GOPR0313U20_trajectories_dynamic.json,190,0.866594,0.778474,0.778891,0.514879,LEFT_TO_RIGHT,OUTSIDE_RIGHT,,0
GOPR0313U20_trajectories_dynamic.json,220,0.357456,0.593912,0.038489,0.083840,LEFT_TO_RIGHT,INSIDE_MOVING_RIGHT,0.000000,17
GOPR0313U20_trajectories_dynamic.json,277,0.058066,0.655356,-0.266792,0.002056,RIGHT_TO_LEFT,OUTSIDE_LEFT,,0
GOPR0313U20_trajectories_dynamic.json,614,0.306538,0.687996,-0.127501,0.017889,RIGHT_TO_LEFT,OUTSIDE_LEFT,,0
GOPR0313U20_trajectories_dynamic.json,678,0.917512,0.782146,0.231113,0.322637,LEFT_TO_RIGHT,OUTSIDE_RIGHT,,
GOPR0313U20_trajectories_dynamic.json,682,0.842176,1.000000,0.276793,0.449263,LEFT_TO_RIGHT,OUTSIDE_RIGHT,,0
GOPR0313U20_trajectories_dynamic.json,718,0.876770,0.954062,0.516786,0.403180,LEFT_TO_RIGHT,OUTSIDE_RIGHT,,0
GOPR0313U20_trajectories_dynamic.json,759,0.742350,0.736840,0.368877,0.149866,LEFT_TO_RIGHT,OUTSIDE_RIGHT,,0
GOPR0313U20_trajectories_dynamic.json,766,0.806533,0.917830,0.613229,0.280253,LEFT_TO_RIGHT,OUTSIDE_RIGHT,,2
GOPR0313U20_trajectories_dynamic.json,779,0.129338,0.693369,-0.713884,0.096837,RIGHT_TO_LEFT,OUTSIDE_LEFT,,0
GOPR0313U20_trajectories_dynamic.json,811,0.629357,0.707856,0.070779,-0.034639,VERTICAL,INSIDE_MOVING_RIGHT,0.000000,0
GOPR0313U20_trajectories_dynamic.json,886,0.831945,0.881671,0.270028,0.436607,LEFT_TO_RIGHT,OUTSIDE_RIGHT,,0
GOPR0313U20_trajectories_dynamic.json,888,0.462301,0.711504,-0.112454,0.083790,LEFT_TO_RIGHT,INSIDE_MOVING_LEFT,0.000000,2
GOPR0313U20_trajectories_dynamic.json,889,0.329920,0.988407,0.092286,-0.012647,LEFT_TO_RIGHT,APPROACHING_FROM_LEFT,0.217590,16
GOPR0313U20_trajectories_dynamic.json,899,0.740350,1.000000,0.295218,0.686447,LEFT_TO_RIGHT,OUTSIDE_RIGHT,,2
GOPR0313U20_trajectories_dynamic.json,946,0.762734,0.832756,0.647973,0.302084,LEFT_TO_RIGHT,OUTSIDE_RIGHT,,0
GOPR0313U20_trajectories_dynamic.json,981,0.705723,1.000000,0.491943,0.745912,LEFT_TO_RIGHT,OUTSIDE_RIGHT,,0
GOPR0313U20_trajectories_dynamic.json,986,0.358442,0.941438,0.070851,0.139906,VERTICAL,INSIDE_MOVING_RIGHT,0.000000,0
GOPR0313U20_trajectories_dynamic.json,1004,0.484700,0.986668,-0.237029,0.305772,VERTICAL,INSIDE_MOVING_LEFT,0.000000,0
GOPR0313U20_trajectories_dynamic.json,1012,0.570228,0.910602,0.466368,0.500764,LEFT_TO_RIGHT,INSIDE_MOVING_RIGHT,0.000000,0
GOPR0313U20_trajectories_dynamic.json,1027,0.658861,0.948616,0.621333,0.458369,LEFT_TO_RIGHT,OUTSIDE_RIGHT,,7
GOPR0313U20_trajectories_dynamic.json,1219,0.873766,0.863600,0.625679,0.396285,LEFT_TO_RIGHT,OUTSIDE_RIGHT,,0
GOPR0313U20_trajectories_dynamic.json,1224,0.766811,0.932383,0.423383,0.565076,LEFT_TO_RIGHT,OUTSIDE_RIGHT,,0
GOPR0313U20_trajectories_dynamic.json,1241,0.109961,0.660807,-0.291777,0.059338,RIGHT_TO_LEFT,OUTSIDE_LEFT,,0
GOPR0313U20_trajectories_dynamic.json,1248,0.119139,0.836370,-0.542620,0.334274,RIGHT_TO_LEFT,OUTSIDE_LEFT,,0
GOPR0313U20_trajectories_dynamic.json,1300,0.128358,0.635442,-0.382486,-0.011262,RIGHT_TO_LEFT,OUTSIDE_LEFT,,4
GOPR0313U20_trajectories_dynamic.json,1323,0.148655,0.653468,-0.293287,0.058617,RIGHT_TO_LEFT,OUTSIDE_LEFT,,0
GOPR0313U20_trajectories_dynamic.json,1324,0.186398,0.878015,-0.353655,0.337273,RIGHT_TO_LEFT,OUTSIDE_LEFT,,0
GOPR0313U20_trajectories_dynamic.json,1334,0.537723,0.840037,0.067469,0.493982,LEFT_TO_RIGHT,INSIDE_MOVING_RIGHT,0.000000,0
GOPR0313U20_trajectories_dynamic.json,1360,0.410395,0.575724,0.045866,-0.044076,LEFT_TO_RIGHT,INSIDE_MOVING_RIGHT,0.000000,0
GOPR0313U20_trajectories_dynamic.json,1369,0.863590,0.780206,0.411361,0.271296,LEFT_TO_RIGHT,OUTSIDE_RIGHT,,0
GOPR0313U20_trajectories_dynamic.json,1377,0.254634,1.000000,-0.261290,0.699102,RIGHT_TO_LEFT,OUTSIDE_LEFT,,0
GOPR0313U20_trajectories_dynamic.json,1403,0.245456,0.687928,-0.138279,0.110977,RIGHT_TO_LEFT,OUTSIDE_LEFT,,0
GOPR0313U20_trajectories_dynamic.json,1414,0.794260,0.923285,0.488231,0.482341,LEFT_TO_RIGHT,OUTSIDE_RIGHT,,0
GOPR0313U20_trajectories_dynamic.json,1420,0.265771,0.905176,-0.315913,0.670633,RIGHT_TO_LEFT,OUTSIDE_LEFT,,0
GOPR0313U20_trajectories_dynamic.json,1497,0.105909,0.827316,-0.046123,0.198186,RIGHT_TO_LEFT,OUTSIDE_LEFT,,1
GOPR0313U20_trajectories_dynamic.json,1530,0.641548,0.765764,0.291617,0.395661,VERTICAL,INSIDE_MOVING_RIGHT,0.000000,1
GOPR0313U20_trajectories_dynamic.json,1620,0.268762,0.606509,0.056521,0.161566,VERTICAL,APPROACHING_FROM_LEFT,1.437322,
GOPR0313U20_trajectories_dynamic.json,1629,0.285110,0.648099,0.010861,0.085114,LEFT_TO_RIGHT,OUTSIDE_LEFT,5.974462,
GOPR0313U20_trajectories_dynamic.json,1632,0.695497,0.897960,0.217107,0.402749,LEFT_TO_RIGHT,OUTSIDE_RIGHT,,0
GOPR0313U20_trajectories_dynamic.json,1737,0.876738,0.856333,0.775628,0.541581,LEFT_TO_RIGHT,OUTSIDE_RIGHT,,0
GOPR0313U20_trajectories_dynamic.json,1754,0.093699,0.738590,-0.557321,0.172434,RIGHT_TO_LEFT,OUTSIDE_LEFT,,
GOPR0313U20_trajectories_dynamic.json,1785,0.741343,0.722352,0.040375,-0.011853,LEFT_TO_RIGHT,OUTSIDE_RIGHT,,
GOPR0313U20_trajectories_dynamic.json,1840,0.164943,0.869003,-0.228350,0.281825,RIGHT_TO_LEFT,OUTSIDE_LEFT,,0
GOPR0313U20_trajectories_dynamic.json,1852,0.115091,0.727740,-0.189208,0.091826,RIGHT_TO_LEFT,OUTSIDE_LEFT,,0
GOPR0313U20_trajectories_dynamic.json,1862,0.063102,0.552113,-0.454091,-0.027255,RIGHT_TO_LEFT,OUTSIDE_LEFT,,
GOPR0313U20_trajectories_dynamic.json,1932,0.655821,0.968496,0.399627,0.639854,LEFT_TO_RIGHT,OUTSIDE_RIGHT,,0
GOPR0313U20_trajectories_dynamic.json,1968,0.098742,0.611860,-0.160656,0.021664,RIGHT_TO_LEFT,OUTSIDE_LEFT,,0
GOPR0313U20_trajectories_dynamic.json,1984,0.371688,0.592072,-0.224385,-0.067479,RIGHT_TO_LEFT,INSIDE_MOVING_LEFT,0.000000,0
GOPR0313U20_trajectories_dynamic.json,2013,0.853340,0.807418,0.277312,0.028942,LEFT_TO_RIGHT,OUTSIDE_RIGHT,,0
GOPR0313U20_trajectories_dynamic.json,2022,0.043256,0.715083,-0.188931,0.221370,RIGHT_TO_LEFT,OUTSIDE_LEFT,,0
GOPR0313U20_trajectories_dynamic.json,2032,0.864504,0.740442,0.452340,0.238099,LEFT_TO_RIGHT,OUTSIDE_RIGHT,,0
GOPR0313U20_trajectories_dynamic.json,2033,0.179286,0.849019,-0.319811,0.202682,RIGHT_TO_LEFT,OUTSIDE_LEFT,,0
GOPR0313U20_trajectories_dynamic.json,2048,0.803423,0.874430,0.416813,0.400168,LEFT_TO_RIGHT,OUTSIDE_RIGHT,,0
GOPR0313U20_trajectories_dynamic.json,2052,0.103871,0.668044,-0.433341,-0.115898,RIGHT_TO_LEFT,OUTSIDE_LEFT,,0
GOPR0313U20_trajectories_dynamic.json,2082,0.077403,0.579317,-0.402319,0.067748,RIGHT_TO_LEFT,OUTSIDE_LEFT,,0
GOPR0313U20_trajectories_dynamic.json,2087,0.034079,0.678833,-0.444922,0.051855,RIGHT_TO_LEFT,OUTSIDE_LEFT,,0
GOPR0313U20_trajectories_dynamic.json,2093,0.913430,0.693383,0.194368,0.055566,LEFT_TO_RIGHT,OUTSIDE_RIGHT,,
GOPR0313U20_trajectories_dynamic.json,2102,0.381840,0.570289,-0.014973,-0.028843,RIGHT_TO_LEFT,INSIDE_STATIONARY,0.000000,0
GOPR0313U20_trajectories_dynamic.json,2107,0.032052,0.682430,-0.434707,0.154714,RIGHT_TO_LEFT,OUTSIDE_LEFT,,0
GOPR0313U20_trajectories_dynamic.json,2127,0.797344,0.990237,0.186440,0.283922,LEFT_TO_RIGHT,OUTSIDE_RIGHT,,9
GOPR0313U20_trajectories_dynamic.json,2222,0.579417,0.845482,0.255400,0.204367,LEFT_TO_RIGHT,INSIDE_MOVING_RIGHT,0.000000,0
GOPR0313U20_trajectories_dynamic.json,2238,0.063141,0.780242,-0.472398,0.342996,RIGHT_TO_LEFT,OUTSIDE_LEFT,,0
GOPR0313U20_trajectories_dynamic.json,2253,0.672091,0.906956,0.204042,0.230061,LEFT_TO_RIGHT,OUTSIDE_RIGHT,,0
GOPR0313U20_trajectories_dynamic.json,2394,0.818750,0.961315,0.274641,0.396801,LEFT_TO_RIGHT,OUTSIDE_RIGHT,,0
GOPR0313U20_trajectories_dynamic.json,2481,0.790185,0.955876,0.273721,0.277437,LEFT_TO_RIGHT,OUTSIDE_RIGHT,,0
GOPR0313U20_trajectories_dynamic.json,2500,0.790174,0.861726,0.607014,0.459904,LEFT_TO_RIGHT,OUTSIDE_RIGHT,,0
GOPR0313U20_trajectories_dynamic.json,2544,0.805508,0.753129,0.675190,0.228042,LEFT_TO_RIGHT,OUTSIDE_RIGHT,,0
GOPR0313U20_trajectories_dynamic.json,2569,0.904297,0.858050,0.423087,0.296960,LEFT_TO_RIGHT,OUTSIDE_RIGHT,,8
GOPR0313U20_trajectories_dynamic.json,2579,0.036652,0.564888,-0.446442,0.015496,RIGHT_TO_LEFT,OUTSIDE_LEFT,,
GOPR0313U20_trajectories_dynamic.json,2600,0.375788,0.615490,-0.217504,-0.024960,RIGHT_TO_LEFT,INSIDE_MOVING_LEFT,0.000000,0
GOPR0313U20_trajectories_dynamic.json,2624,0.042227,0.682531,-0.457023,0.129688,RIGHT_TO_LEFT,OUTSIDE_LEFT,,
GOPR0313U20_trajectories_dynamic.json,2627,0.111000,0.780231,-0.486215,0.170340,RIGHT_TO_LEFT,OUTSIDE_LEFT,,0
GOPR0313U20_trajectories_dynamic.json,2667,0.083487,0.736787,-0.508827,0.181958,RIGHT_TO_LEFT,OUTSIDE_LEFT,,0
GOPR0313U20_trajectories_dynamic.json,2682,0.075390,0.653561,-0.091128,-0.065431,RIGHT_TO_LEFT,OUTSIDE_LEFT,,0
GOPR0313U20_trajectories_dynamic.json,2695,0.158836,0.774790,-0.454400,-0.054719,RIGHT_TO_LEFT,OUTSIDE_LEFT,,0
GOPR0313U20_trajectories_dynamic.json,2734,0.217977,1.000000,-0.234844,0.446558,RIGHT_TO_LEFT,OUTSIDE_LEFT,,0
GOPR0313U20_trajectories_dynamic.json,2780,0.283147,0.557606,0.160197,0.009677,LEFT_TO_RIGHT,APPROACHING_FROM_LEFT,0.417319,
GOPR0313U20_trajectories_dynamic.json,2833,0.077409,0.608261,-0.313301,0.109590,RIGHT_TO_LEFT,OUTSIDE_LEFT,,3
GOPR0313U20_trajectories_dynamic.json,2835,0.089584,0.539564,-0.246400,0.016771,RIGHT_TO_LEFT,OUTSIDE_LEFT,,
GOPR0313U20_trajectories_dynamic.json,2854,0.520386,0.668002,-0.035494,0.138134,RIGHT_TO_LEFT,INSIDE_MOVING_LEFT,0.000000,0
GOPR0313U20_trajectories_dynamic.json,2855,0.095716,0.720515,-0.748667,0.218539,RIGHT_TO_LEFT,OUTSIDE_LEFT,,0
GOPR0313U20_trajectories_dynamic.json,2885,0.099802,0.769422,-0.666570,0.231251,RIGHT_TO_LEFT,OUTSIDE_LEFT,,0
GOPR0313U20_trajectories_dynamic.json,2901,0.791258,0.923285,0.482735,0.639465,LEFT_TO_RIGHT,OUTSIDE_RIGHT,,0
GOPR0313U20_trajectories_dynamic.json,2922,0.111026,0.635384,-0.450699,0.197377,RIGHT_TO_LEFT,OUTSIDE_LEFT,,
GOPR0313U20_trajectories_dynamic.json,2964,0.027494,0.897942,-0.750757,0.445567,RIGHT_TO_LEFT,OUTSIDE_LEFT,,0
GOPR0313U20_trajectories_dynamic.json,2970,0.909293,0.718742,0.300103,0.106176,LEFT_TO_RIGHT,OUTSIDE_RIGHT,,7
GOPR0313U20_trajectories_dynamic.json,2980,0.089618,0.787495,-0.229546,0.201294,RIGHT_TO_LEFT,OUTSIDE_LEFT,,0
GOPR0313U20_trajectories_dynamic.json,2994,0.104824,0.830988,-0.334924,0.204737,RIGHT_TO_LEFT,OUTSIDE_LEFT,,0
GOPR0313U20_trajectories_dynamic.json,3013,0.774966,0.879888,0.287734,0.430801,LEFT_TO_RIGHT,OUTSIDE_RIGHT,,0
GOPR0313U20_trajectories_dynamic.json,3025,0.897145,0.731392,0.533806,0.284932,LEFT_TO_RIGHT,OUTSIDE_RIGHT,,0
GOPR0313U20_trajectories_dynamic.json,3028,0.057034,0.718699,-0.092603,0.051372,RIGHT_TO_LEFT,OUTSIDE_LEFT,,9
GOPR0313U20_trajectories_dynamic.json,3030,0.069226,0.621033,-0.182749,0.076821,RIGHT_TO_LEFT,OUTSIDE_LEFT,,
GOPR0313U20_trajectories_dynamic.json,3032,0.816699,0.749463,0.338803,0.180383,LEFT_TO_RIGHT,OUTSIDE_RIGHT,,0
GOPR0313U20_trajectories_dynamic.json,3039,0.772901,0.973935,0.023963,0.295577,LEFT_TO_RIGHT,OUTSIDE_RIGHT,,0
GOPR0313U20_trajectories_dynamic.json,3047,0.278008,0.591917,-0.299417,-0.043091,RIGHT_TO_LEFT,OUTSIDE_LEFT,,0
GOPR0313U20_trajectories_dynamic.json,3055,0.249463,0.992047,-0.296391,0.662653,RIGHT_TO_LEFT,OUTSIDE_LEFT,,0
GOPR0313U20_trajectories_dynamic.json,3065,0.186427,0.577524,-0.040820,-0.051421,RIGHT_TO_LEFT,OUTSIDE_LEFT,,
GOPR0313U20_trajectories_dynamic.json,3102,0.044784,0.725993,-0.170842,0.141687,RIGHT_TO_LEFT,OUTSIDE_LEFT,,
GOPR0313U20_trajectories_dynamic.json,3109,0.326920,0.727754,-0.232233,0.272441,RIGHT_TO_LEFT,OUTSIDE_LEFT,,0
GOPR0313U20_trajectories_dynamic.json,3118,0.879797,0.776585,0.367276,0.295020,LEFT_TO_RIGHT,OUTSIDE_RIGHT,,0
GOPR0313U20_trajectories_dynamic.json,3199,0.084488,0.733130,-0.596014,0.168095,RIGHT_TO_LEFT,OUTSIDE_LEFT,,0
GOPR0313U20_trajectories_dynamic.json,3212,0.147654,0.782110,-0.563219,0.386412,RIGHT_TO_LEFT,OUTSIDE_LEFT,,0
GOPR0313U20_trajectories_dynamic.json,3229,0.623221,0.727742,0.271484,0.224956,LEFT_TO_RIGHT,INSIDE_MOVING_RIGHT,0.000000,0
GOPR0313U20_trajectories_dynamic.json,3239,0.106913,0.515941,-0.599096,-0.171891,RIGHT_TO_LEFT,OUTSIDE_LEFT,,0
GOPR0313U20_trajectories_dynamic.json,3270,0.051948,0.649949,-0.068218,0.145400,RIGHT_TO_LEFT,OUTSIDE_LEFT,,
GOPR0313U20_trajectories_dynamic.json,3272,0.925648,0.803730,0.176571,0.072282,LEFT_TO_RIGHT,OUTSIDE_RIGHT,,0
GOPR0313U20_trajectories_dynamic.json,3275,0.749473,0.696949,0.147876,0.017915,LEFT_TO_RIGHT,OUTSIDE_RIGHT,,0
GOPR0313U20_trajectories_dynamic.json,3281,0.337090,0.887044,0.273258,0.034375,RIGHT_TO_LEFT,APPROACHING_FROM_LEFT,0.047245,0
GOPR0313U20_trajectories_dynamic.json,3290,0.123196,0.778452,-0.128133,0.112696,RIGHT_TO_LEFT,OUTSIDE_LEFT,,0
GOPR0313U20_trajectories_dynamic.json,3333,0.876820,0.809192,0.409035,0.290689,LEFT_TO_RIGHT,OUTSIDE_RIGHT,,2
GOPR0313U20_trajectories_dynamic.json,3334,0.855395,0.765776,0.364975,0.139930,LEFT_TO_RIGHT,OUTSIDE_RIGHT,,0
GOPR0313U20_trajectories_dynamic.json,3335,0.647613,0.887090,0.201848,0.530019,LEFT_TO_RIGHT,INSIDE_MOVING_RIGHT,0.000000,0
GOPR0313U20_trajectories_dynamic.json,3378,0.047336,0.695146,-0.541652,0.125528,RIGHT_TO_LEFT,OUTSIDE_LEFT,,3
GOPR0313U20_trajectories_dynamic.json,3380,0.118151,0.876203,-0.519229,0.312259,RIGHT_TO_LEFT,OUTSIDE_LEFT,,0
GOPR0313U20_trajectories_dynamic.json,3396,0.367675,0.642662,0.064817,0.130075,RIGHT_TO_LEFT,INSIDE_MOVING_RIGHT,0.000000,0
GOPR0314U20_trajectories_dynamic.json,55,0.040207,0.696953,-0.584862,0.079864,RIGHT_TO_LEFT,OUTSIDE_LEFT,,0
GOPR0314U20_trajectories_dynamic.json,57,0.224019,0.801954,-0.370975,0.307165,RIGHT_TO_LEFT,OUTSIDE_LEFT,,0
GOPR0314U20_trajectories_dynamic.json,74,0.121233,0.667995,-0.291102,0.178684,RIGHT_TO_LEFT,OUTSIDE_LEFT,,0
GOPR0314U20_trajectories_dynamic.json,78,0.120136,0.774843,-0.387265,0.143314,RIGHT_TO_LEFT,OUTSIDE_LEFT,,0
GOPR0314U20_trajectories_dynamic.json,101,0.879840,0.820078,0.347018,0.246426,LEFT_TO_RIGHT,OUTSIDE_RIGHT,,0
GOPR0314U20_trajectories_dynamic.json,131,0.480653,0.628243,-0.005871,0.113808,VERTICAL,INSIDE_STATIONARY,0.000000,0
GOPR0314U20_trajectories_dynamic.json,135,0.726069,0.693381,0.236681,0.005217,LEFT_TO_RIGHT,OUTSIDE_RIGHT,,0
GOPR0314U20_trajectories_dynamic.json,153,0.615073,0.834548,0.503737,0.364466,LEFT_TO_RIGHT,INSIDE_MOVING_RIGHT,0.000000,2
GOPR0314U20_trajectories_dynamic.json,168,0.906305,0.716871,0.290741,0.148200,LEFT_TO_RIGHT,OUTSIDE_RIGHT,,0
GOPR0314U20_trajectories_dynamic.json,178,0.348268,0.724110,0.158161,0.162929,RIGHT_TO_LEFT,APPROACHING_FROM_LEFT,0.010949,0
GOPR0315U20_trajectories_dynamic.json,9,0.632411,0.925025,0.129124,0.528833,LEFT_TO_RIGHT,INSIDE_MOVING_RIGHT,0.000000,0
GOPR0315U20_trajectories_dynamic.json,49,0.797357,0.930528,0.385809,0.590731,LEFT_TO_RIGHT,OUTSIDE_RIGHT,,0
GOPR0315U20_trajectories_dynamic.json,57,0.059047,0.572088,-0.197916,0.003454,RIGHT_TO_LEFT,OUTSIDE_LEFT,,
GOPR0315U20_trajectories_dynamic.json,68,0.224041,0.734990,-0.345222,0.256417,RIGHT_TO_LEFT,OUTSIDE_LEFT,,0
GOPR0315U20_trajectories_dynamic.json,74,0.753573,0.749403,0.249371,0.168131,LEFT_TO_RIGHT,OUTSIDE_RIGHT,,0
GOPR0315U20_trajectories_dynamic.json,89,0.715884,0.657239,-0.018140,-0.006171,LEFT_TO_RIGHT,OUTSIDE_RIGHT,3.631914,0
GOPR0315U20_trajectories_dynamic.json,91,0.255570,0.677042,-0.338869,0.115900,RIGHT_TO_LEFT,OUTSIDE_LEFT,,0
GOPR0315U20_trajectories_dynamic.json,119,0.080436,0.729606,0.013862,0.197375,RIGHT_TO_LEFT,OUTSIDE_LEFT,19.446304,
GOPR0315U20_trajectories_dynamic.json,121,0.742368,0.838163,0.476005,0.374098,LEFT_TO_RIGHT,OUTSIDE_RIGHT,,3
GOPR0315U20_trajectories_dynamic.json,129,0.762720,0.899733,0.632428,0.445855,LEFT_TO_RIGHT,OUTSIDE_RIGHT,,1
GOPR0315U20_trajectories_dynamic.json,130,0.789205,0.892535,0.049350,0.321259,LEFT_TO_RIGHT,OUTSIDE_RIGHT,,12
GOPR0315U20_trajectories_dynamic.json,146,0.091626,0.673398,-0.511096,0.003754,RIGHT_TO_LEFT,OUTSIDE_LEFT,,0
GOPR0315U20_trajectories_dynamic.json,233,0.115023,0.760311,-0.573528,0.311314,RIGHT_TO_LEFT,OUTSIDE_LEFT,,0
GOPR0315U20_trajectories_dynamic.json,336,0.050938,0.711435,-0.553211,0.152888,RIGHT_TO_LEFT,OUTSIDE_LEFT,,11
GOPR0315U20_trajectories_dynamic.json,361,0.105957,0.731326,-0.471278,0.056396,RIGHT_TO_LEFT,OUTSIDE_LEFT,,0
GOPR0315U20_trajectories_dynamic.json,372,0.028966,0.678883,-0.273234,0.085617,RIGHT_TO_LEFT,OUTSIDE_LEFT,,0
GOPR0315U20_trajectories_dynamic.json,425,0.084509,0.711519,-0.126929,0.066822,LEFT_TO_RIGHT,OUTSIDE_LEFT,,
GOPR0315U20_trajectories_dynamic.json,427,0.299418,0.830918,-0.317431,0.334712,VERTICAL,OUTSIDE_LEFT,,3
GOPR0315U20_trajectories_dynamic.json,527,0.195496,0.812849,-0.475356,0.103758,LEFT_TO_RIGHT,OUTSIDE_LEFT,,13
GOPR0315U20_trajectories_dynamic.json,579,0.122166,0.821856,-0.529662,0.063856,RIGHT_TO_LEFT,OUTSIDE_LEFT,,0
GOPR0315U20_trajectories_dynamic.json,620,0.492893,0.660774,0.230648,0.057795,LEFT_TO_RIGHT,INSIDE_MOVING_RIGHT,0.000000,16
GOPR0315U20_trajectories_dynamic.json,646,0.016263,0.521376,-0.509944,-0.105349,RIGHT_TO_LEFT,OUTSIDE_LEFT,,
GOPR0315U20_trajectories_dynamic.json,654,0.828922,0.818360,0.660615,0.371074,LEFT_TO_RIGHT,OUTSIDE_RIGHT,,0
GOPR0315U20_trajectories_dynamic.json,688,0.935840,0.754942,0.338788,0.164968,LEFT_TO_RIGHT,OUTSIDE_RIGHT,,7
GOPR0315U20_trajectories_dynamic.json,723,0.038173,0.648115,-0.670416,0.039984,RIGHT_TO_LEFT,OUTSIDE_LEFT,,0
GOPR0315U20_trajectories_dynamic.json,724,0.184263,0.905206,-0.184661,0.443723,RIGHT_TO_LEFT,OUTSIDE_LEFT,,0
GOPR0315U20_trajectories_dynamic.json,777,0.072328,0.666240,-0.512795,0.096825,RIGHT_TO_LEFT,OUTSIDE_LEFT,,0
GOPR0315U20_trajectories_dynamic.json,785,0.258607,0.845418,-0.351610,0.496876,RIGHT_TO_LEFT,OUTSIDE_LEFT,,0
GOPR0315U20_trajectories_dynamic.json,815,0.710824,0.952201,0.206744,0.575377,LEFT_TO_RIGHT,OUTSIDE_RIGHT,,0
GOPR0315U20_trajectories_dynamic.json,840,0.685338,1.000000,0.318907,0.788712,LEFT_TO_RIGHT,OUTSIDE_RIGHT,,0
GOPR0315U20_trajectories_dynamic.json,872,0.740373,0.970326,0.326436,0.415734,LEFT_TO_RIGHT,OUTSIDE_RIGHT,,0
GOPR0315U20_trajectories_dynamic.json,876,0.618157,0.854517,-0.085484,-0.017745,LEFT_TO_RIGHT,INSIDE_MOVING_LEFT,0.000000,45
GOPR0315U20_trajectories_dynamic.json,877,0.690425,0.973949,0.424284,0.513215,LEFT_TO_RIGHT,OUTSIDE_RIGHT,,3
GOPR0315U20_trajectories_dynamic.json,897,0.083547,0.608293,-0.033104,-0.002953,RIGHT_TO_LEFT,OUTSIDE_LEFT,,
GOPR0315U20_trajectories_dynamic.json,976,0.121182,0.850894,-0.143976,0.052604,RIGHT_TO_LEFT,OUTSIDE_LEFT,,0
GOPR0315U20_trajectories_dynamic.json,983,0.254562,0.901567,0.027549,-0.154190,RIGHT_TO_LEFT,OUTSIDE_LEFT,3.464325,0
GOPR0315U20_trajectories_dynamic.json,989,0.583512,0.796643,0.174935,-0.330780,RIGHT_TO_LEFT,INSIDE_MOVING_RIGHT,0.000000,0
GOPR0315U20_trajectories_dynamic.json,993,0.293273,0.830999,-0.356642,-0.014256,RIGHT_TO_LEFT,OUTSIDE_LEFT,,0
GOPR0315U20_trajectories_dynamic.json,1045,0.210779,0.646270,-0.129877,-0.116051,RIGHT_TO_LEFT,OUTSIDE_LEFT,,0
GOPR0315U20_trajectories_dynamic.json,1114,0.253586,0.845462,-0.161220,0.167997,LEFT_TO_RIGHT,OUTSIDE_LEFT,,8
GOPR0315U20_trajectories_dynamic.json,1232,0.828895,0.801993,0.360086,0.334244,LEFT_TO_RIGHT,OUTSIDE_RIGHT,,0
GOPR0315U20_trajectories_dynamic.json,1301,0.839109,0.729584,0.293578,0.124881,LEFT_TO_RIGHT,OUTSIDE_RIGHT,,0
GOPR0315U20_trajectories_dynamic.json,1310,0.125248,0.742247,-0.451728,0.288746,RIGHT_TO_LEFT,OUTSIDE_LEFT,,0
GOPR0315U20_trajectories_dynamic.json,1311,0.859461,0.858115,0.399167,0.351471,LEFT_TO_RIGHT,OUTSIDE_RIGHT,,0
GOPR0315U20_trajectories_dynamic.json,1353,0.021893,0.595657,0.033299,0.076607,RIGHT_TO_LEFT,APPROACHING_FROM_LEFT,9.853234,
GOPR0315U20_trajectories_dynamic.json,1418,0.246450,0.599201,-0.106305,0.014631,RIGHT_TO_LEFT,OUTSIDE_LEFT,,0
GOPR0315U20_trajectories_dynamic.json,1422,0.286125,0.872586,-0.156440,0.480379,RIGHT_TO_LEFT,OUTSIDE_LEFT,,0
GOPR0315U20_trajectories_dynamic.json,1432,0.691488,0.975781,0.229665,0.648002,LEFT_TO_RIGHT,OUTSIDE_RIGHT,,0
GOPR0315U20_trajectories_dynamic.json,1457,0.044753,0.687910,-0.103470,0.128255,RIGHT_TO_LEFT,OUTSIDE_LEFT,,0
GOPR0315U20_trajectories_dynamic.json,1458,0.025938,0.501449,-0.124214,-0.132996,RIGHT_TO_LEFT,OUTSIDE_LEFT,,0
GOPR0315U20_trajectories_dynamic.json,1459,0.033071,0.606465,-0.110602,0.130864,RIGHT_TO_LEFT,OUTSIDE_LEFT,,
GOPR0315U20_trajectories_dynamic.json,1487,0.747452,0.874439,0.451471,0.508847,LEFT_TO_RIGHT,OUTSIDE_RIGHT,,0
GOPR0315U20_trajectories_dynamic.json,1491,0.022863,0.532306,-0.240488,0.040735,RIGHT_TO_LEFT,OUTSIDE_LEFT,,
GOPR0315U20_trajectories_dynamic.json,1497,0.052412,0.678840,-0.605376,0.216704,RIGHT_TO_LEFT,OUTSIDE_LEFT,,0
GOPR0315U20_trajectories_dynamic.json,1500,0.821762,0.769383,0.330842,0.250907,LEFT_TO_RIGHT,OUTSIDE_RIGHT,,0
GOPR0315U20_trajectories_dynamic.json,1510,0.768872,0.725888,-0.008016,0.188037,RIGHT_TO_LEFT,OUTSIDE_RIGHT,14.828618,
GOPR0315U20_trajectories_dynamic.json,1515,0.307512,0.617242,-0.206507,0.034192,RIGHT_TO_LEFT,OUTSIDE_LEFT,,0
GOPR0315U20_trajectories_dynamic.json,1637,0.725061,0.939587,0.684959,0.606328,LEFT_TO_RIGHT,OUTSIDE_RIGHT,,0
GOPR0315U20_trajectories_dynamic.json,1683,0.250478,0.858140,-0.420206,0.496481,RIGHT_TO_LEFT,OUTSIDE_LEFT,,0
GOPR0315U20_trajectories_dynamic.json,1776,0.651731,0.992075,0.187261,0.701734,LEFT_TO_RIGHT,OUTSIDE_RIGHT,,0
GOPR0315U20_trajectories_dynamic.json,1789,0.177229,0.845461,-0.565460,0.447520,RIGHT_TO_LEFT,OUTSIDE_LEFT,,0
GOPR0315U20_trajectories_dynamic.json,1823,0.089630,0.767605,-0.474870,0.079769,RIGHT_TO_LEFT,OUTSIDE_LEFT,,3
GOPR0315U20_trajectories_dynamic.json,1830,0.859453,0.876192,0.737049,0.499111,LEFT_TO_RIGHT,OUTSIDE_RIGHT,,3
GOPR0315U20_trajectories_dynamic.json,1843,0.083516,0.847285,-0.948692,0.320868,RIGHT_TO_LEFT,OUTSIDE_LEFT,,8
GOPR0315U20_trajectories_dynamic.json,1881,0.173114,0.780285,-0.475646,0.235539,RIGHT_TO_LEFT,OUTSIDE_LEFT,,0
GOPR0315U20_trajectories_dynamic.json,1905,0.089561,0.561229,-0.448109,-0.029245,RIGHT_TO_LEFT,OUTSIDE_LEFT,,
GOPR0315U20_trajectories_dynamic.json,1928,0.263736,0.640830,-0.353463,0.148983,RIGHT_TO_LEFT,OUTSIDE_LEFT,,1
GOPR0315U20_trajectories_dynamic.json,1931,0.086560,0.613747,-0.169207,0.044660,RIGHT_TO_LEFT,OUTSIDE_LEFT,,
GOPR0315U20_trajectories_dynamic.json,1945,0.863574,0.722387,0.541852,0.137826,LEFT_TO_RIGHT,OUTSIDE_RIGHT,,0
GOPR0315U20_trajectories_dynamic.json,1984,0.246400,0.653536,0.007258,0.154323,RIGHT_TO_LEFT,OUTSIDE_LEFT,14.273994,5
GOPR0315U20_trajectories_dynamic.json,1986,0.029006,0.633622,-0.028103,0.084151,RIGHT_TO_LEFT,OUTSIDE_LEFT,,
GOPR0315U20_trajectories_dynamic.json,1990,0.853320,0.707742,0.437026,0.163703,LEFT_TO_RIGHT,OUTSIDE_RIGHT,,0
GOPR0315U20_trajectories_dynamic.json,2008,0.895184,0.751392,0.502337,0.318664,LEFT_TO_RIGHT,OUTSIDE_RIGHT,,0
GOPR0315U20_trajectories_dynamic.json,2015,0.364579,0.814663,-0.106855,0.007727,LEFT_TO_RIGHT,INSIDE_MOVING_LEFT,0.000000,37
GOPR0315U20_trajectories_dynamic.json,2027,0.770842,0.718640,0.259165,0.079041,LEFT_TO_RIGHT,OUTSIDE_RIGHT,,0
GOPR0315U20_trajectories_dynamic.json,2092,0.895105,0.954006,0.130622,0.392358,LEFT_TO_RIGHT,OUTSIDE_RIGHT,,0
GOPR0315U20_trajectories_dynamic.json,2113,0.661923,0.896163,0.063957,0.265561,LEFT_TO_RIGHT,OUTSIDE_RIGHT,,0
GOPR0315U20_trajectories_dynamic.json,2141,0.797327,0.845438,0.472994,0.442949,LEFT_TO_RIGHT,OUTSIDE_RIGHT,,0
GOPR0315U20_trajectories_dynamic.json,2266,0.194505,0.830938,-0.152950,0.001854,RIGHT_TO_LEFT,OUTSIDE_LEFT,,16
GOPR0315U20_trajectories_dynamic.json,2327,0.837055,0.867190,0.145258,0.133508,LEFT_TO_RIGHT,OUTSIDE_RIGHT,,0
GOPR0315U20_trajectories_dynamic.json,2440,0.837098,1.000000,0.667682,0.692558,LEFT_TO_RIGHT,OUTSIDE_RIGHT,,0
GOPR0315U20_trajectories_dynamic.json,2456,0.433804,0.906940,-0.138712,0.300311,LEFT_TO_RIGHT,INSIDE_MOVING_LEFT,0.000000,1
GOPR0315U20_trajectories_dynamic.json,2471,0.596727,0.796536,0.058460,0.033802,LEFT_TO_RIGHT,INSIDE_MOVING_RIGHT,0.000000,0
GOPR0315U20_trajectories_dynamic.json,2478,0.835039,0.722306,-0.136248,-0.115816,LEFT_TO_RIGHT,APPROACHING_FROM_RIGHT,1.358109,0
GOPR0315U20_trajectories_dynamic.json,2608,0.166960,0.861704,-0.700876,0.228581,RIGHT_TO_LEFT,OUTSIDE_LEFT,,0
GOPR0315U20_trajectories_dynamic.json,2732,0.413480,1.000000,-0.323672,0.734165,LEFT_TO_RIGHT,INSIDE_MOVING_LEFT,0.000000,2
GOPR0315U20_trajectories_dynamic.json,2812,0.734196,0.966735,0.546357,0.543103,RIGHT_TO_LEFT,OUTSIDE_RIGHT,,8
GOPR0315U20_trajectories_dynamic.json,2832,0.081475,0.731328,-0.213093,0.014765,RIGHT_TO_LEFT,OUTSIDE_LEFT,,
GOPR0315U20_trajectories_dynamic.json,2836,0.027983,0.791165,-0.558450,0.184826,RIGHT_TO_LEFT,OUTSIDE_LEFT,,
GOPR0315U20_trajectories_dynamic.json,2838,0.885961,0.952258,0.482537,0.312760,LEFT_TO_RIGHT,OUTSIDE_RIGHT,,0
GOPR0315U20_trajectories_dynamic.json,2839,0.804482,1.000000,0.461948,0.414133,LEFT_TO_RIGHT,OUTSIDE_RIGHT,,0
GOPR0315U20_trajectories_dynamic.json,2842,0.128301,1.000000,-0.454967,0.459129,RIGHT_TO_LEFT,OUTSIDE_LEFT,,0
GOPR0316U20_trajectories_dynamic.json,3,0.107950,0.698742,-0.120553,0.081347,RIGHT_TO_LEFT,OUTSIDE_LEFT,,0
GOPR0316U20_trajectories_dynamic.json,4,0.472505,0.655397,-0.207797,-0.054504,RIGHT_TO_LEFT,INSIDE_MOVING_LEFT,0.000000,0
GOPR0316U20_trajectories_dynamic.json,5,0.628302,0.595660,0.102586,-0.251172,RIGHT_TO_LEFT,INSIDE_MOVING_RIGHT,0.000000,10
GOPR0316U20_trajectories_dynamic.json,21,0.236248,0.829184,-0.375321,0.341022,RIGHT_TO_LEFT,OUTSIDE_LEFT,,0
GOPR0316U20_trajectories_dynamic.json,185,0.107931,0.970323,-0.364870,0.522881,RIGHT_TO_LEFT,OUTSIDE_LEFT,,0
GOPR0316U20_trajectories_dynamic.json,340,0.815703,0.633587,-0.201051,0.076101,RIGHT_TO_LEFT,APPROACHING_FROM_RIGHT,0.824183,
GOPR0316U20_trajectories_dynamic.json,393,0.879867,0.800169,0.319317,0.256862,LEFT_TO_RIGHT,OUTSIDE_RIGHT,,
GOPR0316U20_trajectories_dynamic.json,402,0.790231,0.937747,0.785121,0.365132,LEFT_TO_RIGHT,OUTSIDE_RIGHT,,0
GOPR0316U20_trajectories_dynamic.json,423,0.774945,0.941358,0.464523,0.331211,LEFT_TO_RIGHT,OUTSIDE_RIGHT,,0
GOPR0316U20_trajectories_dynamic.json,437,0.898164,0.783865,0.662193,0.270020,LEFT_TO_RIGHT,OUTSIDE_RIGHT,,0
GOPR0316U20_trajectories_dynamic.json,521,0.594678,0.850884,0.385504,0.147053,LEFT_TO_RIGHT,INSIDE_MOVING_RIGHT,0.000000,3
GOPR0316U20_trajectories_dynamic.json,536,0.054956,0.662611,-0.219411,0.102095,RIGHT_TO_LEFT,OUTSIDE_LEFT,,
GOPR0316U20_trajectories_dynamic.json,566,0.365593,0.647989,-0.189012,-0.036067,RIGHT_TO_LEFT,INSIDE_MOVING_LEFT,0.000000,17
GOPR0316U20_trajectories_dynamic.json,569,0.486744,0.619104,-0.202783,0.000678,RIGHT_TO_LEFT,INSIDE_MOVING_LEFT,0.000000,19
GOPR0316U20_trajectories_dynamic.json,588,0.202684,0.792890,-0.416577,0.065761,RIGHT_TO_LEFT,OUTSIDE_LEFT,,18
GOPR0316U20_trajectories_dynamic.json,607,0.126263,0.800192,-0.265359,0.331470,RIGHT_TO_LEFT,OUTSIDE_LEFT,,
GOPR0316U20_trajectories_dynamic.json,609,0.085509,0.662569,-0.182461,0.126453,RIGHT_TO_LEFT,OUTSIDE_LEFT,,
GOPR0316U20_trajectories_dynamic.json,756,0.048871,0.673422,-0.150063,0.123898,RIGHT_TO_LEFT,OUTSIDE_LEFT,,0
GOPR0316U20_trajectories_dynamic.json,784,0.133442,0.763994,-0.484554,0.041534,RIGHT_TO_LEFT,OUTSIDE_LEFT,,0
GOPR0316U20_trajectories_dynamic.json,793,0.174123,0.850874,-0.546200,0.167165,RIGHT_TO_LEFT,OUTSIDE_LEFT,,0
GOPR0316U20_trajectories_dynamic.json,849,0.115081,0.680776,-0.411605,0.034046,RIGHT_TO_LEFT,OUTSIDE_LEFT,,0
GOPR0316U20_trajectories_dynamic.json,889,0.150706,0.796476,-0.194244,0.230398,RIGHT_TO_LEFT,OUTSIDE_LEFT,,
GOPR0316U20_trajectories_dynamic.json,911,0.759664,0.809237,0.428710,0.311366,LEFT_TO_RIGHT,OUTSIDE_RIGHT,,7
GOPR0316U20_trajectories_dynamic.json,915,0.244432,0.852676,-0.310815,-0.177927,LEFT_TO_RIGHT,OUTSIDE_LEFT,,4
GOPR0316U20_trajectories_dynamic.json,917,0.162941,0.823710,-0.609052,0.131887,LEFT_TO_RIGHT,OUTSIDE_LEFT,,12
GOPR0316U20_trajectories_dynamic.json,922,0.894000,0.854442,0.519749,0.266835,LEFT_TO_RIGHT,OUTSIDE_RIGHT,,0
GOPR0316U20_trajectories_dynamic.json,944,0.832000,0.935894,0.540639,0.444587,LEFT_TO_RIGHT,OUTSIDE_RIGHT,,0
GOPR0316U20_trajectories_dynamic.json,954,0.647656,0.865358,0.334416,0.557917,LEFT_TO_RIGHT,INSIDE_MOVING_RIGHT,0.000000,0
GOPR0316U20_trajectories_dynamic.json,960,0.169063,0.823767,-0.198712,0.097364,RIGHT_TO_LEFT,OUTSIDE_LEFT,,2
GOPR0316U20_trajectories_dynamic.json,967,0.730145,0.850853,0.492565,0.531572,LEFT_TO_RIGHT,OUTSIDE_RIGHT,,6
GOPR0316U20_trajectories_dynamic.json,970,0.099767,0.706067,-0.469204,0.157270,LEFT_TO_RIGHT,OUTSIDE_LEFT,,16
GOPR0316U20_trajectories_dynamic.json,1021,0.291273,0.948654,-0.215468,0.579272,RIGHT_TO_LEFT,OUTSIDE_LEFT,,0
GOPR0316U20_trajectories_dynamic.json,1030,0.025434,0.601069,-0.569302,0.038271,RIGHT_TO_LEFT,OUTSIDE_LEFT,,0
GOPR0316U20_trajectories_dynamic.json,1037,0.021851,0.677000,-0.357766,0.090602,RIGHT_TO_LEFT,OUTSIDE_LEFT,,0
GOPR0316U20_trajectories_dynamic.json,1040,0.028986,0.651794,-0.211856,0.048138,RIGHT_TO_LEFT,OUTSIDE_LEFT,,
GOPR0316U20_trajectories_dynamic.json,1043,0.904289,0.780265,0.376331,0.183650,LEFT_TO_RIGHT,OUTSIDE_RIGHT,,0
GOPR0316U20_trajectories_dynamic.json,1048,0.456186,0.599256,0.013937,-0.029284,LEFT_TO_RIGHT,INSIDE_STATIONARY,0.000000,0
GOPR0316U20_trajectories_dynamic.json,1050,0.121164,0.595610,-0.330565,-0.019402,RIGHT_TO_LEFT,OUTSIDE_LEFT,,
GOPR0316U20_trajectories_dynamic.json,1067,0.423637,0.711457,0.063134,0.059699,RIGHT_TO_LEFT,INSIDE_MOVING_RIGHT,0.000000,0
GOPR0316U20_trajectories_dynamic.json,1080,0.827820,0.843560,0.381490,0.457137,LEFT_TO_RIGHT,OUTSIDE_RIGHT,,0
GOPR0316U20_trajectories_dynamic.json,1081,0.817719,0.948676,0.477308,0.594746,LEFT_TO_RIGHT,OUTSIDE_RIGHT,,0
GOPR0316U20_trajectories_dynamic.json,1092,0.788194,0.847233,0.335603,0.320665,LEFT_TO_RIGHT,OUTSIDE_RIGHT,,0
GOPR0316U20_trajectories_dynamic.json,1096,0.359458,0.689774,-0.040168,0.003365,RIGHT_TO_LEFT,INSIDE_MOVING_LEFT,0.000000,0
GOPR0316U20_trajectories_dynamic.json,1100,0.796348,0.782116,0.332462,0.268490,LEFT_TO_RIGHT,OUTSIDE_RIGHT,,0
GOPR0316U20_trajectories_dynamic.json,1108,0.461312,0.673471,-0.072499,0.034776,LEFT_TO_RIGHT,INSIDE_MOVING_LEFT,0.000000,0
GOPR0316U20_trajectories_dynamic.json,1112,0.109969,0.944979,-0.826930,0.378715,RIGHT_TO_LEFT,OUTSIDE_LEFT,,0
GOPR0316U20_trajectories_dynamic.json,1117,0.488797,0.668043,-0.017335,0.039920,LEFT_TO_RIGHT,INSIDE_STATIONARY,0.000000,0
GOPR0316U20_trajectories_dynamic.json,1118,0.031053,0.702406,-0.310635,0.180000,RIGHT_TO_LEFT,OUTSIDE_LEFT,,2
GOPR0316U20_trajectories_dynamic.json,1160,0.405302,0.691564,-0.047174,0.035401,RIGHT_TO_LEFT,INSIDE_MOVING_LEFT,0.000000,0
GOPR0316U20_trajectories_dynamic.json,1168,0.118086,0.912440,-0.343352,0.355047,RIGHT_TO_LEFT,OUTSIDE_LEFT,,0
GOPR0316U20_trajectories_dynamic.json,1173,0.242388,0.923277,-0.505828,0.153207,RIGHT_TO_LEFT,OUTSIDE_LEFT,,0
GOPR0316U20_trajectories_dynamic.json,1175,0.833023,0.843632,0.477243,0.279311,LEFT_TO_RIGHT,OUTSIDE_RIGHT,,0
GOPR0316U20_trajectories_dynamic.json,1182,0.214858,0.934159,-0.303448,0.349492,RIGHT_TO_LEFT,OUTSIDE_LEFT,,0
GOPR0316U20_trajectories_dynamic.json,1184,0.028975,0.740515,-0.085170,-0.020559,RIGHT_TO_LEFT,OUTSIDE_LEFT,,0
GOPR0316U20_trajectories_dynamic.json,1209,0.240328,0.658982,0.141273,0.023979,LEFT_TO_RIGHT,APPROACHING_FROM_LEFT,0.776316,
GOPR0316U20_trajectories_dynamic.json,1227,0.260716,0.992078,-0.093083,0.469418,RIGHT_TO_LEFT,OUTSIDE_LEFT,,0
GOPR0316U20_trajectories_dynamic.json,1247,0.707687,0.935941,0.301409,0.471627,LEFT_TO_RIGHT,OUTSIDE_RIGHT,,0
GOPR0316U20_trajectories_dynamic.json,1286,0.767800,0.968569,0.717134,0.454958,LEFT_TO_RIGHT,OUTSIDE_RIGHT,,0
GOPR0316U20_trajectories_dynamic.json,1315,0.245392,0.999306,-0.383090,0.220697,RIGHT_TO_LEFT,OUTSIDE_LEFT,,0
GOPR0316U20_trajectories_dynamic.json,1325,0.855359,0.954007,0.547036,0.460700,LEFT_TO_RIGHT,OUTSIDE_RIGHT,,0
GOPR0316U20_trajectories_dynamic.json,1336,0.866570,0.818276,0.420312,0.395141,LEFT_TO_RIGHT,OUTSIDE_RIGHT,,0
GOPR0316U20_trajectories_dynamic.json,1345,0.758693,0.791183,0.158843,0.274704,LEFT_TO_RIGHT,OUTSIDE_RIGHT,,0
GOPR0316U20_trajectories_dynamic.json,1362,0.192418,0.640883,-0.356056,0.106466,RIGHT_TO_LEFT,OUTSIDE_LEFT,,0
GOPR0316U20_trajectories_dynamic.json,1409,0.084548,0.827331,-0.682872,0.282597,RIGHT_TO_LEFT,OUTSIDE_LEFT,,0
GOPR0316U20_trajectories_dynamic.json,1410,0.104913,0.695168,-0.504141,-0.032891,RIGHT_TO_LEFT,OUTSIDE_LEFT,,0
GOPR0316U20_trajectories_dynamic.json,1413,0.252570,1.000000,-0.302042,0.333987,RIGHT_TO_LEFT,OUTSIDE_LEFT,,0
GOPR0316U20_trajectories_dynamic.json,1426,0.943031,0.735036,0.533706,-0.024831,LEFT_TO_RIGHT,OUTSIDE_RIGHT,,
GOPR0316U20_trajectories_dynamic.json,1453,0.926676,0.801963,0.200169,0.143436,LEFT_TO_RIGHT,OUTSIDE_RIGHT,,
GOPR0316U20_trajectories_dynamic.json,1465,0.798382,0.935959,0.513863,0.516612,LEFT_TO_RIGHT,OUTSIDE_RIGHT,,0
GOPR0316U20_trajectories_dynamic.json,1466,0.106981,0.479711,-0.085919,-0.033041,RIGHT_TO_LEFT,OUTSIDE_LEFT,,
GOPR0316U20_trajectories_dynamic.json,1478,0.788186,0.934096,0.351723,0.511331,LEFT_TO_RIGHT,OUTSIDE_RIGHT,,0
GOPR0316U20_trajectories_dynamic.json,1489,0.136496,0.812869,-0.342710,0.225653,RIGHT_TO_LEFT,OUTSIDE_LEFT,,0
GOPR0316U20_trajectories_dynamic.json,1500,0.118135,0.935962,-0.586124,0.432423,RIGHT_TO_LEFT,OUTSIDE_LEFT,,0
GOPR0316U20_trajectories_dynamic.json,1526,0.179202,0.955890,-0.524884,0.456932,RIGHT_TO_LEFT,OUTSIDE_LEFT,,0
GOPR0316U20_trajectories_dynamic.json,1527,0.115060,0.789286,-0.453389,0.133755,RIGHT_TO_LEFT,OUTSIDE_LEFT,,
GOPR0316U20_trajectories_dynamic.json,1528,0.749521,0.814653,0.160478,0.240211,LEFT_TO_RIGHT,OUTSIDE_RIGHT,,0
GOPR0316U20_trajectories_dynamic.json,1570,0.514272,0.620885,-0.080487,-0.082473,RIGHT_TO_LEFT,INSIDE_MOVING_LEFT,0.000000,0
GOPR0316U20_trajectories_dynamic.json,1584,0.038138,0.736814,-0.580231,0.088558,RIGHT_TO_LEFT,OUTSIDE_LEFT,,0
GOPR0316U20_trajectories_dynamic.json,1593,0.067161,0.785701,-0.414250,0.252168,RIGHT_TO_LEFT,OUTSIDE_LEFT,,0
GOPR0316U20_trajectories_dynamic.json,1613,0.228062,0.836376,-0.211313,0.403764,RIGHT_TO_LEFT,OUTSIDE_LEFT,,0
GOPR0316U20_trajectories_dynamic.json,1754,0.232156,0.868972,-0.526842,-0.037679,RIGHT_TO_LEFT,OUTSIDE_LEFT,,0
GOPR0316U20_trajectories_dynamic.json,1764,0.267836,0.778414,-0.254012,0.095601,RIGHT_TO_LEFT,OUTSIDE_LEFT,,0
GOPR0316U20_trajectories_dynamic.json,1773,0.688395,0.735013,0.288811,0.130627,LEFT_TO_RIGHT,OUTSIDE_RIGHT,,0
GOPR0316U20_trajectories_dynamic.json,1810,0.686318,0.896127,0.450942,0.485744,LEFT_TO_RIGHT,OUTSIDE_RIGHT,,0
GOPR0316U20_trajectories_dynamic.json,1813,0.345232,1.000000,-0.091766,0.087086,RIGHT_TO_LEFT,OUTSIDE_LEFT,,0
GOPR0316U20_trajectories_dynamic.json,1820,0.762772,0.896150,0.703579,0.433456,LEFT_TO_RIGHT,OUTSIDE_RIGHT,,0
GOPR0316U20_trajectories_dynamic.json,1841,0.212817,0.870799,-0.228653,0.291996,LEFT_TO_RIGHT,OUTSIDE_LEFT,,10
GOPR0316U20_trajectories_dynamic.json,1842,0.093676,0.720506,-0.521737,0.093713,LEFT_TO_RIGHT,OUTSIDE_LEFT,,12
GOPR0316U20_trajectories_dynamic.json,1846,0.727059,0.849069,0.280283,0.293159,LEFT_TO_RIGHT,OUTSIDE_RIGHT,,0
GOPR0316U20_trajectories_dynamic.json,1852,0.054003,0.718727,-0.484209,0.048627,RIGHT_TO_LEFT,OUTSIDE_LEFT,,0
GOPR0316U20_trajectories_dynamic.json,1856,0.332028,0.792972,-0.031264,0.027550,RIGHT_TO_LEFT,OUTSIDE_LEFT,,0
GOPR0316U20_trajectories_dynamic.json,1902,0.205709,0.597442,0.038404,-0.064367,RIGHT_TO_LEFT,APPROACHING_FROM_LEFT,3.757226,
GOPR0316U20_trajectories_dynamic.json,1917,0.056020,0.590028,-0.289280,0.081783,RIGHT_TO_LEFT,OUTSIDE_LEFT,,
GOPR0316U20_trajectories_dynamic.json,1944,0.105895,0.725919,-0.420211,0.188804,RIGHT_TO_LEFT,OUTSIDE_LEFT,,0
GOPR0316U20_trajectories_dynamic.json,1955,0.038158,0.796594,-0.539876,0.230711,RIGHT_TO_LEFT,OUTSIDE_LEFT,,0
GOPR0317U20_trajectories_dynamic.json,3,0.902250,0.709651,0.052277,-0.044031,LEFT_TO_RIGHT,OUTSIDE_RIGHT,,
GOPR0317U20_trajectories_dynamic.json,5,0.853371,0.727760,0.153275,-0.060250,LEFT_TO_RIGHT,OUTSIDE_RIGHT,,3
GOPR0317U20_trajectories_dynamic.json,15,0.673113,0.863451,0.201346,0.499426,LEFT_TO_RIGHT,OUTSIDE_RIGHT,,0
GOPR0317U20_trajectories_dynamic.json,24,0.771894,0.865369,0.355053,0.450526,LEFT_TO_RIGHT,OUTSIDE_RIGHT,,0
GOPR0317U20_trajectories_dynamic.json,78,0.052428,0.827326,-0.291191,0.134020,RIGHT_TO_LEFT,OUTSIDE_LEFT,,0
GOPR0317U20_trajectories_dynamic.json,80,0.063102,0.610134,-0.119455,-0.080765,RIGHT_TO_LEFT,OUTSIDE_LEFT,,0
GOPR0317U20_trajectories_dynamic.json,88,0.075308,0.449004,-0.121986,-0.038613,RIGHT_TO_LEFT,OUTSIDE_LEFT,,
GOPR0317U20_trajectories_dynamic.json,100,0.823852,0.776528,0.376045,0.205592,LEFT_TO_RIGHT,OUTSIDE_RIGHT,,0
GOPR0317U20_trajectories_dynamic.json,102,0.778006,0.975797,0.398471,0.551762,LEFT_TO_RIGHT,OUTSIDE_RIGHT,,0
GOPR0317U20_trajectories_dynamic.json,107,0.769908,0.983047,0.499206,0.719170,LEFT_TO_RIGHT,OUTSIDE_RIGHT,,0
GOPR0317U20_trajectories_dynamic.json,110,0.823871,0.803788,0.353323,0.293941,LEFT_TO_RIGHT,OUTSIDE_RIGHT,,0
GOPR0317U20_trajectories_dynamic.json,152,0.248494,0.577548,0.107062,0.038961,RIGHT_TO_LEFT,APPROACHING_FROM_LEFT,0.948108,
GOPR0317U20_trajectories_dynamic.json,154,0.271909,0.577452,0.051757,0.020614,VERTICAL,APPROACHING_FROM_LEFT,1.508805,
GOPR0317U20_trajectories_dynamic.json,168,0.327926,0.642582,-0.241317,0.103802,LEFT_TO_RIGHT,OUTSIDE_LEFT,,47
GOPR0317U20_trajectories_dynamic.json,170,0.847242,0.934205,0.481557,0.297178,LEFT_TO_RIGHT,OUTSIDE_RIGHT,,38
GOPR0317U20_trajectories_dynamic.json,188,0.852379,0.861745,0.349560,0.145286,LEFT_TO_RIGHT,OUTSIDE_RIGHT,,2
GOPR0317U20_trajectories_dynamic.json,196,0.196521,0.901601,-0.197499,0.254845,RIGHT_TO_LEFT,OUTSIDE_LEFT,,0
GOPR0317U20_trajectories_dynamic.json,259,0.802465,0.740424,0.363519,0.224727,LEFT_TO_RIGHT,OUTSIDE_RIGHT,,0
GOPR0317U20_trajectories_dynamic.json,260,0.830914,0.801963,0.428909,0.360871,LEFT_TO_RIGHT,OUTSIDE_RIGHT,,0
GOPR0317U20_trajectories_dynamic.json,270,0.906328,0.666158,0.188930,0.041421,LEFT_TO_RIGHT,OUTSIDE_RIGHT,,
GOPR0317U20_trajectories_dynamic.json,281,0.277012,0.588328,-0.045311,0.012219,RIGHT_TO_LEFT,OUTSIDE_LEFT,,0
GOPR0317U20_trajectories_dynamic.json,300,0.079400,0.791124,-0.226808,0.048584,RIGHT_TO_LEFT,OUTSIDE_LEFT,,0
GOPR0317U20_trajectories_dynamic.json,318,0.879832,0.859886,0.523857,0.415999,LEFT_TO_RIGHT,OUTSIDE_RIGHT,,0
GOPR0317U20_trajectories_dynamic.json,339,0.477600,0.613761,0.039126,0.034720,LEFT_TO_RIGHT,INSIDE_MOVING_RIGHT,0.000000,0
GOPR0317U20_trajectories_dynamic.json,347,0.863563,0.856290,0.382017,0.363293,LEFT_TO_RIGHT,OUTSIDE_RIGHT,,0
GOPR0317U20_trajectories_dynamic.json,350,0.053953,0.591907,-0.268512,0.048430,RIGHT_TO_LEFT,OUTSIDE_LEFT,,
GOPR0317U20_trajectories_dynamic.json,375,0.234226,0.789278,-0.275636,0.194413,RIGHT_TO_LEFT,OUTSIDE_LEFT,,0
GOPR0317U20_trajectories_dynamic.json,404,0.329937,0.608262,-0.026142,0.067094,VERTICAL,OUTSIDE_LEFT,,30
GOPR0317U20_trajectories_dynamic.json,427,0.029972,0.593749,-0.133352,0.031516,RIGHT_TO_LEFT,OUTSIDE_LEFT,,0
GOPR0317U20_trajectories_dynamic.json,429,0.101868,0.568407,-0.317953,-0.054230,RIGHT_TO_LEFT,OUTSIDE_LEFT,,1
GOPR0317U20_trajectories_dynamic.json,439,0.128366,0.546765,0.012143,0.035662,RIGHT_TO_LEFT,OUTSIDE_LEFT,18.252316,
GOPR0317U20_trajectories_dynamic.json,455,0.799393,0.878082,0.471932,0.414168,LEFT_TO_RIGHT,OUTSIDE_RIGHT,,0
GOPR0317U20_trajectories_dynamic.json,475,0.119062,0.789339,-0.292101,0.165478,RIGHT_TO_LEFT,OUTSIDE_LEFT,,0
GOPR0317U20_trajectories_dynamic.json,476,0.064202,0.613772,-0.449120,-0.041002,RIGHT_TO_LEFT,OUTSIDE_LEFT,,
GOPR0317U20_trajectories_dynamic.json,485,0.090607,0.820085,-0.120442,0.258141,RIGHT_TO_LEFT,OUTSIDE_LEFT,,0
GOPR0317U20_trajectories_dynamic.json,507,0.079385,0.725938,-0.135985,0.123790,RIGHT_TO_LEFT,OUTSIDE_LEFT,,31
GOPR0317U20_trajectories_dynamic.json,525,0.812643,0.981251,0.376141,0.636697,LEFT_TO_RIGHT,OUTSIDE_RIGHT,,0
GOPR0317U20_trajectories_dynamic.json,526,0.318706,0.615465,-0.136178,0.030293,RIGHT_TO_LEFT,OUTSIDE_LEFT,,0
GOPR0317U20_trajectories_dynamic.json,527,0.041704,0.646308,-0.148130,0.092386,RIGHT_TO_LEFT,OUTSIDE_LEFT,,
GOPR0317U20_trajectories_dynamic.json,534,0.194477,0.954067,-0.300321,0.351533,RIGHT_TO_LEFT,OUTSIDE_LEFT,,55
GOPR0317U20_trajectories_dynamic.json,545,0.726071,0.939535,0.070069,0.451016,LEFT_TO_RIGHT,OUTSIDE_RIGHT,,0
GOPR0317U20_trajectories_dynamic.json,596,0.046337,0.798428,-0.328991,0.116707,RIGHT_TO_LEFT,OUTSIDE_LEFT,,0
GOPR0317U20_trajectories_dynamic.json,599,0.067235,0.680674,-0.350284,0.111835,RIGHT_TO_LEFT,OUTSIDE_LEFT,,0
GOPR0317U20_trajectories_dynamic.json,605,0.178213,0.829147,-0.220799,0.427613,RIGHT_TO_LEFT,OUTSIDE_LEFT,,
GOPR0317U20_trajectories_dynamic.json,731,0.606948,0.591957,-0.043803,-0.053576,RIGHT_TO_LEFT,INSIDE_MOVING_LEFT,0.000000,3
GOPR0317U20_trajectories_dynamic.json,741,0.271850,0.883533,-0.355157,0.411266,RIGHT_TO_LEFT,OUTSIDE_LEFT,,0
GOPR0317U20_trajectories_dynamic.json,761,0.766779,0.946811,0.468078,0.622730,LEFT_TO_RIGHT,OUTSIDE_RIGHT,,0
GOPR0317U20_trajectories_dynamic.json,767,0.049947,0.620983,-0.341438,0.037062,RIGHT_TO_LEFT,OUTSIDE_LEFT,,0
GOPR0317U20_trajectories_dynamic.json,768,0.781080,0.840008,0.404661,0.527682,LEFT_TO_RIGHT,OUTSIDE_RIGHT,,0
GOPR0317U20_trajectories_dynamic.json,776,0.661925,0.715143,0.030290,0.067809,LEFT_TO_RIGHT,OUTSIDE_RIGHT,,0
GOPR0317U20_trajectories_dynamic.json,788,0.885914,0.800169,0.270964,0.148732,LEFT_TO_RIGHT,OUTSIDE_RIGHT,,0
GOPR0317U20_trajectories_dynamic.json,798,0.715880,0.888897,0.207870,-0.164512,LEFT_TO_RIGHT,OUTSIDE_RIGHT,,0
GOPR0317U20_trajectories_dynamic.json,811,0.901215,0.736881,0.211408,0.114515,LEFT_TO_RIGHT,OUTSIDE_RIGHT,,0
GOPR0317U20_trajectories_dynamic.json,814,0.256614,0.588324,-0.056642,-0.004734,RIGHT_TO_LEFT,OUTSIDE_LEFT,,0
GOPR0317U20_trajectories_dynamic.json,827,0.789217,0.767648,0.112926,0.098121,RIGHT_TO_LEFT,OUTSIDE_RIGHT,,12
GOPR0317U20_trajectories_dynamic.json,961,0.872723,0.832767,0.114916,0.136110,LEFT_TO_RIGHT,OUTSIDE_RIGHT,,0
GOPR0317U20_trajectories_dynamic.json,976,0.913410,0.789317,0.662949,0.190332,LEFT_TO_RIGHT,OUTSIDE_RIGHT,,0
GOPR0317U20_trajectories_dynamic.json,977,0.777971,0.881667,0.585451,0.277294,LEFT_TO_RIGHT,OUTSIDE_RIGHT,,0
GOPR0317U20_trajectories_dynamic.json,1007,0.015775,0.508727,0.053036,-0.117693,RIGHT_TO_LEFT,APPROACHING_FROM_LEFT,6.301807,
GOPR0317U20_trajectories_dynamic.json,1012,0.141486,0.624657,-0.013520,0.191973,RIGHT_TO_LEFT,OUTSIDE_LEFT,,
GOPR0317U20_trajectories_dynamic.json,1038,0.084510,0.814633,-0.405202,0.373931,RIGHT_TO_LEFT,OUTSIDE_LEFT,,0
GOPR0317U20_trajectories_dynamic.json,1047,0.133395,0.792896,-0.437102,0.431651,RIGHT_TO_LEFT,OUTSIDE_LEFT,,0
GOPR0317U20_trajectories_dynamic.json,1050,0.886004,0.903376,0.363790,0.339810,LEFT_TO_RIGHT,OUTSIDE_RIGHT,,
GOPR0318U20_trajectories_dynamic.json,1,0.146638,0.935917,-0.270881,0.217468,RIGHT_TO_LEFT,OUTSIDE_LEFT,,0
GOPR0318U20_trajectories_dynamic.json,2,0.526494,0.758536,0.016429,0.085889,RIGHT_TO_LEFT,INSIDE_STATIONARY,0.000000,8
GOPR0318U20_trajectories_dynamic.json,23,0.156822,0.988489,-0.512259,0.535110,RIGHT_TO_LEFT,OUTSIDE_LEFT,,0
GOPR0318U20_trajectories_dynamic.json,45,0.090624,0.859892,-0.537545,0.144486,RIGHT_TO_LEFT,OUTSIDE_LEFT,,14
GOPR0318U20_trajectories_dynamic.json,53,0.095714,0.948631,-0.561468,0.333470,RIGHT_TO_LEFT,OUTSIDE_LEFT,,21
GOPR0318U20_trajectories_dynamic.json,59,0.186356,0.820045,-0.329248,0.141238,RIGHT_TO_LEFT,OUTSIDE_LEFT,,75
GOPR0318U20_trajectories_dynamic.json,61,0.483654,0.677055,-0.041224,0.028327,LEFT_TO_RIGHT,INSIDE_MOVING_LEFT,0.000000,0
GOPR0318U20_trajectories_dynamic.json,65,0.812653,0.903380,0.438458,0.445031,LEFT_TO_RIGHT,OUTSIDE_RIGHT,,0
GOPR0318U20_trajectories_dynamic.json,97,0.097743,0.649986,-0.598063,0.073615,RIGHT_TO_LEFT,OUTSIDE_LEFT,,0
GOPR0318U20_trajectories_dynamic.json,106,0.341112,0.573903,0.031322,0.012440,VERTICAL,APPROACHING_FROM_LEFT,0.283775,0
GOPR0318U20_trajectories_dynamic.json,107,0.151746,0.841781,-0.092894,0.291063,RIGHT_TO_LEFT,OUTSIDE_LEFT,,
GOPR0318U20_trajectories_dynamic.json,110,0.202608,0.568449,-0.122994,0.067524,RIGHT_TO_LEFT,OUTSIDE_LEFT,,
GOPR0318U20_trajectories_dynamic.json,123,0.154766,0.727800,0.120677,-0.017542,RIGHT_TO_LEFT,APPROACHING_FROM_LEFT,1.617827,34
GOPR0318U20_trajectories_dynamic.json,125,0.304448,0.783910,-0.419567,0.091250,VERTICAL,OUTSIDE_LEFT,,2
GOPR0318U20_trajectories_dynamic.json,137,0.809563,0.847259,0.444814,0.395130,LEFT_TO_RIGHT,OUTSIDE_RIGHT,,0
GOPR0318U20_trajectories_dynamic.json,153,0.068247,0.734978,-0.532353,0.151161,RIGHT_TO_LEFT,OUTSIDE_LEFT,,0
GOPR0318U20_trajectories_dynamic.json,157,0.882902,0.620877,0.360914,0.235543,LEFT_TO_RIGHT,OUTSIDE_RIGHT,,0
GOPR0318U20_trajectories_dynamic.json,183,0.310590,0.611885,-0.124917,-0.306823,LEFT_TO_RIGHT,OUTSIDE_LEFT,,7
GOPR0318U20_trajectories_dynamic.json,186,0.057045,0.724161,-0.235462,0.192210,LEFT_TO_RIGHT,OUTSIDE_LEFT,,
GOPR0318U20_trajectories_dynamic.json,187,0.153801,0.973953,-0.319898,0.475497,VERTICAL,OUTSIDE_LEFT,,
GOPR0318U20_trajectories_dynamic.json,191,0.351371,0.582922,-0.157002,-0.003125,LEFT_TO_RIGHT,INSIDE_MOVING_LEFT,0.000000,4
GOPR0318U20_trajectories_dynamic.json,200,0.740356,0.930524,0.205923,0.514065,LEFT_TO_RIGHT,OUTSIDE_RIGHT,,0
GOPR0318U20_trajectories_dynamic.json,202,0.390029,0.561247,-0.033304,-0.253818,RIGHT_TO_LEFT,INSIDE_MOVING_LEFT,0.000000,0
GOPR0318U20_trajectories_dynamic.json,204,0.640542,0.901540,0.115876,0.484434,LEFT_TO_RIGHT,INSIDE_MOVING_RIGHT,0.000000,0
GOPR0318U20_trajectories_dynamic.json,214,0.324876,1.000000,-0.011384,0.124139,LEFT_TO_RIGHT,OUTSIDE_LEFT,,29
GOPR0318U20_trajectories_dynamic.json,221,0.735272,0.934106,0.371093,0.713126,LEFT_TO_RIGHT,OUTSIDE_RIGHT,,0
GOPR0318U20_trajectories_dynamic.json,224,0.489812,0.588306,-0.048671,0.032644,LEFT_TO_RIGHT,INSIDE_MOVING_LEFT,0.000000,0
GOPR0318U20_trajectories_dynamic.json,240,0.253620,0.881621,-0.316168,0.286723,RIGHT_TO_LEFT,OUTSIDE_LEFT,,15
GOPR0318U20_trajectories_dynamic.json,246,0.114067,0.630017,-0.255227,0.082349,RIGHT_TO_LEFT,OUTSIDE_LEFT,,
GOPR0318U20_trajectories_dynamic.json,249,0.199632,0.564808,0.145190,0.079326,RIGHT_TO_LEFT,APPROACHING_FROM_LEFT,1.035661,0
GOPR0318U20_trajectories_dynamic.json,259,0.860535,0.814636,0.629378,0.336543,LEFT_TO_RIGHT,OUTSIDE_RIGHT,,0
GOPR0318U20_trajectories_dynamic.json,274,0.355420,0.586454,-0.139454,0.137446,LEFT_TO_RIGHT,INSIDE_MOVING_LEFT,0.000000,13
GOPR0320U20_trajectories_dynamic.json,56,0.136433,0.626403,0.058030,0.018394,VERTICAL,APPROACHING_FROM_LEFT,3.680320,
GOPR0320U20_trajectories_dynamic.json,67,0.136446,0.742267,-0.377493,0.267313,RIGHT_TO_LEFT,OUTSIDE_LEFT,,0
GOPR0320U20_trajectories_dynamic.json,101,0.077418,0.805610,-0.544163,0.095919,RIGHT_TO_LEFT,OUTSIDE_LEFT,,15
GOPR0320U20_trajectories_dynamic.json,102,0.917566,0.695110,0.143683,0.106860,LEFT_TO_RIGHT,OUTSIDE_RIGHT,,0
GOPR0320U20_trajectories_dynamic.json,161,0.695531,0.725915,0.290259,0.230631,LEFT_TO_RIGHT,OUTSIDE_RIGHT,,0
GOPR0320U20_trajectories_dynamic.json,174,0.921594,0.637254,0.370026,-0.030453,LEFT_TO_RIGHT,OUTSIDE_RIGHT,,14
GOPR0320U20_trajectories_dynamic.json,183,0.935883,0.706094,0.370911,0.137925,LEFT_TO_RIGHT,OUTSIDE_RIGHT,,0
GOPR0320U20_trajectories_dynamic.json,206,0.791261,0.722325,0.200816,0.184983,LEFT_TO_RIGHT,OUTSIDE_RIGHT,,1
GOPR0320U20_trajectories_dynamic.json,267,0.179219,0.899804,-0.796095,0.431834,RIGHT_TO_LEFT,OUTSIDE_LEFT,,5
GOPR0320U20_trajectories_dynamic.json,392,0.037676,0.653609,-0.268306,0.188592,RIGHT_TO_LEFT,OUTSIDE_LEFT,,16
GOPR0320U20_trajectories_dynamic.json,394,0.029009,0.706002,-0.362077,0.074638,RIGHT_TO_LEFT,OUTSIDE_LEFT,,
GOPR0320U20_trajectories_dynamic.json,407,0.172118,0.850810,-0.437557,0.241555,RIGHT_TO_LEFT,OUTSIDE_LEFT,,0
GOPR0320U20_trajectories_dynamic.json,480,0.919578,0.751245,0.564171,0.177473,LEFT_TO_RIGHT,OUTSIDE_RIGHT,,0
GOPR0320U20_trajectories_dynamic.json,481,0.759654,0.743988,0.443798,0.233197,LEFT_TO_RIGHT,OUTSIDE_RIGHT,,0
GOPR0320U20_trajectories_dynamic.json,488,0.224988,0.588377,-0.097305,-0.038251,RIGHT_TO_LEFT,OUTSIDE_LEFT,,0
GOPR0320U20_trajectories_dynamic.json,489,0.087582,0.675277,-0.393561,0.098822,RIGHT_TO_LEFT,OUTSIDE_LEFT,,0
GOPR0320U20_trajectories_dynamic.json,503,0.062086,0.767565,-0.496591,0.242370,RIGHT_TO_LEFT,OUTSIDE_LEFT,,0
GOPR0320U20_trajectories_dynamic.json,504,0.196543,0.881616,-0.640780,0.433719,RIGHT_TO_LEFT,OUTSIDE_LEFT,,0
GOPR0320U20_trajectories_dynamic.json,529,0.851332,0.733134,0.401383,0.242093,LEFT_TO_RIGHT,OUTSIDE_RIGHT,,0
GOPR0320U20_trajectories_dynamic.json,533,0.085493,0.657136,-0.598003,0.089549,RIGHT_TO_LEFT,OUTSIDE_LEFT,,27
GOPR0320U20_trajectories_dynamic.json,542,0.177176,0.825500,-0.684557,0.311824,RIGHT_TO_LEFT,OUTSIDE_LEFT,,0
GOPR0320U20_trajectories_dynamic.json,655,0.281059,0.841826,-0.592658,0.043732,RIGHT_TO_LEFT,OUTSIDE_LEFT,,1
GOPR0320U20_trajectories_dynamic.json,693,0.467443,0.725942,-0.039018,0.113781,LEFT_TO_RIGHT,INSIDE_MOVING_LEFT,0.000000,0
GOPR0320U20_trajectories_dynamic.json,708,0.877770,0.914242,0.172244,0.294642,LEFT_TO_RIGHT,OUTSIDE_RIGHT,,
GOPR0320U20_trajectories_dynamic.json,729,0.290165,0.881660,-0.533122,0.504952,LEFT_TO_RIGHT,OUTSIDE_LEFT,,7
GOPR0320U20_trajectories_dynamic.json,736,0.188396,0.675214,-0.354600,0.117218,RIGHT_TO_LEFT,OUTSIDE_LEFT,,3
GOPR0320U20_trajectories_dynamic.json,739,0.022412,0.715172,-0.511067,0.165606,RIGHT_TO_LEFT,OUTSIDE_LEFT,,7
GOPR0320U20_trajectories_dynamic.json,834,0.472536,0.934141,0.247143,0.159240,LEFT_TO_RIGHT,INSIDE_MOVING_RIGHT,0.000000,1
GOPR0320U20_trajectories_dynamic.json,844,0.653721,0.856366,-0.013787,0.296414,RIGHT_TO_LEFT,OUTSIDE_RIGHT,0.269874,2
GOPR0320U20_trajectories_dynamic.json,908,0.194467,0.805544,-0.638032,0.136914,RIGHT_TO_LEFT,OUTSIDE_LEFT,,0
GOPR0320U20_trajectories_dynamic.json,922,0.921559,0.675253,0.304674,0.189150,LEFT_TO_RIGHT,OUTSIDE_RIGHT,,
GOPR0320U20_trajectories_dynamic.json,928,0.135409,0.854446,-0.525128,0.195252,RIGHT_TO_LEFT,OUTSIDE_LEFT,,0
GOPR0320U20_trajectories_dynamic.json,965,0.134388,0.763995,-0.456740,0.166163,RIGHT_TO_LEFT,OUTSIDE_LEFT,,0
GOPR0320U20_trajectories_dynamic.json,1068,0.308616,0.812851,-0.099579,0.356804,RIGHT_TO_LEFT,OUTSIDE_LEFT,,0
GOPR0320U20_trajectories_dynamic.json,1069,0.780044,0.843672,0.492930,0.431985,LEFT_TO_RIGHT,OUTSIDE_RIGHT,,0
GOPR0320U20_trajectories_dynamic.json,1089,0.858465,0.682585,0.649831,0.067178,LEFT_TO_RIGHT,OUTSIDE_RIGHT,,0
GOPR0320U20_trajectories_dynamic.json,1097,0.737264,0.796582,0.396870,0.339167,LEFT_TO_RIGHT,OUTSIDE_RIGHT,,0
GOPR0320U20_trajectories_dynamic.json,1124,0.889004,0.756703,0.682874,0.157896,LEFT_TO_RIGHT,OUTSIDE_RIGHT,,9
GOPR0320U20_trajectories_dynamic.json,1325,0.142567,0.713291,-0.505399,0.169423,RIGHT_TO_LEFT,OUTSIDE_LEFT,,0
GOPR0320U20_trajectories_dynamic.json,1334,0.451120,0.619135,-0.047521,0.039691,VERTICAL,INSIDE_MOVING_LEFT,0.000000,0
GOPR0320U20_trajectories_dynamic.json,1335,0.022928,0.662541,-0.204793,0.038978,RIGHT_TO_LEFT,OUTSIDE_LEFT,,
GOPR0320U20_trajectories_dynamic.json,1344,0.022931,0.695168,-0.583942,0.090385,RIGHT_TO_LEFT,OUTSIDE_LEFT,,0
GOPR0320U20_trajectories_dynamic.json,1385,0.037127,0.749432,-0.262896,-0.008704,RIGHT_TO_LEFT,OUTSIDE_LEFT,,0
GOPR0320U20_trajectories_dynamic.json,1464,0.409389,0.566751,0.364560,-0.186728,RIGHT_TO_LEFT,INSIDE_MOVING_RIGHT,0.000000,0
GOPR0320U20_trajectories_dynamic.json,1476,0.073272,0.653624,-0.310266,0.169036,RIGHT_TO_LEFT,OUTSIDE_LEFT,,
GOPR0320U20_trajectories_dynamic.json,1611,0.758629,0.923356,0.625968,0.432634,LEFT_TO_RIGHT,OUTSIDE_RIGHT,,0
GOPR0320U20_trajectories_dynamic.json,1636,0.474507,0.667965,-0.110525,-0.000572,LEFT_TO_RIGHT,INSIDE_MOVING_LEFT,0.000000,0
GOPR0320U20_trajectories_dynamic.json,1637,0.055038,0.613676,-0.332064,0.048485,RIGHT_TO_LEFT,OUTSIDE_LEFT,,
GOPR0320U20_trajectories_dynamic.json,1651,0.335054,0.577503,0.355000,-0.031012,RIGHT_TO_LEFT,APPROACHING_FROM_LEFT,0.042101,0
GOPR0320U20_trajectories_dynamic.json,1718,0.144609,0.738649,-0.259835,-0.179488,RIGHT_TO_LEFT,OUTSIDE_LEFT,,0
GOPR0320U20_trajectories_dynamic.json,1735,0.851348,0.733225,0.397530,0.341617,LEFT_TO_RIGHT,OUTSIDE_RIGHT,,7
GOPR0320U20_trajectories_dynamic.json,1737,0.200618,0.630075,-0.103024,0.047646,RIGHT_TO_LEFT,OUTSIDE_LEFT,,0
GOPR0320U20_trajectories_dynamic.json,1749,0.878914,0.722379,0.411227,0.173871,LEFT_TO_RIGHT,OUTSIDE_RIGHT,,0
GOPR0320U20_trajectories_dynamic.json,1758,0.864508,0.734934,0.330824,0.199868,LEFT_TO_RIGHT,OUTSIDE_RIGHT,,0
GOPR0320U20_trajectories_dynamic.json,1777,0.062133,0.791085,-0.285201,0.165274,RIGHT_TO_LEFT,OUTSIDE_LEFT,,
GOPR0320U20_trajectories_dynamic.json,1789,0.302397,0.550356,-0.168233,0.022806,RIGHT_TO_LEFT,OUTSIDE_LEFT,,0
GOPR0320U20_trajectories_dynamic.json,1816,0.820721,0.850903,0.489360,0.386561,LEFT_TO_RIGHT,OUTSIDE_RIGHT,,0
GOPR0320U20_trajectories_dynamic.json,1822,0.935891,0.771216,0.524126,0.305921,LEFT_TO_RIGHT,OUTSIDE_RIGHT,,0
GOPR0320U20_trajectories_dynamic.json,1866,0.486732,0.602853,-0.021451,0.176951,VERTICAL,INSIDE_STATIONARY,0.000000,0
GOPR0320U20_trajectories_dynamic.json,1880,0.111008,0.675322,-0.542802,0.193391,RIGHT_TO_LEFT,OUTSIDE_LEFT,,0
GOPR0320U20_trajectories_dynamic.json,1885,0.281046,1.000000,-0.341663,0.610525,RIGHT_TO_LEFT,OUTSIDE_LEFT,,0
GOPR0320U20_trajectories_dynamic.json,1886,0.242384,0.715054,-0.170514,0.017623,RIGHT_TO_LEFT,OUTSIDE_LEFT,,0
GOPR0320U20_trajectories_dynamic.json,1930,0.865613,0.930592,0.630482,0.526317,LEFT_TO_RIGHT,OUTSIDE_RIGHT,,0
GOPR0320U20_trajectories_dynamic.json,1935,0.071340,0.677181,-0.076412,0.144860,RIGHT_TO_LEFT,OUTSIDE_LEFT,,
GOPR0320U20_trajectories_dynamic.json,1940,0.905297,0.898011,0.258639,0.379764,LEFT_TO_RIGHT,OUTSIDE_RIGHT,,0
GOPR0320U20_trajectories_dynamic.json,1942,0.247485,0.885270,-0.310140,0.250606,RIGHT_TO_LEFT,OUTSIDE_LEFT,,5
GOPR0320U20_trajectories_dynamic.json,2067,0.552943,0.662579,0.046175,0.002332,LEFT_TO_RIGHT,INSIDE_MOVING_RIGHT,0.000000,0
GOPR0320U20_trajectories_dynamic.json,2139,0.056997,0.619139,-0.266432,-0.041318,RIGHT_TO_LEFT,OUTSIDE_LEFT,,0
GOPR0320U20_trajectories_dynamic.json,2230,0.861473,0.615460,0.034688,-0.014500,LEFT_TO_RIGHT,OUTSIDE_RIGHT,,
GOPR0320U20_trajectories_dynamic.json,2371,0.877793,0.830933,0.519965,0.508387,LEFT_TO_RIGHT,OUTSIDE_RIGHT,,0
GOPR0320U20_trajectories_dynamic.json,2379,0.074344,0.707758,-0.645236,0.310197,RIGHT_TO_LEFT,OUTSIDE_LEFT,,0
GOPR0320U20_trajectories_dynamic.json,2416,0.070245,0.649901,-0.375055,0.133848,RIGHT_TO_LEFT,OUTSIDE_LEFT,,0
GOPR0320U20_trajectories_dynamic.json,2424,0.797364,0.673449,0.412467,0.210411,LEFT_TO_RIGHT,OUTSIDE_RIGHT,,0
GOPR0320U20_trajectories_dynamic.json,2520,0.782137,0.713265,0.385533,0.145108,LEFT_TO_RIGHT,OUTSIDE_RIGHT,,0
GOPR0320U20_trajectories_dynamic.json,2526,0.780047,0.805619,0.346218,0.406131,LEFT_TO_RIGHT,OUTSIDE_RIGHT,,0
GOPR0320U20_trajectories_dynamic.json,2549,0.821801,0.829186,0.454609,0.374156,LEFT_TO_RIGHT,OUTSIDE_RIGHT,,0
GOPR0320U20_trajectories_dynamic.json,2551,0.781097,0.687912,0.156050,0.116902,LEFT_TO_RIGHT,OUTSIDE_RIGHT,,0
GOPR0320U20_trajectories_dynamic.json,2567,0.496970,0.615483,-0.037176,0.010335,LEFT_TO_RIGHT,INSIDE_MOVING_LEFT,0.000000,0
GOPR0320U20_trajectories_dynamic.json,2581,0.107897,0.700565,-0.515235,0.129705,RIGHT_TO_LEFT,OUTSIDE_LEFT,,2
GOPR0320U20_trajectories_dynamic.json,2593,0.536620,0.597458,0.012332,-0.022144,VERTICAL,INSIDE_STATIONARY,0.000000,0
GOPR0320U20_trajectories_dynamic.json,2595,0.815732,0.818308,0.393798,0.148510,LEFT_TO_RIGHT,OUTSIDE_RIGHT,,0
GOPR0320U20_trajectories_dynamic.json,2602,0.046874,0.722328,-0.172003,0.139645,RIGHT_TO_LEFT,OUTSIDE_LEFT,,
GOPR0320U20_trajectories_dynamic.json,2630,0.122188,0.749480,-0.464540,0.359132,RIGHT_TO_LEFT,OUTSIDE_LEFT,,0
GOPR0320U20_trajectories_dynamic.json,2670,0.934801,0.702380,0.608566,0.057316,LEFT_TO_RIGHT,OUTSIDE_RIGHT,,0
GOPR0320U20_trajectories_dynamic.json,2682,0.044768,0.610086,-0.161860,0.017868,RIGHT_TO_LEFT,OUTSIDE_LEFT,,
GOPR0320U20_trajectories_dynamic.json,2703,0.922582,0.738592,0.458020,0.268330,LEFT_TO_RIGHT,OUTSIDE_RIGHT,,0
GOPR0320U20_trajectories_dynamic.json,2708,0.015755,0.677140,-0.242466,0.120283,RIGHT_TO_LEFT,OUTSIDE_LEFT,,
GOPR0320U20_trajectories_dynamic.json,2818,0.583546,0.593826,-0.075246,-0.000881,LEFT_TO_RIGHT,INSIDE_MOVING_LEFT,0.000000,0
GOPR0320U20_trajectories_dynamic.json,2823,0.020859,0.651743,-0.417346,0.179984,RIGHT_TO_LEFT,OUTSIDE_LEFT,,0
GOPR0320U20_trajectories_dynamic.json,2834,0.061102,0.704201,-0.621689,0.211490,RIGHT_TO_LEFT,OUTSIDE_LEFT,,0
GOPR0320U20_trajectories_dynamic.json,2842,0.449087,0.606430,-0.094187,0.089542,RIGHT_TO_LEFT,INSIDE_MOVING_LEFT,0.000000,0
GOPR0320U20_trajectories_dynamic.json,2876,0.883926,0.829149,0.474627,0.281032,LEFT_TO_RIGHT,OUTSIDE_RIGHT,,0
GOPR0320U20_trajectories_dynamic.json,2878,0.885930,0.673455,0.714240,0.013515,LEFT_TO_RIGHT,OUTSIDE_RIGHT,,0
GOPR0320U20_trajectories_dynamic.json,2879,0.846273,1.000000,0.596750,0.476169,LEFT_TO_RIGHT,OUTSIDE_RIGHT,,0
GOPR0320U20_trajectories_dynamic.json,2883,0.931766,0.695152,0.591260,0.043137,LEFT_TO_RIGHT,OUTSIDE_RIGHT,,0
GOPR0320U20_trajectories_dynamic.json,2890,0.343187,0.854566,-0.417384,0.410929,RIGHT_TO_LEFT,OUTSIDE_LEFT,,0
GOPR0320U20_trajectories_dynamic.json,2957,0.246417,0.653510,-0.106667,-0.026595,RIGHT_TO_LEFT,OUTSIDE_LEFT,,3
GOPR0320U20_trajectories_dynamic.json,2963,0.915434,0.798432,0.313696,0.338434,VERTICAL,OUTSIDE_RIGHT,,
GOPR0320U20_trajectories_dynamic.json,2964,0.058041,0.765828,-0.273581,0.310066,RIGHT_TO_LEFT,OUTSIDE_LEFT,,0
GOPR0320U20_trajectories_dynamic.json,2965,0.946043,0.678861,0.044687,-0.001090,VERTICAL,OUTSIDE_RIGHT,,
GOPR0320U20_trajectories_dynamic.json,2969,0.358464,0.646244,-0.247814,0.100357,RIGHT_TO_LEFT,INSIDE_MOVING_LEFT,0.000000,0
GOPR0320U20_trajectories_dynamic.json,2988,0.225043,0.751231,-0.513388,0.123247,RIGHT_TO_LEFT,OUTSIDE_LEFT,,0
GOPR0320U20_trajectories_dynamic.json,2991,0.090661,0.800185,-0.301866,0.282186,RIGHT_TO_LEFT,OUTSIDE_LEFT,,0
GOPR0320U20_trajectories_dynamic.json,3013,0.668003,0.811099,0.163592,0.462600,LEFT_TO_RIGHT,OUTSIDE_RIGHT,,0
GOPR0320U20_trajectories_dynamic.json,3015,0.457248,0.537613,0.234735,-0.040635,LEFT_TO_RIGHT,INSIDE_MOVING_RIGHT,0.000000,12
GOPR0320U20_trajectories_dynamic.json,3019,0.837031,0.859872,0.508488,0.427049,LEFT_TO_RIGHT,OUTSIDE_RIGHT,,0
GOPR0320U20_trajectories_dynamic.json,3061,0.815711,0.809214,0.394361,0.401781,LEFT_TO_RIGHT,OUTSIDE_RIGHT,,0
GOPR0320U20_trajectories_dynamic.json,3066,0.046842,0.680728,-0.024908,0.098086,RIGHT_TO_LEFT,OUTSIDE_LEFT,,
GOPR0320U20_trajectories_dynamic.json,3068,0.860480,0.720518,0.497186,0.144459,LEFT_TO_RIGHT,OUTSIDE_RIGHT,,0
GOPR0320U20_trajectories_dynamic.json,3073,0.870688,0.709708,0.583940,0.203673,LEFT_TO_RIGHT,OUTSIDE_RIGHT,,0
GOPR0320U20_trajectories_dynamic.json,3130,0.740340,0.859949,0.424522,0.509514,LEFT_TO_RIGHT,OUTSIDE_RIGHT,,0
GOPR0320U20_trajectories_dynamic.json,3134,0.154776,0.863558,-0.446299,0.513853,RIGHT_TO_LEFT,OUTSIDE_LEFT,,0
GOPR0320U20_trajectories_dynamic.json,3143,0.112017,0.771235,-0.328083,0.304718,RIGHT_TO_LEFT,OUTSIDE_LEFT,,2
GOPR0320U20_trajectories_dynamic.json,3145,0.798413,1.000000,0.447177,0.716718,LEFT_TO_RIGHT,OUTSIDE_RIGHT,,0
GOPR0320U20_trajectories_dynamic.json,3159,0.903219,0.671693,0.361974,0.205914,LEFT_TO_RIGHT,OUTSIDE_RIGHT,,0
GOPR0320U20_trajectories_dynamic.json,3163,0.782061,0.778482,0.225926,0.345995,LEFT_TO_RIGHT,OUTSIDE_RIGHT,,0
GOPR0320U20_trajectories_dynamic.json,3176,0.883926,0.651767,0.038537,0.016716,LEFT_TO_RIGHT,OUTSIDE_RIGHT,,
GOPR0320U20_trajectories_dynamic.json,3177,0.729152,0.796511,0.238939,0.284521,LEFT_TO_RIGHT,OUTSIDE_RIGHT,,0
GOPR0320U20_trajectories_dynamic.json,3178,0.407362,0.588224,0.139049,0.034347,RIGHT_TO_LEFT,INSIDE_MOVING_RIGHT,0.000000,0
GOPR0320U20_trajectories_dynamic.json,3179,0.654730,0.773054,0.439577,0.151966,LEFT_TO_RIGHT,OUTSIDE_RIGHT,,0
GOPR0320U20_trajectories_dynamic.json,3180,0.709779,0.642672,0.243243,0.049299,LEFT_TO_RIGHT,OUTSIDE_RIGHT,,0
GOPR0320U20_trajectories_dynamic.json,3182,0.031590,0.621035,0.031370,0.059614,RIGHT_TO_LEFT,APPROACHING_FROM_LEFT,10.150247,
GOPR0320U20_trajectories_dynamic.json,3234,0.064191,0.762141,-0.437057,0.145895,RIGHT_TO_LEFT,OUTSIDE_LEFT,,0
GOPR0320U20_trajectories_dynamic.json,3236,0.749486,0.767599,0.335040,0.454839,LEFT_TO_RIGHT,OUTSIDE_RIGHT,,6
GOPR0320U20_trajectories_dynamic.json,3245,0.021909,0.673503,-0.370728,0.148304,RIGHT_TO_LEFT,OUTSIDE_LEFT,,0
GOPR0320U20_trajectories_dynamic.json,3306,0.740303,0.876164,0.349051,0.399590,LEFT_TO_RIGHT,OUTSIDE_RIGHT,,0
GOPR0320U20_trajectories_dynamic.json,3331,0.726053,0.879804,0.486174,0.530203,LEFT_TO_RIGHT,OUTSIDE_RIGHT,,0
GOPR0320U20_trajectories_dynamic.json,3340,0.028990,0.687973,-0.501933,0.135795,RIGHT_TO_LEFT,OUTSIDE_LEFT,,
GOPR0320U20_trajectories_dynamic.json,3360,0.122196,0.823706,-0.447568,0.379396,RIGHT_TO_LEFT,OUTSIDE_LEFT,,0
GOPR0320U20_trajectories_dynamic.json,3367,0.055990,0.667966,-0.361711,0.069549,RIGHT_TO_LEFT,OUTSIDE_LEFT,,0
GOPR0320U20_trajectories_dynamic.json,3407,0.819766,0.724141,0.393234,0.323299,LEFT_TO_RIGHT,OUTSIDE_RIGHT,,0
GOPR0320U20_trajectories_dynamic.json,3431,0.103844,0.963084,-0.401178,0.648758,RIGHT_TO_LEFT,OUTSIDE_LEFT,,0
GOPR0320U20_trajectories_dynamic.json,3432,0.058091,0.687939,-0.309693,0.142459,RIGHT_TO_LEFT,OUTSIDE_LEFT,,0
GOPR0320U20_trajectories_dynamic.json,3451,0.065158,0.662501,-0.653175,0.135916,RIGHT_TO_LEFT,OUTSIDE_LEFT,,8
GOPR0320U20_trajectories_dynamic.json,3459,0.749451,0.655394,0.062072,-0.034964,RIGHT_TO_LEFT,OUTSIDE_RIGHT,,
GOPR0321U20_trajectories_dynamic.json,1,0.050922,0.689762,-0.405226,0.174324,VERTICAL,OUTSIDE_LEFT,,
GOPR0321U20_trajectories_dynamic.json,28,0.096726,0.624572,-0.344481,0.097773,RIGHT_TO_LEFT,OUTSIDE_LEFT,,0
GOPR0321U20_trajectories_dynamic.json,30,0.868648,0.745888,0.296493,0.218667,LEFT_TO_RIGHT,OUTSIDE_RIGHT,,
GOPR0321U20_trajectories_dynamic.json,110,0.339070,0.622826,-0.168097,0.007557,RIGHT_TO_LEFT,OUTSIDE_LEFT,,0
GOPR0321U20_trajectories_dynamic.json,112,0.821803,0.926881,0.295235,0.461982,LEFT_TO_RIGHT,OUTSIDE_RIGHT,,
GOPR0321U20_trajectories_dynamic.json,198,0.292228,0.682478,-0.175598,0.082116,RIGHT_TO_LEFT,OUTSIDE_LEFT,,0
GOPR0321U20_trajectories_dynamic.json,199,0.235208,0.613688,-0.308679,-0.007251,RIGHT_TO_LEFT,OUTSIDE_LEFT,,0
GOPR0321U20_trajectories_dynamic.json,217,0.187332,0.954100,-0.205296,0.519703,RIGHT_TO_LEFT,OUTSIDE_LEFT,,0
GOPR0321U20_trajectories_dynamic.json,231,0.847332,0.751297,0.485479,0.280165,LEFT_TO_RIGHT,OUTSIDE_RIGHT,,0
GOPR0321U20_trajectories_dynamic.json,236,0.773968,0.888938,0.432531,0.561443,LEFT_TO_RIGHT,OUTSIDE_RIGHT,,0
GOPR0321U20_trajectories_dynamic.json,244,0.285127,0.559365,-0.090717,-0.093300,LEFT_TO_RIGHT,OUTSIDE_LEFT,,
GOPR0321U20_trajectories_dynamic.json,258,0.145616,0.800178,-0.349407,0.345481,RIGHT_TO_LEFT,OUTSIDE_LEFT,,0
GOPR0321U20_trajectories_dynamic.json,266,0.806492,0.796562,0.238062,0.365098,LEFT_TO_RIGHT,OUTSIDE_RIGHT,,0
GOPR0321U20_trajectories_dynamic.json,276,0.932770,0.635435,0.567111,0.126575,LEFT_TO_RIGHT,OUTSIDE_RIGHT,,0
GOPR0321U20_trajectories_dynamic.json,315,0.486753,0.606458,0.292086,0.034948,LEFT_TO_RIGHT,INSIDE_MOVING_RIGHT,0.000000,15
GOPR0321U20_trajectories_dynamic.json,331,0.087596,0.778461,-0.666533,0.260861,RIGHT_TO_LEFT,OUTSIDE_LEFT,,16
GOPR0321U20_trajectories_dynamic.json,334,0.092654,0.668068,-0.299096,0.104672,RIGHT_TO_LEFT,OUTSIDE_LEFT,,
GOPR0321U20_trajectories_dynamic.json,349,0.932797,0.648164,0.234432,0.003945,LEFT_TO_RIGHT,OUTSIDE_RIGHT,,0
GOPR0321U20_trajectories_dynamic.json,351,0.877801,0.653560,0.442512,-0.027671,LEFT_TO_RIGHT,OUTSIDE_RIGHT,,0
GOPR0321U20_trajectories_dynamic.json,354,0.481642,0.561078,-0.191083,-0.049547,RIGHT_TO_LEFT,INSIDE_MOVING_LEFT,0.000000,0
GOPR0321U20_trajectories_dynamic.json,410,0.102883,0.823722,-0.539916,0.123348,RIGHT_TO_LEFT,OUTSIDE_LEFT,,0
GOPR0321U20_trajectories_dynamic.json,417,0.717931,0.872617,0.317800,0.489830,LEFT_TO_RIGHT,OUTSIDE_RIGHT,,0
GOPR0321U20_trajectories_dynamic.json,425,0.373625,0.575683,0.104106,-0.005927,LEFT_TO_RIGHT,INSIDE_MOVING_RIGHT,0.000000,13
GOPR0321U20_trajectories_dynamic.json,473,0.221015,0.885268,-0.545193,0.466860,RIGHT_TO_LEFT,OUTSIDE_LEFT,,0
GOPR0321U20_trajectories_dynamic.json,493,0.196525,0.669848,-0.026500,0.276353,RIGHT_TO_LEFT,OUTSIDE_LEFT,,4
GOPR0321U20_trajectories_dynamic.json,517,0.885953,0.702433,0.196401,-0.100783,LEFT_TO_RIGHT,OUTSIDE_RIGHT,,21
GOPR0321U20_trajectories_dynamic.json,542,0.056014,0.591871,-0.397860,0.015890,RIGHT_TO_LEFT,OUTSIDE_LEFT,,0
GOPR0321U20_trajectories_dynamic.json,543,0.879863,0.702415,0.220916,0.175403,LEFT_TO_RIGHT,OUTSIDE_RIGHT,,0
GOPR0321U20_trajectories_dynamic.json,605,0.683260,0.515933,-0.131144,-0.063450,RIGHT_TO_LEFT,APPROACHING_FROM_RIGHT,0.253616,
GOPR0321U20_trajectories_dynamic.json,614,0.070290,0.818273,-0.115970,-0.034038,RIGHT_TO_LEFT,OUTSIDE_LEFT,,0
GOPR0321U20_trajectories_dynamic.json,623,0.542761,0.601108,0.038580,0.017020,RIGHT_TO_LEFT,INSIDE_MOVING_RIGHT,0.000000,10
GOPR0321U20_trajectories_dynamic.json,624,0.934797,0.633654,0.015157,0.077877,LEFT_TO_RIGHT,OUTSIDE_RIGHT,,
GOPR0321U20_trajectories_dynamic.json,674,0.038195,0.769465,-0.321187,0.079644,RIGHT_TO_LEFT,OUTSIDE_LEFT,,
GOPR0321U20_trajectories_dynamic.json,675,0.162934,0.677061,-0.175123,-0.005564,RIGHT_TO_LEFT,OUTSIDE_LEFT,,4
GOPR0321U20_trajectories_dynamic.json,681,0.079404,0.687860,-0.216728,0.106504,RIGHT_TO_LEFT,OUTSIDE_LEFT,,
GOPR0321U20_trajectories_dynamic.json,686,0.736270,0.850919,0.344098,0.362528,LEFT_TO_RIGHT,OUTSIDE_RIGHT,,0
GOPR0321U20_trajectories_dynamic.json,687,0.211777,0.769385,-0.346139,0.331650,RIGHT_TO_LEFT,OUTSIDE_LEFT,,0
GOPR0321U20_trajectories_dynamic.json,688,0.293324,0.729599,-0.222933,0.251429,RIGHT_TO_LEFT,OUTSIDE_LEFT,,0
GOPR0321U20_trajectories_dynamic.json,710,0.824859,0.838172,0.390493,0.348247,LEFT_TO_RIGHT,OUTSIDE_RIGHT,,0
GOPR0321U20_trajectories_dynamic.json,712,0.812596,0.849015,0.450872,0.292336,LEFT_TO_RIGHT,OUTSIDE_RIGHT,,0
GOPR0321U20_trajectories_dynamic.json,735,0.919555,0.762142,0.521539,0.272492,LEFT_TO_RIGHT,OUTSIDE_RIGHT,,0
GOPR0321U20_trajectories_dynamic.json,779,0.064120,0.671688,-0.616839,0.096218,RIGHT_TO_LEFT,OUTSIDE_LEFT,,0
GOPR0321U20_trajectories_dynamic.json,793,0.749495,0.664383,0.107973,0.062877,RIGHT_TO_LEFT,OUTSIDE_RIGHT,,
GOPR0321U20_trajectories_dynamic.json,806,0.537702,0.620883,0.168593,-0.020110,VERTICAL,INSIDE_MOVING_RIGHT,0.000000,0
GOPR0321U20_trajectories_dynamic.json,847,0.056023,0.839981,-0.307841,0.173739,RIGHT_TO_LEFT,OUTSIDE_LEFT,,0
GOPR0321U20_trajectories_dynamic.json,851,0.941926,0.584746,0.253536,0.177942,LEFT_TO_RIGHT,OUTSIDE_RIGHT,,
GOPR0321U20_trajectories_dynamic.json,854,0.900176,0.550338,0.339156,0.075133,LEFT_TO_RIGHT,OUTSIDE_RIGHT,,0
GOPR0321U20_trajectories_dynamic.json,889,0.797407,0.776667,0.421962,0.373557,LEFT_TO_RIGHT,OUTSIDE_RIGHT,,5
GOPR0321U20_trajectories_dynamic.json,997,0.086532,0.606427,-0.345571,0.075479,RIGHT_TO_LEFT,OUTSIDE_LEFT,,0
GOPR0321U20_trajectories_dynamic.json,1011,0.847246,0.811052,0.394957,0.431065,LEFT_TO_RIGHT,OUTSIDE_RIGHT,,0
GOPR0321U20_trajectories_dynamic.json,1031,0.078376,0.635476,-0.226332,0.061569,RIGHT_TO_LEFT,OUTSIDE_LEFT,,0
GOPR0321U20_trajectories_dynamic.json,1038,0.806529,0.798364,0.272157,0.268436,LEFT_TO_RIGHT,OUTSIDE_RIGHT,,11
GOPR0321U20_trajectories_dynamic.json,1039,0.933816,0.658972,0.072246,0.014685,LEFT_TO_RIGHT,OUTSIDE_RIGHT,,
GOPR0321U20_trajectories_dynamic.json,1084,0.790268,0.751283,0.277251,0.273503,LEFT_TO_RIGHT,OUTSIDE_RIGHT,,0
GOPR0321U20_trajectories_dynamic.json,1110,0.063135,0.709657,-0.434868,0.197104,RIGHT_TO_LEFT,OUTSIDE_LEFT,,0
GOPR0321U20_trajectories_dynamic.json,1114,0.167022,0.791111,-0.254518,0.328261,RIGHT_TO_LEFT,OUTSIDE_LEFT,,0
GOPR0321U20_trajectories_dynamic.json,1119,0.060086,0.649988,-0.297503,0.237605,RIGHT_TO_LEFT,OUTSIDE_LEFT,,
GOPR0321U20_trajectories_dynamic.json,1123,0.661938,0.854458,0.328624,0.492260,LEFT_TO_RIGHT,OUTSIDE_RIGHT,,0
GOPR0321U20_trajectories_dynamic.json,1154,0.430725,0.610064,0.012614,0.038502,VERTICAL,INSIDE_STATIONARY,0.000000,0
GOPR0321U20_trajectories_dynamic.json,1175,0.730123,0.878004,0.680336,0.216968,LEFT_TO_RIGHT,OUTSIDE_RIGHT,,16
GOPR0321U20_trajectories_dynamic.json,1226,0.106931,0.753094,-0.505368,0.331818,RIGHT_TO_LEFT,OUTSIDE_LEFT,,8
GOPR0321U20_trajectories_dynamic.json,1236,0.293233,0.597367,-0.335655,-0.020793,RIGHT_TO_LEFT,OUTSIDE_LEFT,,0
GOPR0321U20_trajectories_dynamic.json,1239,0.268810,0.780314,-0.126870,0.119322,RIGHT_TO_LEFT,OUTSIDE_LEFT,,0
GOPR0321U20_trajectories_dynamic.json,1292,0.799350,0.818283,0.378748,0.395809,LEFT_TO_RIGHT,OUTSIDE_RIGHT,,0
GOPR0321U20_trajectories_dynamic.json,1304,0.069236,0.622825,-0.328552,0.035932,RIGHT_TO_LEFT,OUTSIDE_LEFT,,
GOPR0321U20_trajectories_dynamic.json,1342,0.893098,0.736799,0.446860,0.247225,LEFT_TO_RIGHT,OUTSIDE_RIGHT,,4
GOPR0321U20_trajectories_dynamic.json,1356,0.471507,0.591913,-0.139733,-0.007959,RIGHT_TO_LEFT,INSIDE_MOVING_LEFT,0.000000,0
GOPR0321U20_trajectories_dynamic.json,1358,0.742362,0.753147,0.314782,0.407502,LEFT_TO_RIGHT,OUTSIDE_RIGHT,,0
GOPR0321U20_trajectories_dynamic.json,1368,0.455202,0.555768,0.012534,-0.028070,LEFT_TO_RIGHT,INSIDE_STATIONARY,0.000000,0
GOPR0321U20_trajectories_dynamic.json,1372,0.668024,0.552181,0.176113,-0.115023,LEFT_TO_RIGHT,OUTSIDE_RIGHT,,0
GOPR0321U20_trajectories_dynamic.json,1430,0.268861,0.780251,-0.395149,0.269228,RIGHT_TO_LEFT,OUTSIDE_LEFT,,0
GOPR0321U20_trajectories_dynamic.json,1479,0.808550,0.778469,0.664872,0.508962,LEFT_TO_RIGHT,OUTSIDE_RIGHT,,0
GOPR0321U20_trajectories_dynamic.json,1505,0.154772,0.796558,-0.611018,0.179276,RIGHT_TO_LEFT,OUTSIDE_LEFT,,0
GOPR0321U20_trajectories_dynamic.json,1519,0.100841,0.687917,-0.566064,-0.034157,RIGHT_TO_LEFT,OUTSIDE_LEFT,,0
GOPR0321U20_trajectories_dynamic.json,1642,0.812648,0.778472,0.587245,0.330879,LEFT_TO_RIGHT,OUTSIDE_RIGHT,,0
GOPR0321U20_trajectories_dynamic.json,1643,0.802432,0.832801,0.468517,-0.098077,LEFT_TO_RIGHT,OUTSIDE_RIGHT,,12
GOPR0321U20_trajectories_dynamic.json,1653,0.816746,0.744083,0.389792,0.039122,LEFT_TO_RIGHT,OUTSIDE_RIGHT,,0
GOPR0321U20_trajectories_dynamic.json,1663,0.779027,0.883455,0.033984,0.261866,RIGHT_TO_LEFT,OUTSIDE_RIGHT,,
GOPR0321U20_trajectories_dynamic.json,1819,0.358541,0.622898,-0.095946,0.147512,LEFT_TO_RIGHT,INSIDE_MOVING_LEFT,0.000000,11
GOPR0321U20_trajectories_dynamic.json,1848,0.862578,0.867199,0.086957,0.325260,LEFT_TO_RIGHT,OUTSIDE_RIGHT,,1
GOPR0321U20_trajectories_dynamic.json,1850,0.857434,0.801951,-0.097993,0.287103,LEFT_TO_RIGHT,APPROACHING_FROM_RIGHT,2.116813,
GOPR0321U20_trajectories_dynamic.json,1859,0.789182,0.689731,0.641276,0.079598,LEFT_TO_RIGHT,OUTSIDE_RIGHT,,0
GOPR0321U20_trajectories_dynamic.json,1904,0.665980,0.626375,0.175437,0.022763,LEFT_TO_RIGHT,OUTSIDE_RIGHT,,0
GOPR0321U20_trajectories_dynamic.json,1908,0.752546,0.852692,0.416843,0.076793,LEFT_TO_RIGHT,OUTSIDE_RIGHT,,0
GOPR0321U20_trajectories_dynamic.json,1946,0.591628,0.789237,-0.078278,0.087903,RIGHT_TO_LEFT,INSIDE_MOVING_LEFT,0.000000,16
GOPR0321U20_trajectories_dynamic.json,2011,0.293262,0.852627,-0.314036,0.495975,RIGHT_TO_LEFT,OUTSIDE_LEFT,,0
GOPR0321U20_trajectories_dynamic.json,2012,0.118116,0.798347,-0.529005,0.438681,RIGHT_TO_LEFT,OUTSIDE_LEFT,,0
GOPR0321U20_trajectories_dynamic.json,2017,0.786129,0.852702,0.268462,0.121175,RIGHT_TO_LEFT,OUTSIDE_RIGHT,,15
GOPR0321U20_trajectories_dynamic.json,2067,0.804466,0.778365,0.210869,0.327039,LEFT_TO_RIGHT,OUTSIDE_RIGHT,,0
GOPR0321U20_trajectories_dynamic.json,2079,0.699627,0.564854,-0.158149,-0.052328,RIGHT_TO_LEFT,APPROACHING_FROM_RIGHT,0.313797,
GOPR0321U20_trajectories_dynamic.json,2093,0.047862,0.718812,-0.634792,0.270452,RIGHT_TO_LEFT,OUTSIDE_LEFT,,0
GOPR0321U20_trajectories_dynamic.json,2211,0.892047,0.896105,0.594002,0.482885,LEFT_TO_RIGHT,OUTSIDE_RIGHT,,0
GOPR0321U20_trajectories_dynamic.json,2222,0.528434,0.669834,-0.011243,0.058835,LEFT_TO_RIGHT,INSIDE_STATIONARY,0.000000,0
GOPR0321U20_trajectories_dynamic.json,2227,0.387982,0.604667,0.026277,0.039875,VERTICAL,INSIDE_STATIONARY,0.000000,0
GOPR0321U20_trajectories_dynamic.json,2229,0.476638,0.626410,0.008545,-0.031201,LEFT_TO_RIGHT,INSIDE_STATIONARY,0.000000,0
GOPR0321U20_trajectories_dynamic.json,2230,0.698576,0.597445,0.122036,-0.107258,VERTICAL,OUTSIDE_RIGHT,,3
GOPR0321U20_trajectories_dynamic.json,2233,0.422582,0.595635,0.016813,-0.026243,LEFT_TO_RIGHT,INSIDE_STATIONARY,0.000000,0
GOPR0321U20_trajectories_dynamic.json,2272,0.341137,0.686141,-0.140215,-0.003271,RIGHT_TO_LEFT,OUTSIDE_LEFT,,0
GOPR0321U20_trajectories_dynamic.json,2319,0.897148,0.905158,0.258855,0.137930,RIGHT_TO_LEFT,OUTSIDE_RIGHT,,
GOPR0321U20_trajectories_dynamic.json,2321,0.020837,0.707909,-0.212521,-0.056561,RIGHT_TO_LEFT,OUTSIDE_LEFT,,
GOPR0321U20_trajectories_dynamic.json,2324,0.220016,0.952251,-0.481753,0.406423,RIGHT_TO_LEFT,OUTSIDE_LEFT,,0
GOPR0321U20_trajectories_dynamic.json,2328,0.201652,0.805573,-0.115900,0.055115,RIGHT_TO_LEFT,OUTSIDE_LEFT,,
GOPR0321U20_trajectories_dynamic.json,2344,0.317724,0.586480,-0.119861,-0.053396,RIGHT_TO_LEFT,OUTSIDE_LEFT,,0
GOPR0321U20_trajectories_dynamic.json,2353,0.063116,0.697012,-0.173277,0.008101,RIGHT_TO_LEFT,OUTSIDE_LEFT,,
GOPR0321U20_trajectories_dynamic.json,2363,0.083522,0.718704,-0.134204,-0.001605,VERTICAL,OUTSIDE_LEFT,,
GOPR0321U20_trajectories_dynamic.json,2368,0.038716,0.658985,-0.568791,0.092999,RIGHT_TO_LEFT,OUTSIDE_LEFT,,2
GOPR0321U20_trajectories_dynamic.json,2509,0.715901,0.602878,-0.193013,-0.119080,RIGHT_TO_LEFT,APPROACHING_FROM_RIGHT,0.341433,
GOPR0321U20_trajectories_dynamic.json,2569,0.507143,0.635421,-0.080498,0.017429,RIGHT_TO_LEFT,INSIDE_MOVING_LEFT,0.000000,5
GOPR0321U20_trajectories_dynamic.json,2596,0.396128,0.709631,0.022381,0.023990,RIGHT_TO_LEFT,INSIDE_STATIONARY,0.000000,0
GOPR0321U20_trajectories_dynamic.json,2597,0.106934,0.859978,-0.575405,0.306790,RIGHT_TO_LEFT,OUTSIDE_LEFT,,0
GOPR0321U20_trajectories_dynamic.json,2635,0.807503,0.964938,0.473277,0.687609,LEFT_TO_RIGHT,OUTSIDE_RIGHT,,0
GOPR0321U20_trajectories_dynamic.json,2657,0.237332,0.800153,0.100957,0.003376,RIGHT_TO_LEFT,APPROACHING_FROM_LEFT,1.116003,0
GOPR0321U20_trajectories_dynamic.json,2658,0.293252,0.972158,-0.417851,0.353659,RIGHT_TO_LEFT,OUTSIDE_LEFT,,0
GOPR0321U20_trajectories_dynamic.json,2683,0.067170,0.863535,-0.120539,0.398903,RIGHT_TO_LEFT,OUTSIDE_LEFT,,
GOPR0321U20_trajectories_dynamic.json,2720,0.674111,0.906913,0.411861,0.499671,LEFT_TO_RIGHT,OUTSIDE_RIGHT,,0
GOPR0321U20_trajectories_dynamic.json,2800,0.726054,0.678966,0.390089,0.176710,LEFT_TO_RIGHT,OUTSIDE_RIGHT,,0
GOPR0321U20_trajectories_dynamic.json,2810,0.103906,0.628246,-0.083318,-0.186262,RIGHT_TO_LEFT,OUTSIDE_LEFT,,
GOPR0321U20_trajectories_dynamic.json,2854,0.451094,0.599228,-0.098803,-0.080922,RIGHT_TO_LEFT,INSIDE_MOVING_LEFT,0.000000,0
GOPR0321U20_trajectories_dynamic.json,2860,0.664961,0.856294,0.055943,0.124322,RIGHT_TO_LEFT,OUTSIDE_RIGHT,,21
GOPR0321U20_trajectories_dynamic.json,2881,0.278041,0.829131,-0.192742,0.370677,RIGHT_TO_LEFT,OUTSIDE_LEFT,,0
GOPR0321U20_trajectories_dynamic.json,2909,0.217908,0.834552,-0.439948,0.439067,RIGHT_TO_LEFT,OUTSIDE_LEFT,,2
GOPR0321U20_trajectories_dynamic.json,2922,0.301452,0.854540,-0.281991,0.531023,RIGHT_TO_LEFT,OUTSIDE_LEFT,,0
GOPR0321U20_trajectories_dynamic.json,2965,0.098828,0.660773,0.304099,-0.261764,RIGHT_TO_LEFT,APPROACHING_FROM_LEFT,0.825953,0
GOPR0321U20_trajectories_dynamic.json,2968,0.740331,0.861733,0.438952,0.381253,LEFT_TO_RIGHT,OUTSIDE_RIGHT,,4
GOPR0321U20_trajectories_dynamic.json,3025,0.218952,0.955945,-0.567259,0.487279,RIGHT_TO_LEFT,OUTSIDE_LEFT,,0
GOPR0321U20_trajectories_dynamic.json,3031,0.300365,0.903403,-0.288439,0.539412,RIGHT_TO_LEFT,OUTSIDE_LEFT,,0
GOPR0321U20_trajectories_dynamic.json,3033,0.665948,0.914218,0.172793,0.348226,RIGHT_TO_LEFT,OUTSIDE_RIGHT,,10
GOPR0321U20_trajectories_dynamic.json,3078,0.055021,0.801972,-0.459281,0.371468,RIGHT_TO_LEFT,OUTSIDE_LEFT,,6
GOPR0321U20_trajectories_dynamic.json,3129,0.769870,0.945021,0.897665,0.571978,LEFT_TO_RIGHT,OUTSIDE_RIGHT,,0
GOPR0321U20_trajectories_dynamic.json,3134,0.160904,0.903389,-0.325125,0.358908,RIGHT_TO_LEFT,OUTSIDE_LEFT,,0
GOPR0321U20_trajectories_dynamic.json,3138,0.169054,0.820120,-0.257602,0.101132,RIGHT_TO_LEFT,OUTSIDE_LEFT,,10
GOPR0321U20_trajectories_dynamic.json,3181,0.876773,0.774829,0.608832,0.331393,LEFT_TO_RIGHT,OUTSIDE_RIGHT,,0
GOPR0321U20_trajectories_dynamic.json,3206,0.066202,0.838244,-0.770773,0.419883,RIGHT_TO_LEFT,OUTSIDE_LEFT,,0
GOPR0321U20_trajectories_dynamic.json,3223,0.911402,0.698716,0.419017,0.148663,LEFT_TO_RIGHT,OUTSIDE_RIGHT,,
GOPR0321U20_trajectories_dynamic.json,3289,0.312640,0.820085,-0.150751,0.044959,RIGHT_TO_LEFT,OUTSIDE_LEFT,,0
GOPR0321U20_trajectories_dynamic.json,3329,0.129277,0.716915,-0.307320,0.216238,RIGHT_TO_LEFT,OUTSIDE_LEFT,,
GOPR0321U20_trajectories_dynamic.json,3397,0.901230,0.747689,0.126636,0.159459,LEFT_TO_RIGHT,OUTSIDE_RIGHT,,0
GOPR0321U20_trajectories_dynamic.json,3400,0.675124,0.577492,0.187489,0.010878,LEFT_TO_RIGHT,OUTSIDE_RIGHT,,0
GOPR0321U20_trajectories_dynamic.json,3455,0.059050,0.792969,-0.485840,0.365905,RIGHT_TO_LEFT,OUTSIDE_LEFT,,0
GOPR0321U20_trajectories_dynamic.json,3464,0.190389,0.812889,-0.312743,0.364053,RIGHT_TO_LEFT,OUTSIDE_LEFT,,0
GOPR0321U20_trajectories_dynamic.json,3466,0.764779,0.765782,0.317928,0.388771,LEFT_TO_RIGHT,OUTSIDE_RIGHT,,0
GOPR0321U20_trajectories_dynamic.json,3467,0.230138,0.689778,-0.453206,0.166652,RIGHT_TO_LEFT,OUTSIDE_LEFT,,0
GOPR0321U20_trajectories_dynamic.json,3497,0.134384,0.885287,-0.557301,0.556356,RIGHT_TO_LEFT,OUTSIDE_LEFT,,0
GOPR0321U20_trajectories_dynamic.json,3508,0.123244,0.821884,-0.394042,0.119984,RIGHT_TO_LEFT,OUTSIDE_LEFT,,0
GOPR0321U20_trajectories_dynamic.json,3512,0.867594,0.684338,0.557012,0.097936,LEFT_TO_RIGHT,OUTSIDE_RIGHT,,0
GOPR0321U20_trajectories_dynamic.json,3529,0.106957,0.716917,-0.348525,0.188437,RIGHT_TO_LEFT,OUTSIDE_LEFT,,0
GOPR0321U20_trajectories_dynamic.json,3533,0.330931,0.606450,-0.150149,0.047577,RIGHT_TO_LEFT,OUTSIDE_LEFT,,0
GOPR0321U20_trajectories_dynamic.json,3538,0.256651,0.727746,-0.212108,0.281341,RIGHT_TO_LEFT,OUTSIDE_LEFT,,0
GOPR0321U20_trajectories_dynamic.json,3562,0.943980,0.586626,0.067312,-0.035522,LEFT_TO_RIGHT,OUTSIDE_RIGHT,,
GOPR0321U20_trajectories_dynamic.json,3565,0.847219,0.753102,0.502474,0.319371,LEFT_TO_RIGHT,OUTSIDE_RIGHT,,0
GOPR0321U20_trajectories_dynamic.json,3574,0.049350,0.832722,-0.678957,0.412857,RIGHT_TO_LEFT,OUTSIDE_LEFT,,0
GOPR0321U20_trajectories_dynamic.json,3611,0.109982,0.731387,-0.489012,0.246312,RIGHT_TO_LEFT,OUTSIDE_LEFT,,0
GOPR0321U20_trajectories_dynamic.json,3628,0.301374,0.624599,-0.101755,0.068818,RIGHT_TO_LEFT,OUTSIDE_LEFT,,5
GOPR0321U20_trajectories_dynamic.json,3631,0.914406,0.680715,0.174853,0.196940,LEFT_TO_RIGHT,OUTSIDE_RIGHT,,
GOPR0321U20_trajectories_dynamic.json,3648,0.038687,0.610150,-0.146783,0.062507,RIGHT_TO_LEFT,OUTSIDE_LEFT,,
GOPR0321U20_trajectories_dynamic.json,3681,0.075377,0.613685,-0.159863,0.015169,RIGHT_TO_LEFT,OUTSIDE_LEFT,,
GOPR0321U20_trajectories_dynamic.json,3682,0.038690,0.593906,-0.358147,0.009325,RIGHT_TO_LEFT,OUTSIDE_LEFT,,
GOPR0321U20_trajectories_dynamic.json,3685,0.909340,0.669883,0.361862,0.169076,LEFT_TO_RIGHT,OUTSIDE_RIGHT,,0
GOPR0321U20_trajectories_dynamic.json,3697,0.841109,0.874410,0.278867,0.413468,LEFT_TO_RIGHT,OUTSIDE_RIGHT,,0
GOPR0321U20_trajectories_dynamic.json,3698,0.826813,0.566611,0.064229,-0.012458,LEFT_TO_RIGHT,OUTSIDE_RIGHT,,
GOPR0321U20_trajectories_dynamic.json,3700,0.880887,0.693382,0.230261,0.086420,LEFT_TO_RIGHT,OUTSIDE_RIGHT,,
GOPR0323U20_trajectories_dynamic.json,14,0.342166,0.564856,0.133403,0.059940,LEFT_TO_RIGHT,APPROACHING_FROM_LEFT,0.058721,
GOPR0323U20_trajectories_dynamic.json,144,0.047841,0.756771,-0.618240,0.259752,RIGHT_TO_LEFT,OUTSIDE_LEFT,,0
GOPR0323U20_trajectories_dynamic.json,149,0.021831,0.557623,-0.555205,-0.053743,RIGHT_TO_LEFT,OUTSIDE_LEFT,,7
GOPR0323U20_trajectories_dynamic.json,152,0.835020,0.650007,0.341023,0.117240,LEFT_TO_RIGHT,OUTSIDE_RIGHT,,0
GOPR0323U20_trajectories_dynamic.json,172,0.165970,0.794758,-0.160158,0.300651,RIGHT_TO_LEFT,OUTSIDE_LEFT,,0
GOPR0323U20_trajectories_dynamic.json,178,0.354376,0.599169,-0.234878,0.070561,RIGHT_TO_LEFT,INSIDE_MOVING_LEFT,0.000000,0
GOPR0323U20_trajectories_dynamic.json,204,0.828965,0.711492,0.523622,0.226801,LEFT_TO_RIGHT,OUTSIDE_RIGHT,,0
GOPR0323U20_trajectories_dynamic.json,239,0.813680,0.809155,0.477512,0.313724,LEFT_TO_RIGHT,OUTSIDE_RIGHT,,0
GOPR0323U20_trajectories_dynamic.json,243,0.319755,0.959545,-0.063232,0.248011,RIGHT_TO_LEFT,OUTSIDE_LEFT,,0
GOPR0323U20_trajectories_dynamic.json,283,0.862551,0.727771,0.452082,0.227730,LEFT_TO_RIGHT,OUTSIDE_RIGHT,,0
GOPR0323U20_trajectories_dynamic.json,309,0.783088,0.707862,0.266572,0.301617,LEFT_TO_RIGHT,OUTSIDE_RIGHT,,0
GOPR0323U20_trajectories_dynamic.json,317,0.886969,0.814644,0.337605,0.195521,LEFT_TO_RIGHT,OUTSIDE_RIGHT,,0
GOPR0323U20_trajectories_dynamic.json,322,0.490859,0.608286,0.019124,-0.009664,VERTICAL,INSIDE_STATIONARY,0.000000,0
GOPR0323U20_trajectories_dynamic.json,324,0.200606,0.811053,-0.377250,0.456697,RIGHT_TO_LEFT,OUTSIDE_LEFT,,0
GOPR0323U20_trajectories_dynamic.json,325,0.886941,0.744065,0.478390,0.352802,LEFT_TO_RIGHT,OUTSIDE_RIGHT,,0
GOPR0323U20_trajectories_dynamic.json,347,0.889992,0.836322,0.660216,0.183128,LEFT_TO_RIGHT,OUTSIDE_RIGHT,,0
GOPR0323U20_trajectories_dynamic.json,372,0.043797,0.619135,-0.294387,0.015914,RIGHT_TO_LEFT,OUTSIDE_LEFT,,
GOPR0323U20_trajectories_dynamic.json,373,0.201610,0.735047,-0.220214,0.197804,RIGHT_TO_LEFT,OUTSIDE_LEFT,,
GOPR0323U20_trajectories_dynamic.json,395,0.748442,0.959478,0.516850,0.066847,RIGHT_TO_LEFT,OUTSIDE_RIGHT,,4
GOPR0323U20_trajectories_dynamic.json,396,0.861504,0.856306,0.582255,0.292852,VERTICAL,OUTSIDE_RIGHT,,3
GOPR0323U20_trajectories_dynamic.json,407,0.296298,0.975785,-0.385529,0.556711,RIGHT_TO_LEFT,OUTSIDE_LEFT,,0
GOPR0323U20_trajectories_dynamic.json,503,0.934840,0.633640,-0.016457,-0.035848,LEFT_TO_RIGHT,OUTSIDE_RIGHT,17.308218,
GOPR0323U20_trajectories_dynamic.json,514,0.082498,0.577506,-0.180778,0.073038,RIGHT_TO_LEFT,OUTSIDE_LEFT,,0
GOPR0323U20_trajectories_dynamic.json,557,0.549912,0.635422,0.422236,0.048318,LEFT_TO_RIGHT,INSIDE_MOVING_RIGHT,0.000000,4
GOPR0323U20_trajectories_dynamic.json,591,0.057019,0.622774,-0.360982,0.042090,RIGHT_TO_LEFT,OUTSIDE_LEFT,,0
GOPR0323U20_trajectories_dynamic.json,602,0.200572,0.836400,-0.727183,0.396142,RIGHT_TO_LEFT,OUTSIDE_LEFT,,30
GOPR0323U20_trajectories_dynamic.json,636,0.045837,0.726000,-0.291750,0.255431,RIGHT_TO_LEFT,OUTSIDE_LEFT,,
GOPR0323U20_trajectories_dynamic.json,745,0.205697,0.789279,-0.399295,0.338090,RIGHT_TO_LEFT,OUTSIDE_LEFT,,0
GOPR0323U20_trajectories_dynamic.json,777,0.780022,0.977592,0.489356,0.642870,LEFT_TO_RIGHT,OUTSIDE_RIGHT,,0
GOPR0323U20_trajectories_dynamic.json,828,0.880836,0.756721,0.609825,0.382273,LEFT_TO_RIGHT,OUTSIDE_RIGHT,,0
GOPR0323U20_trajectories_dynamic.json,842,0.804454,0.812876,0.333673,0.363826,LEFT_TO_RIGHT,OUTSIDE_RIGHT,,0
GOPR0323U20_trajectories_dynamic.json,866,0.735186,0.760301,0.478928,0.362514,LEFT_TO_RIGHT,OUTSIDE_RIGHT,,2
GOPR0323U20_trajectories_dynamic.json,892,0.257616,0.838197,-0.444498,0.388204,RIGHT_TO_LEFT,OUTSIDE_LEFT,,0
GOPR0323U20_trajectories_dynamic.json,906,0.770831,0.782019,0.584864,0.364254,LEFT_TO_RIGHT,OUTSIDE_RIGHT,,0
GOPR0323U20_trajectories_dynamic.json,917,0.152790,0.791122,-0.235029,0.223278,RIGHT_TO_LEFT,OUTSIDE_LEFT,,0
GOPR0323U20_trajectories_dynamic.json,933,0.068188,0.671669,-0.140325,-0.006723,RIGHT_TO_LEFT,OUTSIDE_LEFT,,1
GOPR0323U20_trajectories_dynamic.json,952,0.845238,0.858128,0.486981,0.415015,LEFT_TO_RIGHT,OUTSIDE_RIGHT,,0
GOPR0323U20_trajectories_dynamic.json,975,0.872703,0.675257,0.418577,0.249624,LEFT_TO_RIGHT,OUTSIDE_RIGHT,,0
GOPR0323U20_trajectories_dynamic.json,994,0.111996,0.729616,-0.547106,0.288637,RIGHT_TO_LEFT,OUTSIDE_LEFT,,0
GOPR0323U20_trajectories_dynamic.json,1012,0.144584,0.783915,-0.326310,0.351412,RIGHT_TO_LEFT,OUTSIDE_LEFT,,0
GOPR0323U20_trajectories_dynamic.json,1045,0.325873,0.539588,-0.134424,-0.034303,RIGHT_TO_LEFT,OUTSIDE_LEFT,,0
GOPR0323U20_trajectories_dynamic.json,1105,0.083499,0.664365,-0.198541,0.127955,RIGHT_TO_LEFT,OUTSIDE_LEFT,,
GOPR0323U20_trajectories_dynamic.json,1119,0.967414,0.537733,0.190961,-0.047043,LEFT_TO_RIGHT,OUTSIDE_RIGHT,,
GOPR0323U20_trajectories_dynamic.json,1120,0.961359,0.590196,0.348554,-0.056493,LEFT_TO_RIGHT,OUTSIDE_RIGHT,,
GOPR0323U20_trajectories_dynamic.json,1158,0.164942,0.838233,-0.397988,0.464330,RIGHT_TO_LEFT,OUTSIDE_LEFT,,0
GOPR0323U20_trajectories_dynamic.json,1181,0.807555,0.747701,0.546929,0.258976,LEFT_TO_RIGHT,OUTSIDE_RIGHT,,0
GOPR0323U20_trajectories_dynamic.json,1188,0.066194,0.675165,-0.348024,0.197169,RIGHT_TO_LEFT,OUTSIDE_LEFT,,
GOPR0323U20_trajectories_dynamic.json,1224,0.875773,0.629994,0.360643,0.076030,LEFT_TO_RIGHT,OUTSIDE_RIGHT,,
GOPR0323U20_trajectories_dynamic.json,1238,0.035669,0.595649,-0.268162,0.171732,RIGHT_TO_LEFT,OUTSIDE_LEFT,,
GOPR0323U20_trajectories_dynamic.json,1246,0.827887,0.762068,0.361228,0.373241,LEFT_TO_RIGHT,OUTSIDE_RIGHT,,2
GOPR0323U20_trajectories_dynamic.json,1294,0.873672,0.807508,0.302425,0.365252,LEFT_TO_RIGHT,OUTSIDE_RIGHT,,0
GOPR0323U20_trajectories_dynamic.json,1300,0.333033,0.754910,-0.399532,0.400939,RIGHT_TO_LEFT,OUTSIDE_LEFT,,0
GOPR0323U20_trajectories_dynamic.json,1348,0.091647,0.602871,-0.130881,0.153562,RIGHT_TO_LEFT,OUTSIDE_LEFT,,
GOPR0323U20_trajectories_dynamic.json,1358,0.077386,0.720577,-0.404520,0.222939,RIGHT_TO_LEFT,OUTSIDE_LEFT,,0
GOPR0323U20_trajectories_dynamic.json,1364,0.930723,0.620975,-0.038904,-0.023586,LEFT_TO_RIGHT,APPROACHING_FROM_RIGHT,7.215801,
GOPR0323U20_trajectories_dynamic.json,1372,0.834988,0.687878,0.281891,0.150355,LEFT_TO_RIGHT,OUTSIDE_RIGHT,,6
GOPR0323U20_trajectories_dynamic.json,1391,0.086542,0.613669,-0.538199,0.193640,RIGHT_TO_LEFT,OUTSIDE_LEFT,,8
GOPR0323U20_trajectories_dynamic.json,1438,0.036102,0.713367,-0.160203,0.141490,RIGHT_TO_LEFT,OUTSIDE_LEFT,,0
GOPR0323U20_trajectories_dynamic.json,1442,0.209782,0.798369,-0.724585,0.116252,RIGHT_TO_LEFT,OUTSIDE_LEFT,,1
GOPR0323U20_trajectories_dynamic.json,1531,0.838109,0.803783,0.619972,0.463701,LEFT_TO_RIGHT,OUTSIDE_RIGHT,,0
GOPR0323U20_trajectories_dynamic.json,1570,0.860520,0.859948,0.559494,0.264582,LEFT_TO_RIGHT,OUTSIDE_RIGHT,,2
GOPR0323U20_trajectories_dynamic.json,1617,0.373734,0.794690,-0.185304,0.231227,RIGHT_TO_LEFT,INSIDE_MOVING_LEFT,0.000000,0
GOPR0323U20_trajectories_dynamic.json,1679,0.196510,0.807395,-0.071607,0.123217,RIGHT_TO_LEFT,OUTSIDE_LEFT,,2
GOPR0323U20_trajectories_dynamic.json,1687,0.027967,0.724181,-0.074204,0.027993,RIGHT_TO_LEFT,OUTSIDE_LEFT,,
GOPR0323U20_trajectories_dynamic.json,1689,0.866566,0.751330,0.481561,0.258120,LEFT_TO_RIGHT,OUTSIDE_RIGHT,,0
GOPR0323U20_trajectories_dynamic.json,1782,0.373757,0.888885,-0.120234,0.365885,RIGHT_TO_LEFT,INSIDE_MOVING_LEFT,0.000000,0
GOPR0323U20_trajectories_dynamic.json,1907,0.204649,0.794698,-0.428055,0.407288,RIGHT_TO_LEFT,OUTSIDE_LEFT,,11
GOPR0323U20_trajectories_dynamic.json,1922,0.218864,0.675280,0.160735,0.219275,LEFT_TO_RIGHT,APPROACHING_FROM_LEFT,0.815853,
GOPR0323U20_trajectories_dynamic.json,2018,0.856402,0.651759,0.226027,0.215669,LEFT_TO_RIGHT,OUTSIDE_RIGHT,,
GOPR0323U20_trajectories_dynamic.json,2035,0.178252,0.863484,-0.165137,0.253226,RIGHT_TO_LEFT,OUTSIDE_LEFT,,0
GOPR0323U20_trajectories_dynamic.json,2036,0.798392,1.000000,0.484845,0.352072,LEFT_TO_RIGHT,OUTSIDE_RIGHT,,0
GOPR0323U20_trajectories_dynamic.json,2047,0.690411,1.000000,0.401409,0.762404,LEFT_TO_RIGHT,OUTSIDE_RIGHT,,0
GOPR0323U20_trajectories_dynamic.json,2104,0.789206,0.890656,0.187174,0.180935,LEFT_TO_RIGHT,OUTSIDE_RIGHT,,4
GOPR0323U20_trajectories_dynamic.json,2112,0.826941,0.753149,0.129964,0.158058,LEFT_TO_RIGHT,OUTSIDE_RIGHT,,
GOPR0323U20_trajectories_dynamic.json,2116,0.225055,0.839988,-0.605119,0.475319,RIGHT_TO_LEFT,OUTSIDE_LEFT,,0
GOPR0323U20_trajectories_dynamic.json,2125,0.216878,0.921495,-0.478820,0.635132,RIGHT_TO_LEFT,OUTSIDE_LEFT,,0
GOPR0323U20_trajectories_dynamic.json,2164,0.853371,0.711488,0.329901,0.206884,LEFT_TO_RIGHT,OUTSIDE_RIGHT,,0
GOPR0323U20_trajectories_dynamic.json,2286,0.921562,0.577519,0.250246,-0.003504,LEFT_TO_RIGHT,OUTSIDE_RIGHT,,0
GOPR0323U20_trajectories_dynamic.json,2359,0.937871,0.633617,0.166703,0.001866,LEFT_TO_RIGHT,OUTSIDE_RIGHT,,0
GOPR0323U20_trajectories_dynamic.json,2362,0.181273,0.845460,-0.361067,0.339985,RIGHT_TO_LEFT,OUTSIDE_LEFT,,0
GOPR0323U20_trajectories_dynamic.json,2387,0.065173,0.753184,-0.459118,0.169190,RIGHT_TO_LEFT,OUTSIDE_LEFT,,0
GOPR0323U20_trajectories_dynamic.json,2392,0.859434,0.619079,-0.092026,0.078740,RIGHT_TO_LEFT,APPROACHING_FROM_RIGHT,2.275820,
GOPR0323U20_trajectories_dynamic.json,2399,0.882863,0.990235,0.472757,0.780372,LEFT_TO_RIGHT,OUTSIDE_RIGHT,,
GOPR0323U20_trajectories_dynamic.json,2409,0.778991,0.872606,0.236928,0.492206,LEFT_TO_RIGHT,OUTSIDE_RIGHT,,0
GOPR0323U20_trajectories_dynamic.json,2426,0.065174,0.630062,-0.566069,0.106320,RIGHT_TO_LEFT,OUTSIDE_LEFT,,0
GOPR0323U20_trajectories_dynamic.json,2460,0.520415,0.582897,0.058042,-0.064420,RIGHT_TO_LEFT,INSIDE_MOVING_RIGHT,0.000000,0
GOPR0323U20_trajectories_dynamic.json,2468,0.093681,0.718716,-0.190383,0.153934,RIGHT_TO_LEFT,OUTSIDE_LEFT,,
GOPR0323U20_trajectories_dynamic.json,2471,0.177205,0.735013,-0.188882,0.086815,RIGHT_TO_LEFT,OUTSIDE_LEFT,,4
GOPR0323U20_trajectories_dynamic.json,2485,0.031524,0.648051,-0.624390,0.167382,RIGHT_TO_LEFT,OUTSIDE_LEFT,,0
GOPR0323U20_trajectories_dynamic.json,2486,0.887961,0.693298,0.466895,0.156797,LEFT_TO_RIGHT,OUTSIDE_RIGHT,,0
GOPR0323U20_trajectories_dynamic.json,2572,0.918543,0.584679,0.495902,-0.130039,LEFT_TO_RIGHT,OUTSIDE_RIGHT,,0
GOPR0323U20_trajectories_dynamic.json,2577,0.556996,0.597545,0.219118,-0.005345,LEFT_TO_RIGHT,INSIDE_MOVING_RIGHT,0.000000,0
GOPR0323U20_trajectories_dynamic.json,2599,0.140529,0.876183,-0.975162,0.484215,RIGHT_TO_LEFT,OUTSIDE_LEFT,,0
GOPR0323U20_trajectories_dynamic.json,2642,0.613036,0.606500,0.116755,0.057193,LEFT_TO_RIGHT,INSIDE_MOVING_RIGHT,0.000000,0
GOPR0323U20_trajectories_dynamic.json,2721,0.539676,0.640835,-0.013533,0.002171,RIGHT_TO_LEFT,INSIDE_STATIONARY,0.000000,23
GOPR0323U20_trajectories_dynamic.json,2808,0.475571,0.621072,0.005057,0.022267,LEFT_TO_RIGHT,INSIDE_STATIONARY,0.000000,3
GOPR0323U20_trajectories_dynamic.json,2821,0.061055,0.769450,-0.308280,0.259767,RIGHT_TO_LEFT,OUTSIDE_LEFT,,
GOPR0323U20_trajectories_dynamic.json,2828,0.955207,0.640828,0.445037,-0.062932,LEFT_TO_RIGHT,OUTSIDE_RIGHT,,0
GOPR0323U20_trajectories_dynamic.json,2830,0.915449,0.707839,0.115223,0.217947,LEFT_TO_RIGHT,OUTSIDE_RIGHT,,
GOPR0323U20_trajectories_dynamic.json,2841,0.861500,0.686119,0.337597,0.203878,LEFT_TO_RIGHT,OUTSIDE_RIGHT,,
GOPR0323U20_trajectories_dynamic.json,2862,0.317709,0.677005,-0.197199,0.023172,RIGHT_TO_LEFT,OUTSIDE_LEFT,,0
GOPR0323U20_trajectories_dynamic.json,2876,0.745370,0.635456,0.052664,-0.016520,LEFT_TO_RIGHT,OUTSIDE_RIGHT,,0
GOPR0323U20_trajectories_dynamic.json,2882,0.902199,0.762107,0.583857,0.282047,LEFT_TO_RIGHT,OUTSIDE_RIGHT,,0
GOPR0323U20_trajectories_dynamic.json,2930,0.027955,0.715092,-0.583562,0.222660,RIGHT_TO_LEFT,OUTSIDE_LEFT,,0
GOPR0323U20_trajectories_dynamic.json,2935,0.319760,0.673411,-0.111338,0.101878,VERTICAL,OUTSIDE_LEFT,,5
GOPR0323U20_trajectories_dynamic.json,2939,0.162963,0.648085,-0.334294,0.050571,RIGHT_TO_LEFT,OUTSIDE_LEFT,,
GOPR0323U20_trajectories_dynamic.json,2959,0.108978,0.744051,-0.277020,0.126157,RIGHT_TO_LEFT,OUTSIDE_LEFT,,0
GOPR0323U20_trajectories_dynamic.json,2968,0.145595,0.858127,-0.765671,0.165232,RIGHT_TO_LEFT,OUTSIDE_LEFT,,13
GOPR0323U20_trajectories_dynamic.json,2981,0.295309,0.644449,-0.526026,-0.047407,RIGHT_TO_LEFT,OUTSIDE_LEFT,,34
GOPR0323U20_trajectories_dynamic.json,2990,0.037692,0.695201,-0.611765,0.109418,RIGHT_TO_LEFT,OUTSIDE_LEFT,,0
GOPR0323U20_trajectories_dynamic.json,2996,0.184332,0.646183,-0.271624,0.059147,RIGHT_TO_LEFT,OUTSIDE_LEFT,,3
GOPR0323U20_trajectories_dynamic.json,3083,0.044789,0.695202,-0.082883,-0.065832,RIGHT_TO_LEFT,OUTSIDE_LEFT,,2
GOPR0323U20_trajectories_dynamic.json,3141,0.895082,0.769356,0.405730,0.033934,LEFT_TO_RIGHT,OUTSIDE_RIGHT,,43
GOPR0323U20_trajectories_dynamic.json,3176,0.030040,0.644444,-0.222163,-0.049851,VERTICAL,OUTSIDE_LEFT,,
GOPR0323U20_trajectories_dynamic.json,3178,0.759654,0.783855,0.353511,0.296253,LEFT_TO_RIGHT,OUTSIDE_RIGHT,,0
GOPR0323U20_trajectories_dynamic.json,3277,0.789246,0.689834,0.226973,0.053409,LEFT_TO_RIGHT,OUTSIDE_RIGHT,,26
GOPR0323U20_trajectories_dynamic.json,3318,0.583491,0.610078,0.142741,0.043405,LEFT_TO_RIGHT,INSIDE_MOVING_RIGHT,0.000000,0
GOPR0323U20_trajectories_dynamic.json,3333,0.039714,0.642621,-0.166438,0.136385,RIGHT_TO_LEFT,OUTSIDE_LEFT,,
GOPR0323U20_trajectories_dynamic.json,3351,0.061078,0.640919,-0.710889,0.035556,RIGHT_TO_LEFT,OUTSIDE_LEFT,,0
GOPR0323U20_trajectories_dynamic.json,3378,0.236196,0.856286,-0.484981,0.496135,RIGHT_TO_LEFT,OUTSIDE_LEFT,,0
GOPR0323U20_trajectories_dynamic.json,3433,0.745369,0.863510,0.261020,0.465714,LEFT_TO_RIGHT,OUTSIDE_RIGHT,,0
GOPR0323U20_trajectories_dynamic.json,3462,0.249449,0.968553,-0.377752,0.637989,RIGHT_TO_LEFT,OUTSIDE_LEFT,,0
GOPR0323U20_trajectories_dynamic.json,3541,0.070315,0.825555,-0.324105,0.292367,VERTICAL,OUTSIDE_LEFT,,4
GOPR0323U20_trajectories_dynamic.json,3550,0.660916,0.725883,0.182919,0.243325,VERTICAL,OUTSIDE_RIGHT,,2
GOPR0323U20_trajectories_dynamic.json,3579,0.037151,0.718707,-0.491980,0.276817,RIGHT_TO_LEFT,OUTSIDE_LEFT,,0
GOPR0323U20_trajectories_dynamic.json,3585,0.442974,0.618997,0.189654,-0.002246,VERTICAL,INSIDE_MOVING_RIGHT,0.000000,0
GOPR0323U20_trajectories_dynamic.json,3590,0.919559,0.955951,0.590094,0.582322,LEFT_TO_RIGHT,OUTSIDE_RIGHT,,0
GOPR0323U20_trajectories_dynamic.json,3594,0.782086,0.807417,0.503448,0.252070,LEFT_TO_RIGHT,OUTSIDE_RIGHT,,0
GOPR0323U20_trajectories_dynamic.json,3595,0.060092,0.649865,-0.013666,0.060664,RIGHT_TO_LEFT,OUTSIDE_LEFT,,
GOPR0323U20_trajectories_dynamic.json,3597,0.729111,0.801970,0.507427,0.439399,LEFT_TO_RIGHT,OUTSIDE_RIGHT,,0
GOPR0323U20_trajectories_dynamic.json,3605,0.081466,0.856242,-0.035987,0.088469,RIGHT_TO_LEFT,OUTSIDE_LEFT,,0
GOPR0323U20_trajectories_dynamic.json,3606,0.358429,0.876238,-0.113990,-0.139742,RIGHT_TO_LEFT,INSIDE_MOVING_LEFT,0.000000,0
GOPR0323U20_trajectories_dynamic.json,3733,0.480679,0.615470,0.194612,-0.029139,LEFT_TO_RIGHT,INSIDE_MOVING_RIGHT,0.000000,5
GOPR0323U20_trajectories_dynamic.json,3740,0.157804,0.782026,-0.195473,0.265126,RIGHT_TO_LEFT,OUTSIDE_LEFT,,
GOPR0323U20_trajectories_dynamic.json,3747,0.765807,0.707840,0.186015,0.196152,LEFT_TO_RIGHT,OUTSIDE_RIGHT,,0
GOPR0323U20_trajectories_dynamic.json,3771,0.802482,0.722351,0.381319,0.249571,LEFT_TO_RIGHT,OUTSIDE_RIGHT,,4
GOPR0323U20_trajectories_dynamic.json,3844,0.348261,0.617192,-0.017501,0.036736,RIGHT_TO_LEFT,OUTSIDE_LEFT,,0
GOPR0323U20_trajectories_dynamic.json,3866,0.093657,0.671627,-0.741002,0.217745,RIGHT_TO_LEFT,OUTSIDE_LEFT,,0
GOPR0323U20_trajectories_dynamic.json,3876,0.071327,0.736851,-0.429877,0.068325,RIGHT_TO_LEFT,OUTSIDE_LEFT,,0
GOPR0323U20_trajectories_dynamic.json,3940,0.406291,0.635422,-0.011398,0.081771,VERTICAL,INSIDE_STATIONARY,0.000000,0
GOPR0323U20_trajectories_dynamic.json,3965,0.185286,0.807396,-0.333505,0.393819,RIGHT_TO_LEFT,OUTSIDE_LEFT,,0
GOPR0323U20_trajectories_dynamic.json,3971,0.492893,0.561072,-0.190783,-0.150484,RIGHT_TO_LEFT,INSIDE_MOVING_LEFT,0.000000,5
GOPR0323U20_trajectories_dynamic.json,3989,0.110970,0.613690,-0.082702,-0.085657,RIGHT_TO_LEFT,OUTSIDE_LEFT,,
GOPR0323U20_trajectories_dynamic.json,3995,0.959277,0.807504,0.433639,0.362946,LEFT_TO_RIGHT,OUTSIDE_RIGHT,,0
GOPR0323U20_trajectories_dynamic.json,4017,0.189391,0.825483,0.071699,0.244338,RIGHT_TO_LEFT,APPROACHING_FROM_LEFT,2.240038,
GOPR0323U20_trajectories_dynamic.json,4024,0.306512,0.675249,-0.175780,0.051714,RIGHT_TO_LEFT,OUTSIDE_LEFT,,0
GOPR0323U20_trajectories_dynamic.json,4050,0.936871,0.809240,0.407523,0.243409,LEFT_TO_RIGHT,OUTSIDE_RIGHT,,0
GOPR0323U20_trajectories_dynamic.json,4075,0.437821,0.532190,0.049504,0.012222,LEFT_TO_RIGHT,INSIDE_MOVING_RIGHT,0.000000,4
GOPR0323U20_trajectories_dynamic.json,4100,0.813625,0.807440,0.542842,0.442411,LEFT_TO_RIGHT,OUTSIDE_RIGHT,,0
GOPR0323U20_trajectories_dynamic.json,4114,0.406310,0.593774,0.085847,0.089823,LEFT_TO_RIGHT,INSIDE_MOVING_RIGHT,0.000000,1
GOPR0323U20_trajectories_dynamic.json,4121,0.522446,0.568522,0.050030,0.096809,LEFT_TO_RIGHT,INSIDE_MOVING_RIGHT,0.000000,0
GOPR0323U20_trajectories_dynamic.json,4175,0.061125,0.787468,-0.390386,0.263533,RIGHT_TO_LEFT,OUTSIDE_LEFT,,0
GOPR0323U20_trajectories_dynamic.json,4187,0.115077,0.926905,-0.387713,0.395723,RIGHT_TO_LEFT,OUTSIDE_LEFT,,0
GOPR0323U20_trajectories_dynamic.json,4208,0.072275,0.706070,-0.148451,0.108438,RIGHT_TO_LEFT,OUTSIDE_LEFT,,0
GOPR0323U20_trajectories_dynamic.json,4232,0.684375,0.812828,0.305289,0.474485,LEFT_TO_RIGHT,OUTSIDE_RIGHT,,0
GOPR0323U20_trajectories_dynamic.json,4256,0.670123,0.635481,-0.081919,0.162946,RIGHT_TO_LEFT,APPROACHING_FROM_RIGHT,0.245645,
GOPR0323U20_trajectories_dynamic.json,4274,0.716906,0.845417,0.320954,0.560223,LEFT_TO_RIGHT,OUTSIDE_RIGHT,,0
GOPR0323U20_trajectories_dynamic.json,4306,0.845207,0.849083,0.462577,0.475765,LEFT_TO_RIGHT,OUTSIDE_RIGHT,,0
GOPR0323U20_trajectories_dynamic.json,4318,0.872684,0.841856,0.306892,0.246434,LEFT_TO_RIGHT,OUTSIDE_RIGHT,,4
GOPR0323U20_trajectories_dynamic.json,4320,0.837078,0.836403,0.504192,0.125031,LEFT_TO_RIGHT,OUTSIDE_RIGHT,,4
GOPR0323U20_trajectories_dynamic.json,4327,0.209768,0.807438,-0.384623,0.147394,RIGHT_TO_LEFT,OUTSIDE_LEFT,,48
GOPR0323U20_trajectories_dynamic.json,4375,0.647621,0.651738,0.239240,0.069787,LEFT_TO_RIGHT,INSIDE_MOVING_RIGHT,0.000000,0
GOPR0323U20_trajectories_dynamic.json,4399,0.046812,0.640853,-0.181524,0.211091,RIGHT_TO_LEFT,OUTSIDE_LEFT,,
GOPR0323U20_trajectories_dynamic.json,4480,0.145622,0.640924,-0.366945,0.263582,RIGHT_TO_LEFT,OUTSIDE_LEFT,,0
GOPR0323U20_trajectories_dynamic.json,4484,0.133404,0.563091,-0.123733,0.036134,RIGHT_TO_LEFT,OUTSIDE_LEFT,,0
GOPR0323U20_trajectories_dynamic.json,4507,0.879879,0.635402,0.629048,0.126978,LEFT_TO_RIGHT,OUTSIDE_RIGHT,,0
GOPR0323U20_trajectories_dynamic.json,4545,0.656822,0.816465,0.469793,0.360038,LEFT_TO_RIGHT,OUTSIDE_RIGHT,,28
GOPR0323U20_trajectories_dynamic.json,4549,0.910395,0.686190,0.296870,0.139367,LEFT_TO_RIGHT,OUTSIDE_RIGHT,,
GOPR0323U20_trajectories_dynamic.json,4554,0.211824,0.648060,0.227305,-0.127478,LEFT_TO_RIGHT,APPROACHING_FROM_LEFT,0.607886,
GOPR0323U20_trajectories_dynamic.json,4569,0.846262,0.778389,0.418245,0.249308,RIGHT_TO_LEFT,OUTSIDE_RIGHT,,14
GOPR0323U20_trajectories_dynamic.json,4580,0.191458,0.682525,-0.121395,0.174943,RIGHT_TO_LEFT,OUTSIDE_LEFT,,
GOPR0323U20_trajectories_dynamic.json,4581,0.904266,0.720540,0.385146,0.172238,LEFT_TO_RIGHT,OUTSIDE_RIGHT,,0
GOPR0323U20_trajectories_dynamic.json,4600,0.047861,0.586541,-0.355561,0.182928,RIGHT_TO_LEFT,OUTSIDE_LEFT,,
GOPR0323U20_trajectories_dynamic.json,4641,0.047348,0.816495,-0.457720,0.428964,RIGHT_TO_LEFT,OUTSIDE_LEFT,,5
GOPR0323U20_trajectories_dynamic.json,4651,0.844223,0.787488,0.440672,0.414826,LEFT_TO_RIGHT,OUTSIDE_RIGHT,,0
GOPR0323U20_trajectories_dynamic.json,4717,0.048852,0.744055,-0.331837,0.259872,RIGHT_TO_LEFT,OUTSIDE_LEFT,,
GOPR0323U20_trajectories_dynamic.json,4759,0.845219,0.803831,0.675367,0.300018,LEFT_TO_RIGHT,OUTSIDE_RIGHT,,0
GOPR0323U20_trajectories_dynamic.json,4761,0.823820,0.834606,0.216303,0.255368,LEFT_TO_RIGHT,OUTSIDE_RIGHT,,29
GOPR0323U20_trajectories_dynamic.json,4774,0.870703,0.816478,0.648649,0.407469,LEFT_TO_RIGHT,OUTSIDE_RIGHT,,0
GOPR0323U20_trajectories_dynamic.json,4825,0.031070,0.731406,-0.559790,0.077490,RIGHT_TO_LEFT,OUTSIDE_LEFT,,
GOPR0323U20_trajectories_dynamic.json,4874,0.775001,0.820119,0.310748,0.395670,LEFT_TO_RIGHT,OUTSIDE_RIGHT,,6
GOPR0323U20_trajectories_dynamic.json,4910,0.197567,0.881647,-0.170877,0.303619,RIGHT_TO_LEFT,OUTSIDE_LEFT,,0
GOPR0323U20_trajectories_dynamic.json,4912,0.850285,0.816469,0.415286,0.077426,LEFT_TO_RIGHT,OUTSIDE_RIGHT,,0
GOPR0323U20_trajectories_dynamic.json,4916,0.845203,0.720485,0.278878,0.262166,LEFT_TO_RIGHT,OUTSIDE_RIGHT,,0
GOPR0324U20_trajectories_dynamic.json,0,0.438873,0.535941,-0.321046,0.050801,RIGHT_TO_LEFT,INSIDE_MOVING_LEFT,0.000000,11
GOPR0324U20_trajectories_dynamic.json,4,0.554964,0.657166,0.018833,0.153308,RIGHT_TO_LEFT,INSIDE_STATIONARY,0.000000,4
GOPR0324U20_trajectories_dynamic.json,93,0.405260,0.655415,-0.093953,0.022833,RIGHT_TO_LEFT,INSIDE_MOVING_LEFT,0.000000,0
GOPR0324U20_trajectories_dynamic.json,98,0.480646,0.707744,0.074410,0.055970,RIGHT_TO_LEFT,INSIDE_MOVING_RIGHT,0.000000,0
GOPR0324U20_trajectories_dynamic.json,150,0.096741,0.952226,-0.520086,0.378106,RIGHT_TO_LEFT,OUTSIDE_LEFT,,0
GOPR0324U20_trajectories_dynamic.json,187,0.692505,0.640834,0.611827,0.113633,LEFT_TO_RIGHT,OUTSIDE_RIGHT,,0
GOPR0324U20_trajectories_dynamic.json,253,0.110011,0.782031,-0.141174,0.214093,RIGHT_TO_LEFT,OUTSIDE_LEFT,,
GOPR0324U20_trajectories_dynamic.json,322,0.187332,0.928655,-0.499945,0.571894,RIGHT_TO_LEFT,OUTSIDE_LEFT,,0
GOPR0324U20_trajectories_dynamic.json,400,0.681215,0.829145,0.328681,0.497776,VERTICAL,OUTSIDE_RIGHT,,1
GOPR0324U20_trajectories_dynamic.json,446,0.457255,0.686123,-0.037798,-0.082683,LEFT_TO_RIGHT,INSIDE_MOVING_LEFT,0.000000,3
GOPR0324U20_trajectories_dynamic.json,463,0.780009,0.865331,0.399713,0.371196,LEFT_TO_RIGHT,OUTSIDE_RIGHT,,1
GOPR0324U20_trajectories_dynamic.json,464,0.857449,0.762161,0.482755,0.310179,LEFT_TO_RIGHT,OUTSIDE_RIGHT,,3
GOPR0324U20_trajectories_dynamic.json,478,0.478654,0.622663,-0.005427,0.027940,LEFT_TO_RIGHT,INSIDE_STATIONARY,0.000000,0
GOPR0324U20_trajectories_dynamic.json,483,0.594674,0.629986,0.000174,0.016940,LEFT_TO_RIGHT,INSIDE_STATIONARY,0.000000,0
GOPR0324U20_trajectories_dynamic.json,487,0.061079,0.787514,-0.575150,0.448711,RIGHT_TO_LEFT,OUTSIDE_LEFT,,2
GOPR0324U20_trajectories_dynamic.json,533,0.568268,0.610090,0.031341,-0.102045,VERTICAL,INSIDE_MOVING_RIGHT,0.000000,0
GOPR0324U20_trajectories_dynamic.json,543,0.299386,0.615532,-0.059842,0.055528,RIGHT_TO_LEFT,OUTSIDE_LEFT,,0
GOPR0324U20_trajectories_dynamic.json,613,0.933789,0.729627,0.339189,0.123589,LEFT_TO_RIGHT,OUTSIDE_RIGHT,,
GOPR0324U20_trajectories_dynamic.json,622,0.071279,0.680660,-0.564382,0.102698,RIGHT_TO_LEFT,OUTSIDE_LEFT,,0
GOPR0324U20_trajectories_dynamic.json,642,0.719996,0.664415,0.094293,0.224533,LEFT_TO_RIGHT,OUTSIDE_RIGHT,,
GOPR0324U20_trajectories_dynamic.json,672,0.284114,0.639017,0.040038,0.068558,RIGHT_TO_LEFT,APPROACHING_FROM_LEFT,1.645570,0
GOPR0324U20_trajectories_dynamic.json,685,0.878805,0.651660,0.414757,-0.006794,LEFT_TO_RIGHT,OUTSIDE_RIGHT,,0
GOPR0324U20_trajectories_dynamic.json,729,0.097783,0.696992,-0.370772,0.185962,RIGHT_TO_LEFT,OUTSIDE_LEFT,,1
GOPR0324U20_trajectories_dynamic.json,734,0.074344,0.657112,-0.222622,0.136612,RIGHT_TO_LEFT,OUTSIDE_LEFT,,0
GOPR0324U20_trajectories_dynamic.json,743,0.714927,0.736824,0.415891,0.340921,LEFT_TO_RIGHT,OUTSIDE_RIGHT,,0
GOPR0324U20_trajectories_dynamic.json,756,0.285147,0.836383,0.007989,0.418313,VERTICAL,OUTSIDE_LEFT,8.117402,
GOPR0324U20_trajectories_dynamic.json,785,0.088616,0.588357,-0.179866,0.048335,RIGHT_TO_LEFT,OUTSIDE_LEFT,,
GOPR0324U20_trajectories_dynamic.json,790,0.832973,0.722369,0.208764,-0.061343,LEFT_TO_RIGHT,OUTSIDE_RIGHT,,0
GOPR0324U20_trajectories_dynamic.json,820,0.798353,0.805576,0.577412,0.397405,LEFT_TO_RIGHT,OUTSIDE_RIGHT,,1
GOPR0324U20_trajectories_dynamic.json,907,0.120182,0.722293,-0.235436,0.188960,RIGHT_TO_LEFT,OUTSIDE_LEFT,,0
GOPR0324U20_trajectories_dynamic.json,915,0.911410,0.738558,0.167783,-0.068526,LEFT_TO_RIGHT,OUTSIDE_RIGHT,,
GOPR0324U20_trajectories_dynamic.json,924,0.600850,0.791035,0.385584,0.243146,LEFT_TO_RIGHT,INSIDE_MOVING_RIGHT,0.000000,0
GOPR0324U20_trajectories_dynamic.json,1017,0.424655,0.586438,-0.204392,-0.099906,RIGHT_TO_LEFT,INSIDE_MOVING_LEFT,0.000000,4
GOPR0324U20_trajectories_dynamic.json,1028,0.099794,0.709739,-0.506316,0.171958,RIGHT_TO_LEFT,OUTSIDE_LEFT,,0
GOPR0324U20_trajectories_dynamic.json,1037,0.208766,0.997490,-0.419794,0.649364,RIGHT_TO_LEFT,OUTSIDE_LEFT,,0
GOPR0324U20_trajectories_dynamic.json,1084,0.114101,0.774811,-0.309396,0.211370,RIGHT_TO_LEFT,OUTSIDE_LEFT,,0
GOPR0324U20_trajectories_dynamic.json,1111,0.172157,0.751335,-0.370031,0.133909,RIGHT_TO_LEFT,OUTSIDE_LEFT,,0
GOPR0324U20_trajectories_dynamic.json,1124,0.700588,0.811067,0.212325,0.358815,LEFT_TO_RIGHT,OUTSIDE_RIGHT,,11
GOPR0324U20_trajectories_dynamic.json,1132,0.792252,0.644523,0.430710,0.123415,LEFT_TO_RIGHT,OUTSIDE_RIGHT,,0
GOPR0324U20_trajectories_dynamic.json,1141,0.342149,0.610078,-0.208595,0.081010,LEFT_TO_RIGHT,OUTSIDE_LEFT,,4
GOPR0324U20_trajectories_dynamic.json,1159,0.789196,0.988478,0.353673,0.339645,LEFT_TO_RIGHT,OUTSIDE_RIGHT,,6
GOPR0324U20_trajectories_dynamic.json,1206,0.171089,0.858055,-0.440648,0.412200,RIGHT_TO_LEFT,OUTSIDE_LEFT,,0
GOPR0324U20_trajectories_dynamic.json,1230,0.496952,0.664341,0.235403,0.111806,LEFT_TO_RIGHT,INSIDE_MOVING_RIGHT,0.000000,0
GOPR0324U20_trajectories_dynamic.json,1244,0.640554,0.879887,0.502176,0.240823,LEFT_TO_RIGHT,INSIDE_MOVING_RIGHT,0.000000,0
GOPR0324U20_trajectories_dynamic.json,1270,0.858449,0.731453,0.295630,0.221289,LEFT_TO_RIGHT,OUTSIDE_RIGHT,,12
GOPR0324U20_trajectories_dynamic.json,1271,0.951070,0.755014,0.338355,0.221038,LEFT_TO_RIGHT,OUTSIDE_RIGHT,,
GOPR0324U20_trajectories_dynamic.json,1279,0.103875,0.850899,-0.568700,0.537469,RIGHT_TO_LEFT,OUTSIDE_LEFT,,0
GOPR0324U20_trajectories_dynamic.json,1316,0.114052,0.563004,-0.170213,0.133836,RIGHT_TO_LEFT,OUTSIDE_LEFT,,
GOPR0324U20_trajectories_dynamic.json,1325,0.816712,0.887073,0.496434,0.458967,LEFT_TO_RIGHT,OUTSIDE_RIGHT,,0
GOPR0324U20_trajectories_dynamic.json,1326,0.023921,0.704207,-0.341968,0.173318,RIGHT_TO_LEFT,OUTSIDE_LEFT,,0
GOPR0324U20_trajectories_dynamic.json,1328,0.185354,0.631826,-0.196874,0.047889,RIGHT_TO_LEFT,OUTSIDE_LEFT,,
GOPR0324U20_trajectories_dynamic.json,1364,0.114046,0.921443,-0.570647,0.526473,RIGHT_TO_LEFT,OUTSIDE_LEFT,,0
GOPR0324U20_trajectories_dynamic.json,1366,0.410350,0.590114,-0.357579,-0.072102,RIGHT_TO_LEFT,INSIDE_MOVING_LEFT,0.000000,0
GOPR0324U20_trajectories_dynamic.json,1391,0.188361,0.874435,-0.225437,0.223190,RIGHT_TO_LEFT,OUTSIDE_LEFT,,3
GOPR0324U20_trajectories_dynamic.json,1420,0.813664,0.769473,0.426314,0.402191,LEFT_TO_RIGHT,OUTSIDE_RIGHT,,5
GOPR0324U20_trajectories_dynamic.json,1441,0.814680,0.724119,0.317921,0.281818,LEFT_TO_RIGHT,OUTSIDE_RIGHT,,0
GOPR0324U20_trajectories_dynamic.json,1446,0.791213,0.809272,0.193225,0.357714,LEFT_TO_RIGHT,OUTSIDE_RIGHT,,0
GOPR0324U20_trajectories_dynamic.json,1479,0.088587,0.671658,-0.406447,0.160128,RIGHT_TO_LEFT,OUTSIDE_LEFT,,
GOPR0324U20_trajectories_dynamic.json,1481,0.789235,0.897988,0.258690,0.571013,LEFT_TO_RIGHT,OUTSIDE_RIGHT,,0
GOPR0324U20_trajectories_dynamic.json,1509,0.422618,0.561199,0.054275,0.037267,VERTICAL,INSIDE_MOVING_RIGHT,0.000000,0
GOPR0324U20_trajectories_dynamic.json,1511,0.075371,0.537639,-0.159815,-0.013669,RIGHT_TO_LEFT,OUTSIDE_LEFT,,
GOPR0324U20_trajectories_dynamic.json,1523,0.194577,0.771201,-0.274252,0.209293,RIGHT_TO_LEFT,OUTSIDE_LEFT,,0
GOPR0324U20_trajectories_dynamic.json,1525,0.886941,0.662601,0.843072,0.018084,LEFT_TO_RIGHT,OUTSIDE_RIGHT,,0
GOPR0324U20_trajectories_dynamic.json,1533,0.552992,0.573865,0.039314,-0.020342,VERTICAL,INSIDE_MOVING_RIGHT,0.000000,0
GOPR0324U20_trajectories_dynamic.json,1535,0.888000,0.697008,0.396199,0.209644,LEFT_TO_RIGHT,OUTSIDE_RIGHT,,
GOPR0324U20_trajectories_dynamic.json,1564,0.372715,0.602869,-0.137303,0.097428,RIGHT_TO_LEFT,INSIDE_MOVING_LEFT,0.000000,4
GOPR0324U20_trajectories_dynamic.json,1571,0.082472,0.590205,-0.155344,0.199291,RIGHT_TO_LEFT,OUTSIDE_LEFT,,
GOPR0324U20_trajectories_dynamic.json,1586,0.322846,0.811022,-0.269404,0.359150,RIGHT_TO_LEFT,OUTSIDE_LEFT,,0
GOPR0324U20_trajectories_dynamic.json,1594,0.120175,0.711490,-0.278730,0.256040,RIGHT_TO_LEFT,OUTSIDE_LEFT,,
GOPR0324U20_trajectories_dynamic.json,1603,0.855375,0.729609,0.567835,0.260248,LEFT_TO_RIGHT,OUTSIDE_RIGHT,,0
GOPR0324U20_trajectories_dynamic.json,1607,0.075365,0.838203,-0.464040,0.075355,RIGHT_TO_LEFT,OUTSIDE_LEFT,,0
GOPR0324U20_trajectories_dynamic.json,1608,0.594716,0.557569,0.041100,-0.175398,LEFT_TO_RIGHT,INSIDE_MOVING_RIGHT,0.000000,0
GOPR0324U20_trajectories_dynamic.json,1612,0.079459,0.722390,-0.316422,0.137123,RIGHT_TO_LEFT,OUTSIDE_LEFT,,
GOPR0324U20_trajectories_dynamic.json,1614,0.822852,0.722305,0.340910,0.249149,LEFT_TO_RIGHT,OUTSIDE_RIGHT,,0
GOPR0324U20_trajectories_dynamic.json,1626,0.412401,0.662599,-0.003406,0.125024,RIGHT_TO_LEFT,INSIDE_STATIONARY,0.000000,0
GOPR0324U20_trajectories_dynamic.json,1627,0.091626,0.818313,-0.299892,0.330596,RIGHT_TO_LEFT,OUTSIDE_LEFT,,
GOPR0324U20_trajectories_dynamic.json,1639,0.382926,0.693335,0.034745,0.134882,RIGHT_TO_LEFT,INSIDE_MOVING_RIGHT,0.000000,0
GOPR0324U20_trajectories_dynamic.json,1642,0.914434,0.792983,0.268512,0.165230,LEFT_TO_RIGHT,OUTSIDE_RIGHT,,0
GOPR0324U20_trajectories_dynamic.json,1669,0.813625,0.950451,0.358135,0.257883,LEFT_TO_RIGHT,OUTSIDE_RIGHT,,1
GOPR0324U20_trajectories_dynamic.json,1703,0.445983,0.698749,0.212297,-0.058215,RIGHT_TO_LEFT,INSIDE_MOVING_RIGHT,0.000000,0
GOPR0324U20_trajectories_dynamic.json,1709,0.195515,0.787503,-0.617967,0.184961,RIGHT_TO_LEFT,OUTSIDE_LEFT,,21
GOPR0324U20_trajectories_dynamic.json,1717,0.086512,0.599272,-0.200881,0.011826,RIGHT_TO_LEFT,OUTSIDE_LEFT,,0
GOPR0324U20_trajectories_dynamic.json,1722,0.828859,0.807433,0.488998,0.478444,LEFT_TO_RIGHT,OUTSIDE_RIGHT,,5
GOPR0324U20_trajectories_dynamic.json,1759,0.193496,0.789330,-0.184182,0.115577,RIGHT_TO_LEFT,OUTSIDE_LEFT,,0
GOPR0324U20_trajectories_dynamic.json,1765,0.895094,0.718621,0.399638,0.124245,LEFT_TO_RIGHT,OUTSIDE_RIGHT,,0
GOPR0324U20_trajectories_dynamic.json,1768,0.951125,0.792941,0.470172,0.223814,LEFT_TO_RIGHT,OUTSIDE_RIGHT,,0
GOPR0324U20_trajectories_dynamic.json,1785,0.570323,0.615480,0.248781,0.062243,LEFT_TO_RIGHT,INSIDE_MOVING_RIGHT,0.000000,0
GOPR0324U20_trajectories_dynamic.json,1787,0.901168,0.711491,0.522017,0.182043,LEFT_TO_RIGHT,OUTSIDE_RIGHT,,0
GOPR0324U20_trajectories_dynamic.json,1808,0.857457,0.664419,0.168450,0.044566,LEFT_TO_RIGHT,OUTSIDE_RIGHT,,0
GOPR0328U20_trajectories_dynamic.json,0,0.875781,0.731376,0.652006,0.177138,LEFT_TO_RIGHT,OUTSIDE_RIGHT,,0
GOPR0328U20_trajectories_dynamic.json,1,0.861531,0.648138,0.233433,-0.041894,LEFT_TO_RIGHT,OUTSIDE_RIGHT,,
GOPR0328U20_trajectories_dynamic.json,3,0.796340,0.992059,0.440337,0.705307,LEFT_TO_RIGHT,OUTSIDE_RIGHT,,0
GOPR0328U20_trajectories_dynamic.json,31,0.842145,0.660778,0.190255,0.033944,LEFT_TO_RIGHT,OUTSIDE_RIGHT,,0
GOPR0328U20_trajectories_dynamic.json,33,0.834035,0.657209,0.229046,0.160231,LEFT_TO_RIGHT,OUTSIDE_RIGHT,,0
GOPR0328U20_trajectories_dynamic.json,63,0.786168,0.821892,0.598075,0.086750,LEFT_TO_RIGHT,OUTSIDE_RIGHT,,0
GOPR0328U20_trajectories_dynamic.json,71,0.848301,0.767585,0.377923,0.325895,LEFT_TO_RIGHT,OUTSIDE_RIGHT,,0
GOPR0328U20_trajectories_dynamic.json,133,0.548887,0.666225,0.460653,0.081615,LEFT_TO_RIGHT,INSIDE_MOVING_RIGHT,0.000000,0
GOPR0328U20_trajectories_dynamic.json,158,0.830988,0.916024,0.329560,0.449392,LEFT_TO_RIGHT,OUTSIDE_RIGHT,,0
GOPR0328U20_trajectories_dynamic.json,159,0.087618,0.575759,-0.403690,0.097589,RIGHT_TO_LEFT,OUTSIDE_LEFT,,0
GOPR0328U20_trajectories_dynamic.json,161,0.848320,0.738619,0.063738,-0.017321,LEFT_TO_RIGHT,OUTSIDE_RIGHT,,
GOPR0328U20_trajectories_dynamic.json,174,0.742379,0.633627,0.171083,0.105961,VERTICAL,OUTSIDE_RIGHT,,25
GOPR0328U20_trajectories_dynamic.json,235,0.104907,0.734994,-0.427253,0.192937,RIGHT_TO_LEFT,OUTSIDE_LEFT,,0
GOPR0328U20_trajectories_dynamic.json,265,0.813652,0.693341,0.242563,0.057485,LEFT_TO_RIGHT,OUTSIDE_RIGHT,,0
GOPR0328U20_trajectories_dynamic.json,272,0.915461,0.677117,0.253578,0.023753,LEFT_TO_RIGHT,OUTSIDE_RIGHT,,
GOPR0328U20_trajectories_dynamic.json,287,0.113029,0.774811,-0.454759,0.326353,RIGHT_TO_LEFT,OUTSIDE_LEFT,,0
GOPR0328U20_trajectories_dynamic.json,294,0.447068,0.602844,-0.117386,0.028723,RIGHT_TO_LEFT,INSIDE_MOVING_LEFT,0.000000,0
GOPR0328U20_trajectories_dynamic.json,335,0.081454,0.745873,-0.410556,0.282479,RIGHT_TO_LEFT,OUTSIDE_LEFT,,
GOPR0328U20_trajectories_dynamic.json,337,0.939957,0.687958,0.295915,0.241503,LEFT_TO_RIGHT,OUTSIDE_RIGHT,,0
GOPR0328U20_trajectories_dynamic.json,374,0.270856,0.881654,-0.532809,0.299730,RIGHT_TO_LEFT,OUTSIDE_LEFT,,0
GOPR0328U20_trajectories_dynamic.json,388,0.964348,0.678882,0.611659,0.292498,LEFT_TO_RIGHT,OUTSIDE_RIGHT,,
GOPR0328U20_trajectories_dynamic.json,392,0.852352,0.740422,0.552736,0.334490,LEFT_TO_RIGHT,OUTSIDE_RIGHT,,0
GOPR0328U20_trajectories_dynamic.json,394,0.762705,0.760313,0.502535,0.336876,LEFT_TO_RIGHT,OUTSIDE_RIGHT,,0
GOPR0328U20_trajectories_dynamic.json,397,0.149705,0.838185,-0.337884,0.350303,RIGHT_TO_LEFT,OUTSIDE_LEFT,,0
GOPR0328U20_trajectories_dynamic.json,405,0.208691,0.597402,-0.143190,-0.155001,RIGHT_TO_LEFT,OUTSIDE_LEFT,,0
GOPR0328U20_trajectories_dynamic.json,545,0.762721,0.648166,0.161581,0.175661,LEFT_TO_RIGHT,OUTSIDE_RIGHT,,
GOPR0328U20_trajectories_dynamic.json,573,0.690385,0.916028,0.373400,0.517093,LEFT_TO_RIGHT,OUTSIDE_RIGHT,,0
GOPR0328U20_trajectories_dynamic.json,617,0.723006,1.000000,0.542219,0.725820,LEFT_TO_RIGHT,OUTSIDE_RIGHT,,0
GOPR0328U20_trajectories_dynamic.json,632,0.329974,0.628226,-0.074362,0.061058,LEFT_TO_RIGHT,OUTSIDE_LEFT,,12
GOPR0328U20_trajectories_dynamic.json,669,0.535618,0.863501,0.523616,-0.006405,LEFT_TO_RIGHT,INSIDE_MOVING_RIGHT,0.000000,0
GOPR0328U20_trajectories_dynamic.json,675,0.839082,0.859901,0.615314,0.513398,LEFT_TO_RIGHT,OUTSIDE_RIGHT,,2
GOPR0328U20_trajectories_dynamic.json,693,0.328953,0.912418,-0.107597,0.328219,LEFT_TO_RIGHT,OUTSIDE_LEFT,,12
GOPR0328U20_trajectories_dynamic.json,724,0.751491,0.774853,0.458649,0.350273,LEFT_TO_RIGHT,OUTSIDE_RIGHT,,0
GOPR0328U20_trajectories_dynamic.json,734,0.038688,0.706006,-0.220624,0.265538,RIGHT_TO_LEFT,OUTSIDE_LEFT,,
GOPR0328U20_trajectories_dynamic.json,802,0.803440,0.789294,0.307356,0.348621,LEFT_TO_RIGHT,OUTSIDE_RIGHT,,0
GOPR0328U20_trajectories_dynamic.json,820,0.635423,0.907039,0.199481,0.537697,LEFT_TO_RIGHT,INSIDE_MOVING_RIGHT,0.000000,0
GOPR0328U20_trajectories_dynamic.json,833,0.258669,0.878034,0.016241,0.545629,RIGHT_TO_LEFT,OUTSIDE_LEFT,5.623514,0
GOPR0328U20_trajectories_dynamic.json,842,0.878875,0.867136,0.745934,0.444735,LEFT_TO_RIGHT,OUTSIDE_RIGHT,,4
GOPR0328U20_trajectories_dynamic.json,852,0.187412,0.622756,-0.031269,0.024444,LEFT_TO_RIGHT,OUTSIDE_LEFT,,20
GOPR0328U20_trajectories_dynamic.json,854,0.814722,0.885265,0.772683,0.542171,LEFT_TO_RIGHT,OUTSIDE_RIGHT,,3
GOPR0328U20_trajectories_dynamic.json,857,0.162918,0.805554,-1.000657,0.323511,RIGHT_TO_LEFT,OUTSIDE_LEFT,,0
GOPR0328U20_trajectories_dynamic.json,888,0.297380,0.838203,-0.265060,0.563915,RIGHT_TO_LEFT,OUTSIDE_LEFT,,0
GOPR0328U20_trajectories_dynamic.json,905,0.820747,0.899751,0.338090,0.526920,LEFT_TO_RIGHT,OUTSIDE_RIGHT,,0
GOPR0328U20_trajectories_dynamic.json,964,0.534598,0.552187,-0.338559,-0.042125,RIGHT_TO_LEFT,INSIDE_MOVING_LEFT,0.000000,0
GOPR0328U20_trajectories_dynamic.json,965,0.748517,0.811074,0.287953,0.451905,LEFT_TO_RIGHT,OUTSIDE_RIGHT,,12
GOPR0328U20_trajectories_dynamic.json,966,0.261722,0.628172,-0.265613,0.048018,RIGHT_TO_LEFT,OUTSIDE_LEFT,,0
GOPR0328U20_trajectories_dynamic.json,967,0.831023,0.832751,0.402045,0.542744,LEFT_TO_RIGHT,OUTSIDE_RIGHT,,
GOPR0328U20_trajectories_dynamic.json,981,0.490826,0.530351,-0.002721,0.008448,VERTICAL,INSIDE_STATIONARY,0.000000,0
GOPR0328U20_trajectories_dynamic.json,1001,0.113027,0.517765,-0.387092,-0.109078,RIGHT_TO_LEFT,OUTSIDE_LEFT,,0
GOPR0328U20_trajectories_dynamic.json,1003,0.032081,0.678878,-0.030086,0.428633,RIGHT_TO_LEFT,OUTSIDE_LEFT,,
GOPR0328U20_trajectories_dynamic.json,1033,0.050969,0.657197,-0.777976,0.151303,RIGHT_TO_LEFT,OUTSIDE_LEFT,,0
GOPR0328U20_trajectories_dynamic.json,1041,0.039190,0.758513,-0.049370,0.448210,RIGHT_TO_LEFT,OUTSIDE_LEFT,,
GOPR0328U20_trajectories_dynamic.json,1087,0.867586,0.604690,0.504358,0.140360,LEFT_TO_RIGHT,OUTSIDE_RIGHT,,0
GOPR0328U20_trajectories_dynamic.json,1092,0.084497,0.610083,-0.175920,0.015830,LEFT_TO_RIGHT,OUTSIDE_LEFT,,
GOPR0328U20_trajectories_dynamic.json,1093,0.040750,0.628182,-0.447505,-0.027796,LEFT_TO_RIGHT,OUTSIDE_LEFT,,
GOPR0328U20_trajectories_dynamic.json,1094,0.734242,0.809260,0.378466,0.419991,LEFT_TO_RIGHT,OUTSIDE_RIGHT,,2
GOPR0328U20_trajectories_dynamic.json,1120,0.650702,0.646379,0.383626,0.158390,LEFT_TO_RIGHT,OUTSIDE_RIGHT,,0
GOPR0328U20_trajectories_dynamic.json,1143,0.486754,0.582933,-0.027867,-0.036912,LEFT_TO_RIGHT,INSIDE_STATIONARY,0.000000,0
GOPR0328U20_trajectories_dynamic.json,1154,0.030548,0.622726,-0.119881,-0.002893,RIGHT_TO_LEFT,OUTSIDE_LEFT,,2
GOPR0328U20_trajectories_dynamic.json,1158,0.077406,0.725932,-0.305964,0.084105,RIGHT_TO_LEFT,OUTSIDE_LEFT,,0
GOPR0328U20_trajectories_dynamic.json,1159,0.887992,0.693385,0.429307,0.126575,LEFT_TO_RIGHT,OUTSIDE_RIGHT,,0
GOPR0328U20_trajectories_dynamic.json,1179,0.093660,0.765739,-0.511735,0.302391,RIGHT_TO_LEFT,OUTSIDE_LEFT,,0
GOPR0328U20_trajectories_dynamic.json,1187,0.040738,0.691596,-0.100462,0.119082,RIGHT_TO_LEFT,OUTSIDE_LEFT,,
GOPR0328U20_trajectories_dynamic.json,1188,0.030580,0.667983,-0.153302,-0.049164,RIGHT_TO_LEFT,OUTSIDE_LEFT,,
GOPR0328U20_trajectories_dynamic.json,1223,0.972512,0.736863,0.443144,0.285076,LEFT_TO_RIGHT,OUTSIDE_RIGHT,,
GOPR0328U20_trajectories_dynamic.json,1310,0.459197,0.626385,-0.040734,-0.061453,VERTICAL,INSIDE_MOVING_LEFT,0.000000,0
GOPR0328U20_trajectories_dynamic.json,1312,0.427695,0.595678,-0.010700,0.018129,LEFT_TO_RIGHT,INSIDE_STATIONARY,0.000000,0
GOPR0328U20_trajectories_dynamic.json,1383,0.105899,0.668068,-0.478609,0.003384,RIGHT_TO_LEFT,OUTSIDE_LEFT,,0
GOPR0328U20_trajectories_dynamic.json,1408,0.598812,0.564839,-0.072258,0.041626,RIGHT_TO_LEFT,INSIDE_MOVING_LEFT,0.000000,4
GOPR0328U20_trajectories_dynamic.json,1430,0.478584,0.648081,-0.209472,0.050145,RIGHT_TO_LEFT,INSIDE_MOVING_LEFT,0.000000,5
GOPR0328U20_trajectories_dynamic.json,1434,0.934801,0.724204,0.454526,0.142491,LEFT_TO_RIGHT,OUTSIDE_RIGHT,,
GOPR0328U20_trajectories_dynamic.json,1482,0.198570,0.675235,-0.188496,0.078794,RIGHT_TO_LEFT,OUTSIDE_LEFT,,0
GOPR0328U20_trajectories_dynamic.json,1532,0.898191,0.805601,0.429516,0.471693,LEFT_TO_RIGHT,OUTSIDE_RIGHT,,0
GOPR0328U20_trajectories_dynamic.json,1605,0.889035,0.666279,0.200970,-0.168881,LEFT_TO_RIGHT,OUTSIDE_RIGHT,,
GOPR0328U20_trajectories_dynamic.json,1651,0.833992,0.827378,0.587587,0.274777,LEFT_TO_RIGHT,OUTSIDE_RIGHT,,0
GOPR0328U20_trajectories_dynamic.json,1749,0.775953,0.765774,0.633762,0.272531,LEFT_TO_RIGHT,OUTSIDE_RIGHT,,8
GOPR0328U20_trajectories_dynamic.json,1850,0.262741,0.581094,-0.267489,0.018798,RIGHT_TO_LEFT,OUTSIDE_LEFT,,0
GOPR0328U20_trajectories_dynamic.json,1856,0.542766,0.937764,-0.425580,0.447756,RIGHT_TO_LEFT,INSIDE_MOVING_LEFT,0.000000,19
GOPR0328U20_trajectories_dynamic.json,1941,0.868680,0.783945,0.445549,0.225475,VERTICAL,OUTSIDE_RIGHT,,6
GOPR0328U20_trajectories_dynamic.json,1943,0.829992,0.868927,0.591654,0.554094,VERTICAL,OUTSIDE_RIGHT,,10
GOPR0328U20_trajectories_dynamic.json,1953,0.067191,0.613760,-0.562626,0.107028,RIGHT_TO_LEFT,OUTSIDE_LEFT,,0
GOPR0328U20_trajectories_dynamic.json,1975,0.176168,0.941412,-0.317572,0.671565,RIGHT_TO_LEFT,OUTSIDE_LEFT,,0
GOPR0328U20_trajectories_dynamic.json,2004,0.054968,0.568453,-0.293964,0.032506,RIGHT_TO_LEFT,OUTSIDE_LEFT,,
GOPR0328U20_trajectories_dynamic.json,2086,0.260690,0.582942,-0.216502,-0.018886,RIGHT_TO_LEFT,OUTSIDE_LEFT,,2
GOPR0328U20_trajectories_dynamic.json,2099,0.900172,0.649849,0.660781,0.139479,LEFT_TO_RIGHT,OUTSIDE_RIGHT,,0
GOPR0328U20_trajectories_dynamic.json,2102,0.458261,0.695145,0.029358,-0.016896,LEFT_TO_RIGHT,INSIDE_STATIONARY,0.000000,0
GOPR0328U20_trajectories_dynamic.json,2116,0.115091,0.736810,-0.373242,0.134732,RIGHT_TO_LEFT,OUTSIDE_LEFT,,1
GOPR0328U20_trajectories_dynamic.json,2121,0.936875,0.715102,0.465896,0.205090,LEFT_TO_RIGHT,OUTSIDE_RIGHT,,
GOPR0328U20_trajectories_dynamic.json,2143,0.181257,0.839996,-0.383588,0.420435,RIGHT_TO_LEFT,OUTSIDE_LEFT,,0
GOPR0328U20_trajectories_dynamic.json,2151,0.110994,0.544972,-0.150801,-0.047751,RIGHT_TO_LEFT,OUTSIDE_LEFT,,
GOPR0328U20_trajectories_dynamic.json,2156,0.937902,0.593865,0.030622,0.083854,LEFT_TO_RIGHT,OUTSIDE_RIGHT,,20
GOPR0328U20_trajectories_dynamic.json,2193,0.321774,0.877983,-0.269185,0.564248,RIGHT_TO_LEFT,OUTSIDE_LEFT,,0
GOPR0328U20_trajectories_dynamic.json,2206,0.908324,0.573838,0.143842,0.069413,LEFT_TO_RIGHT,OUTSIDE_RIGHT,,0
GOPR0328U20_trajectories_dynamic.json,2214,0.114072,0.682476,-0.451942,0.259010,RIGHT_TO_LEFT,OUTSIDE_LEFT,,17
GOPR0328U20_trajectories_dynamic.json,2235,0.862469,0.796530,0.300396,0.338695,LEFT_TO_RIGHT,OUTSIDE_RIGHT,,0
GOPR0328U20_trajectories_dynamic.json,2378,0.468382,0.572085,-0.113443,0.038121,VERTICAL,INSIDE_MOVING_LEFT,0.000000,0
GOPR0328U20_trajectories_dynamic.json,2409,0.764796,0.709712,0.302742,0.202505,LEFT_TO_RIGHT,OUTSIDE_RIGHT,,0
GOPR0328U20_trajectories_dynamic.json,2415,0.108924,0.693369,-0.386122,-0.052685,RIGHT_TO_LEFT,OUTSIDE_LEFT,,0
GOPR0328U20_trajectories_dynamic.json,2468,0.160934,0.814633,-0.384950,0.388450,RIGHT_TO_LEFT,OUTSIDE_LEFT,,0
GOPR0328U20_trajectories_dynamic.json,2479,0.882914,0.760329,0.562629,0.154286,LEFT_TO_RIGHT,OUTSIDE_RIGHT,,0
GOPR0328U20_trajectories_dynamic.json,2500,0.636518,0.559398,-0.027719,-0.045863,RIGHT_TO_LEFT,INSIDE_STATIONARY,0.000000,1
GOPR0328U20_trajectories_dynamic.json,2570,0.868625,0.655408,0.746206,-0.039881,LEFT_TO_RIGHT,OUTSIDE_RIGHT,,27
GOPR0328U20_trajectories_dynamic.json,2598,0.709768,0.619096,0.027213,-0.032241,RIGHT_TO_LEFT,OUTSIDE_RIGHT,,17
GOPR0328U20_trajectories_dynamic.json,2661,0.432735,0.563046,-0.048491,-0.014644,RIGHT_TO_LEFT,INSIDE_MOVING_LEFT,0.000000,0
GOPR0328U20_trajectories_dynamic.json,2737,0.063132,0.747626,-0.503211,0.273634,RIGHT_TO_LEFT,OUTSIDE_LEFT,,
GOPR0328U20_trajectories_dynamic.json,2740,0.659905,0.744072,0.395727,0.288550,LEFT_TO_RIGHT,OUTSIDE_RIGHT,,0
GOPR0328U20_trajectories_dynamic.json,2766,0.018358,0.588330,-0.190464,-0.029818,RIGHT_TO_LEFT,OUTSIDE_LEFT,,
GOPR0328U20_trajectories_dynamic.json,2788,0.274941,0.619169,-0.193341,0.055311,RIGHT_TO_LEFT,OUTSIDE_LEFT,,0
GOPR0328U20_trajectories_dynamic.json,2800,0.122206,0.650000,-0.367611,0.073501,RIGHT_TO_LEFT,OUTSIDE_LEFT,,0
GOPR0328U20_trajectories_dynamic.json,2803,0.707758,0.591983,0.038995,-0.076175,LEFT_TO_RIGHT,OUTSIDE_RIGHT,,3
GOPR0328U20_trajectories_dynamic.json,2811,0.813598,0.559309,-0.112601,-0.087776,VERTICAL,APPROACHING_FROM_RIGHT,1.452902,
GOPR0328U20_trajectories_dynamic.json,2813,0.758649,0.811023,0.321057,0.299751,LEFT_TO_RIGHT,OUTSIDE_RIGHT,,0
GOPR0328U20_trajectories_dynamic.json,2848,0.865551,0.729572,0.345551,0.137933,LEFT_TO_RIGHT,OUTSIDE_RIGHT,,13
GOPR0328U20_trajectories_dynamic.json,2864,0.023914,0.617358,0.109625,0.033152,RIGHT_TO_LEFT,APPROACHING_FROM_LEFT,2.974550,
GOPR0328U20_trajectories_dynamic.json,2881,0.847250,0.677168,0.291907,0.095541,LEFT_TO_RIGHT,OUTSIDE_RIGHT,,0
GOPR0328U20_trajectories_dynamic.json,2919,0.494954,0.642562,-0.008877,0.018543,RIGHT_TO_LEFT,INSIDE_STATIONARY,0.000000,0
GOPR0328U20_trajectories_dynamic.json,2924,0.041792,0.599198,-0.386271,0.067186,RIGHT_TO_LEFT,OUTSIDE_LEFT,,
GOPR0328U20_trajectories_dynamic.json,2925,0.951105,0.753107,0.390080,0.174106,LEFT_TO_RIGHT,OUTSIDE_RIGHT,,0
GOPR0328U20_trajectories_dynamic.json,2978,0.809551,0.832797,0.282811,0.361662,LEFT_TO_RIGHT,OUTSIDE_RIGHT,,0
GOPR0328U20_trajectories_dynamic.json,2983,0.724071,0.839984,0.329224,0.238628,LEFT_TO_RIGHT,OUTSIDE_RIGHT,,0
GOPR0328U20_trajectories_dynamic.json,3042,0.864547,0.756727,0.422920,0.316674,LEFT_TO_RIGHT,OUTSIDE_RIGHT,,9
GOPR0328U20_trajectories_dynamic.json,3222,0.075365,0.879779,-0.538928,0.333194,RIGHT_TO_LEFT,OUTSIDE_LEFT,,0
GOPR0328U20_trajectories_dynamic.json,3294,0.550929,0.897959,0.243390,-0.088997,LEFT_TO_RIGHT,INSIDE_MOVING_RIGHT,0.000000,0
GOPR0328U20_trajectories_dynamic.json,3295,0.162943,0.849060,-0.199281,0.313024,RIGHT_TO_LEFT,OUTSIDE_LEFT,,0
GOPR0328U20_trajectories_dynamic.json,3296,0.041777,0.707916,-0.145429,0.229597,RIGHT_TO_LEFT,OUTSIDE_LEFT,,
GOPR0328U20_trajectories_dynamic.json,3322,0.220963,0.906958,-0.350369,0.198309,RIGHT_TO_LEFT,OUTSIDE_LEFT,,0
GOPR0328U20_trajectories_dynamic.json,3329,0.367652,0.671627,-0.221201,0.058912,RIGHT_TO_LEFT,INSIDE_MOVING_LEFT,0.000000,0
GOPR0328U20_trajectories_dynamic.json,3345,0.395112,0.948612,-0.247054,0.052869,RIGHT_TO_LEFT,INSIDE_MOVING_LEFT,0.000000,0
GOPR0328U20_trajectories_dynamic.json,3419,0.657814,0.874335,0.659431,0.444222,LEFT_TO_RIGHT,OUTSIDE_RIGHT,,0
GOPR0328U20_trajectories_dynamic.json,3437,0.697505,0.859968,0.588370,0.535225,LEFT_TO_RIGHT,OUTSIDE_RIGHT,,0
GOPR0328U20_trajectories_dynamic.json,3452,0.300409,0.606469,-0.178506,-0.067260,LEFT_TO_RIGHT,OUTSIDE_LEFT,,17
GOPR0328U20_trajectories_dynamic.json,3455,0.074386,0.648107,-0.323831,-0.220723,LEFT_TO_RIGHT,OUTSIDE_LEFT,,36
GOPR0328U20_trajectories_dynamic.json,3462,0.121158,0.832785,-0.065287,0.215911,RIGHT_TO_LEFT,OUTSIDE_LEFT,,
GOPR0328U20_trajectories_dynamic.json,3463,0.830957,0.792908,0.476419,0.368774,LEFT_TO_RIGHT,OUTSIDE_RIGHT,,0
GOPR0328U20_trajectories_dynamic.json,3475,0.026940,0.698824,-0.497197,0.271499,RIGHT_TO_LEFT,OUTSIDE_LEFT,,0
GOPR0328U20_trajectories_dynamic.json,3600,0.240365,0.785693,-0.142817,0.099622,RIGHT_TO_LEFT,OUTSIDE_LEFT,,28
GOPR0328U20_trajectories_dynamic.json,3609,0.465397,1.000000,-0.517382,0.014546,RIGHT_TO_LEFT,INSIDE_MOVING_LEFT,0.000000,28
GOPR0328U20_trajectories_dynamic.json,3703,0.799358,0.800142,0.562173,0.123324,LEFT_TO_RIGHT,OUTSIDE_RIGHT,,47
GOPR0328U20_trajectories_dynamic.json,3724,0.378836,0.621025,-0.103857,-0.035049,LEFT_TO_RIGHT,INSIDE_MOVING_LEFT,0.000000,1
GOPR0328U20_trajectories_dynamic.json,3776,0.181234,0.651688,-0.108359,-0.046330,RIGHT_TO_LEFT,OUTSIDE_LEFT,,
GOPR0328U20_trajectories_dynamic.json,3779,0.148692,0.858131,-0.092189,0.154859,RIGHT_TO_LEFT,OUTSIDE_LEFT,,0
GOPR0328U20_trajectories_dynamic.json,3784,0.059092,0.707874,-0.166167,0.112527,RIGHT_TO_LEFT,OUTSIDE_LEFT,,
GOPR0328U20_trajectories_dynamic.json,3848,0.050893,0.586474,0.097678,-0.039300,RIGHT_TO_LEFT,APPROACHING_FROM_LEFT,3.062170,0
GOPR0328U20_trajectories_dynamic.json,3871,0.348280,0.753106,-0.009657,0.187709,RIGHT_TO_LEFT,OUTSIDE_LEFT,,0
GOPR0328U20_trajectories_dynamic.json,3877,0.487771,0.682497,0.094224,0.078984,RIGHT_TO_LEFT,INSIDE_MOVING_RIGHT,0.000000,0
GOPR0328U20_trajectories_dynamic.json,3881,0.435845,0.559378,-0.019703,-0.016228,LEFT_TO_RIGHT,INSIDE_STATIONARY,0.000000,0
GOPR0328U20_trajectories_dynamic.json,3911,0.177173,0.805621,-0.147067,0.162128,RIGHT_TO_LEFT,OUTSIDE_LEFT,,
GOPR0328U20_trajectories_dynamic.json,3912,0.383909,0.593807,0.027062,-0.001984,LEFT_TO_RIGHT,INSIDE_STATIONARY,0.000000,3
GOPR0328U20_trajectories_dynamic.json,3926,0.409398,0.742312,-0.096369,-0.001920,RIGHT_TO_LEFT,INSIDE_MOVING_LEFT,0.000000,0
GOPR0328U20_trajectories_dynamic.json,3937,0.486774,0.673407,-0.012644,0.066919,RIGHT_TO_LEFT,INSIDE_STATIONARY,0.000000,0
GOPR0328U20_trajectories_dynamic.json,3954,0.075348,0.724147,-0.174485,0.043184,RIGHT_TO_LEFT,OUTSIDE_LEFT,,2
GOPR0328U20_trajectories_dynamic.json,3968,0.037667,0.783890,-0.233000,0.206028,RIGHT_TO_LEFT,OUTSIDE_LEFT,,
GOPR0328U20_trajectories_dynamic.json,3979,0.079420,0.792986,-0.068622,0.060538,RIGHT_TO_LEFT,OUTSIDE_LEFT,,
GOPR0328U20_trajectories_dynamic.json,3986,0.123180,0.753122,-0.222503,-0.166829,RIGHT_TO_LEFT,OUTSIDE_LEFT,,0
GOPR0328U20_trajectories_dynamic.json,4078,0.848293,0.749513,0.605727,0.219858,LEFT_TO_RIGHT,OUTSIDE_RIGHT,,4
GOPR0328U20_trajectories_dynamic.json,4079,0.521403,0.611871,0.099394,-0.034359,LEFT_TO_RIGHT,INSIDE_MOVING_RIGHT,0.000000,5
GOPR0328U20_trajectories_dynamic.json,4096,0.920609,0.658974,0.533279,0.129713,LEFT_TO_RIGHT,OUTSIDE_RIGHT,,0
GOPR0328U20_trajectories_dynamic.json,4107,0.675198,0.839969,0.701888,0.303492,LEFT_TO_RIGHT,OUTSIDE_RIGHT,,0
GOPR0328U20_trajectories_dynamic.json,4136,0.839086,0.697026,0.693755,0.080942,LEFT_TO_RIGHT,OUTSIDE_RIGHT,,0
GOPR0328U20_trajectories_dynamic.json,4182,0.774941,0.756735,0.605843,0.324394,LEFT_TO_RIGHT,OUTSIDE_RIGHT,,3
GOPR0328U20_trajectories_dynamic.json,4198,0.147692,0.687933,-0.516669,0.209986,LEFT_TO_RIGHT,OUTSIDE_LEFT,,14
GOPR0328U20_trajectories_dynamic.json,4206,0.921609,0.838190,0.487424,0.409755,LEFT_TO_RIGHT,OUTSIDE_RIGHT,,5
GOPR0328U20_trajectories_dynamic.json,4229,0.043741,0.613742,-0.490724,0.126019,RIGHT_TO_LEFT,OUTSIDE_LEFT,,
GOPR0328U20_trajectories_dynamic.json,4238,0.066157,0.590074,-0.350578,-0.035926,RIGHT_TO_LEFT,OUTSIDE_LEFT,,
GOPR0328U20_trajectories_dynamic.json,4246,0.042776,0.566726,-0.381723,0.058854,RIGHT_TO_LEFT,OUTSIDE_LEFT,,
GOPR0328U20_trajectories_dynamic.json,4341,0.869613,0.722398,0.348050,0.171684,LEFT_TO_RIGHT,OUTSIDE_RIGHT,,0
GOPR0328U20_trajectories_dynamic.json,4390,0.862473,0.678881,0.293591,0.059487,LEFT_TO_RIGHT,OUTSIDE_RIGHT,,0
GOPR0328U20_trajectories_dynamic.json,4448,0.855453,0.769428,0.425973,0.301196,LEFT_TO_RIGHT,OUTSIDE_RIGHT,,0
GOPR0328U20_trajectories_dynamic.json,4491,0.834047,0.816462,0.559099,0.466959,LEFT_TO_RIGHT,OUTSIDE_RIGHT,,4
GOPR0328U20_trajectories_dynamic.json,4522,0.903266,0.617408,0.275116,0.036060,LEFT_TO_RIGHT,OUTSIDE_RIGHT,,
GOPR0328U20_trajectories_dynamic.json,4622,0.864582,0.785702,0.416641,0.186344,LEFT_TO_RIGHT,OUTSIDE_RIGHT,,0
GOPR0328U20_trajectories_dynamic.json,4624,0.845211,0.791156,0.322433,0.290526,LEFT_TO_RIGHT,OUTSIDE_RIGHT,,0
GOPR0328U20_trajectories_dynamic.json,4634,0.087556,0.818283,-0.590000,0.396890,RIGHT_TO_LEFT,OUTSIDE_LEFT,,0
GOPR0328U20_trajectories_dynamic.json,4707,0.020838,0.631886,-0.418261,0.158631,RIGHT_TO_LEFT,OUTSIDE_LEFT,,
GOPR0328U20_trajectories_dynamic.json,4726,0.743468,0.666203,0.172187,0.153736,LEFT_TO_RIGHT,OUTSIDE_RIGHT,,0
GOPR0328U20_trajectories_dynamic.json,4758,0.021856,0.592017,-0.821207,-0.088439,RIGHT_TO_LEFT,OUTSIDE_LEFT,,0
GOPR0328U20_trajectories_dynamic.json,4762,0.822773,0.809140,0.180089,0.413488,RIGHT_TO_LEFT,OUTSIDE_RIGHT,,
GOPR0328U20_trajectories_dynamic.json,4773,0.590626,0.619191,-0.040927,0.064248,VERTICAL,INSIDE_MOVING_LEFT,0.000000,0
GOPR0328U20_trajectories_dynamic.json,4817,0.107961,0.921444,-0.244499,0.233142,RIGHT_TO_LEFT,OUTSIDE_LEFT,,0
GOPR0328U20_trajectories_dynamic.json,4824,0.048874,0.742253,-0.380616,0.194565,RIGHT_TO_LEFT,OUTSIDE_LEFT,,0
GOPR0328U20_trajectories_dynamic.json,4883,0.904262,0.858084,0.163978,0.225815,LEFT_TO_RIGHT,OUTSIDE_RIGHT,,
GOPR0328U20_trajectories_dynamic.json,4913,0.447025,0.812819,-0.144286,0.026679,RIGHT_TO_LEFT,INSIDE_MOVING_LEFT,0.000000,0
GOPR0328U20_trajectories_dynamic.json,4926,0.753593,0.856288,0.099443,0.124164,LEFT_TO_RIGHT,OUTSIDE_RIGHT,,0
GOPR0328U20_trajectories_dynamic.json,4947,0.587515,0.706090,0.003908,0.013257,RIGHT_TO_LEFT,INSIDE_STATIONARY,0.000000,0
GOPR0328U20_trajectories_dynamic.json,4950,0.512209,0.760222,-0.012503,0.061060,RIGHT_TO_LEFT,INSIDE_STATIONARY,0.000000,0
GOPR0329U20_trajectories_dynamic.json,0,0.954211,0.633645,0.341027,-0.027553,LEFT_TO_RIGHT,OUTSIDE_RIGHT,,
GOPR0329U20_trajectories_dynamic.json,1,0.747476,0.658951,0.176266,-0.115186,RIGHT_TO_LEFT,OUTSIDE_RIGHT,,
GOPR0329U20_trajectories_dynamic.json,2,0.560084,0.563033,0.015322,0.042330,VERTICAL,INSIDE_STATIONARY,0.000000,0
GOPR0329U20_trajectories_dynamic.json,3,0.373712,0.619017,-0.034249,0.071666,RIGHT_TO_LEFT,INSIDE_MOVING_LEFT,0.000000,0
GOPR0329U20_trajectories_dynamic.json,4,0.905289,0.642641,0.359021,-0.033846,LEFT_TO_RIGHT,OUTSIDE_RIGHT,,9
GOPR0329U20_trajectories_dynamic.json,5,0.435853,0.610009,0.097866,-0.259662,RIGHT_TO_LEFT,INSIDE_MOVING_RIGHT,0.000000,0
GOPR0329U20_trajectories_dynamic.json,7,0.680193,0.591904,0.271177,0.023200,LEFT_TO_RIGHT,OUTSIDE_RIGHT,,0
GOPR0329U20_trajectories_dynamic.json,34,0.250541,0.954046,-0.325229,0.239904,LEFT_TO_RIGHT,OUTSIDE_LEFT,,19
GOPR0329U20_trajectories_dynamic.json,90,0.838148,0.850881,0.424680,0.560749,LEFT_TO_RIGHT,OUTSIDE_RIGHT,,0
GOPR0329U20_trajectories_dynamic.json,148,0.090609,0.954126,-0.425217,0.337035,RIGHT_TO_LEFT,OUTSIDE_LEFT,,0
GOPR0329U20_trajectories_dynamic.json,232,0.563157,0.637258,0.046344,0.076232,LEFT_TO_RIGHT,INSIDE_MOVING_RIGHT,0.000000,0
GOPR0329U20_trajectories_dynamic.json,234,0.364560,0.727760,-0.024020,-0.095100,LEFT_TO_RIGHT,INSIDE_STATIONARY,0.000000,20
GOPR0329U20_trajectories_dynamic.json,239,0.885949,0.693354,0.308763,0.107762,LEFT_TO_RIGHT,OUTSIDE_RIGHT,,0
GOPR0329U20_trajectories_dynamic.json,240,0.472497,0.601015,-0.024135,-0.149641,VERTICAL,INSIDE_STATIONARY,0.000000,0
GOPR0329U20_trajectories_dynamic.json,255,0.450101,0.601045,0.137835,0.078685,LEFT_TO_RIGHT,INSIDE_MOVING_RIGHT,0.000000,0
GOPR0329U20_trajectories_dynamic.json,263,0.873727,0.705997,0.194348,-0.151012,LEFT_TO_RIGHT,OUTSIDE_RIGHT,,
GOPR0329U20_trajectories_dynamic.json,315,0.782074,0.881721,0.465914,-0.175194,LEFT_TO_RIGHT,OUTSIDE_RIGHT,,0
GOPR0329U20_trajectories_dynamic.json,361,0.112032,0.792953,-0.338660,0.344371,RIGHT_TO_LEFT,OUTSIDE_LEFT,,
GOPR0329U20_trajectories_dynamic.json,374,0.660847,0.635465,0.434971,0.167960,LEFT_TO_RIGHT,OUTSIDE_RIGHT,,3
GOPR0329U20_trajectories_dynamic.json,378,0.820785,0.693328,0.693265,0.305991,LEFT_TO_RIGHT,OUTSIDE_RIGHT,,8
GOPR0329U20_trajectories_dynamic.json,443,0.955184,0.751310,0.258450,0.131011,LEFT_TO_RIGHT,OUTSIDE_RIGHT,,
GOPR0329U20_trajectories_dynamic.json,504,0.902246,0.763957,0.534673,0.171084,LEFT_TO_RIGHT,OUTSIDE_RIGHT,,
GOPR0329U20_trajectories_dynamic.json,545,0.126251,0.879837,-0.435648,0.481675,RIGHT_TO_LEFT,OUTSIDE_LEFT,,0
GOPR0329U20_trajectories_dynamic.json,562,0.838078,0.867163,0.638756,0.539950,LEFT_TO_RIGHT,OUTSIDE_RIGHT,,0
GOPR0329U20_trajectories_dynamic.json,597,0.022888,0.633617,-0.376055,0.041540,RIGHT_TO_LEFT,OUTSIDE_LEFT,,0
GOPR0329U20_trajectories_dynamic.json,624,0.093638,0.582951,0.054104,0.118397,RIGHT_TO_LEFT,APPROACHING_FROM_LEFT,4.738319,
GOPR0329U20_trajectories_dynamic.json,625,0.907293,0.622744,0.290897,0.014325,LEFT_TO_RIGHT,OUTSIDE_RIGHT,,0
GOPR0329U20_trajectories_dynamic.json,630,0.786171,0.780296,0.483149,0.451431,LEFT_TO_RIGHT,OUTSIDE_RIGHT,,0
GOPR0329U20_trajectories_dynamic.json,631,0.058063,0.802014,-0.278708,0.236566,RIGHT_TO_LEFT,OUTSIDE_LEFT,,0
GOPR0329U20_trajectories_dynamic.json,633,0.815676,0.613717,0.241961,-0.026130,LEFT_TO_RIGHT,OUTSIDE_RIGHT,,2
GOPR0329U20_trajectories_dynamic.json,641,0.139509,0.943167,-0.306920,0.456007,RIGHT_TO_LEFT,OUTSIDE_LEFT,,0
GOPR0329U20_trajectories_dynamic.json,652,0.025939,0.720581,-0.361804,0.159384,RIGHT_TO_LEFT,OUTSIDE_LEFT,,0
GOPR0329U20_trajectories_dynamic.json,685,0.929750,0.823710,0.224083,0.219959,LEFT_TO_RIGHT,OUTSIDE_RIGHT,,
GOPR0329U20_trajectories_dynamic.json,778,0.569267,0.530412,-0.013793,-0.026135,VERTICAL,INSIDE_STATIONARY,0.000000,0
GOPR0329U20_trajectories_dynamic.json,804,0.063172,0.820101,-0.678770,0.212950,RIGHT_TO_LEFT,OUTSIDE_LEFT,,0
GOPR0329U20_trajectories_dynamic.json,806,0.228102,0.841802,-0.322642,0.418873,RIGHT_TO_LEFT,OUTSIDE_LEFT,,0
GOPR0329U20_trajectories_dynamic.json,808,0.153760,0.689732,-0.408901,0.251751,RIGHT_TO_LEFT,OUTSIDE_LEFT,,0
GOPR0330U20_trajectories_dynamic.json,5,0.047335,0.711510,-0.413746,0.274333,RIGHT_TO_LEFT,OUTSIDE_LEFT,,3
GOPR0330U20_trajectories_dynamic.json,16,0.317758,0.715103,-0.283462,0.305046,RIGHT_TO_LEFT,OUTSIDE_LEFT,,0
GOPR0330U20_trajectories_dynamic.json,23,0.882836,0.888917,0.510954,0.427061,LEFT_TO_RIGHT,OUTSIDE_RIGHT,,0
GOPR0330U20_trajectories_dynamic.json,27,0.121194,0.715107,-0.252162,0.247499,RIGHT_TO_LEFT,OUTSIDE_LEFT,,0
GOPR0330U20_trajectories_dynamic.json,30,0.162932,0.602908,-0.129819,0.143661,RIGHT_TO_LEFT,OUTSIDE_LEFT,,
GOPR0330U20_trajectories_dynamic.json,31,0.943941,0.630026,0.297679,0.118164,LEFT_TO_RIGHT,OUTSIDE_RIGHT,,
GOPR0330U20_trajectories_dynamic.json,32,0.013674,0.639038,-0.266163,0.025518,RIGHT_TO_LEFT,OUTSIDE_LEFT,,
GOPR0330U20_trajectories_dynamic.json,38,0.755533,0.894327,0.349803,0.530465,LEFT_TO_RIGHT,OUTSIDE_RIGHT,,0
GOPR0330U20_trajectories_dynamic.json,81,0.068248,0.695180,-0.461981,0.225350,RIGHT_TO_LEFT,OUTSIDE_LEFT,,1
GOPR0330U20_trajectories_dynamic.json,113,0.809558,0.870772,0.367953,0.509530,LEFT_TO_RIGHT,OUTSIDE_RIGHT,,0
GOPR0330U20_trajectories_dynamic.json,140,0.910320,0.729524,0.495408,0.212396,LEFT_TO_RIGHT,OUTSIDE_RIGHT,,0
GOPR0330U20_trajectories_dynamic.json,173,0.072297,0.709615,-0.390907,0.184389,RIGHT_TO_LEFT,OUTSIDE_LEFT,,
GOPR0330U20_trajectories_dynamic.json,186,0.064176,0.640847,-0.602491,-0.115517,RIGHT_TO_LEFT,OUTSIDE_LEFT,,0
GOPR0330U20_trajectories_dynamic.json,192,0.045768,0.687901,-0.386988,-0.042510,RIGHT_TO_LEFT,OUTSIDE_LEFT,,0
GOPR0330U20_trajectories_dynamic.json,203,0.085563,0.720501,-0.142653,-0.079322,RIGHT_TO_LEFT,OUTSIDE_LEFT,,0
GOPR0330U20_trajectories_dynamic.json,215,0.198578,0.805640,-0.509757,0.331857,RIGHT_TO_LEFT,OUTSIDE_LEFT,,0
GOPR0330U20_trajectories_dynamic.json,260,0.947020,0.622792,0.309985,-0.115766,LEFT_TO_RIGHT,OUTSIDE_RIGHT,,
GOPR0330U20_trajectories_dynamic.json,267,0.786168,0.803738,0.354429,0.363274,LEFT_TO_RIGHT,OUTSIDE_RIGHT,,0
GOPR0330U20_trajectories_dynamic.json,305,0.845164,0.646332,0.068709,-0.060158,LEFT_TO_RIGHT,OUTSIDE_RIGHT,,
GOPR0330U20_trajectories_dynamic.json,331,0.827906,0.711463,0.434686,0.236584,LEFT_TO_RIGHT,OUTSIDE_RIGHT,,0
GOPR0330U20_trajectories_dynamic.json,360,0.044817,0.756723,-0.467817,0.179750,RIGHT_TO_LEFT,OUTSIDE_LEFT,,0
GOPR0330U20_trajectories_dynamic.json,363,0.781043,0.850871,0.556996,0.406532,LEFT_TO_RIGHT,OUTSIDE_RIGHT,,0
GOPR0330U20_trajectories_dynamic.json,369,0.124227,0.859887,-0.395880,0.435359,RIGHT_TO_LEFT,OUTSIDE_LEFT,,0
GOPR0330U20_trajectories_dynamic.json,382,0.762737,0.791147,0.269814,0.306530,LEFT_TO_RIGHT,OUTSIDE_RIGHT,,0
GOPR0330U20_trajectories_dynamic.json,654,0.083501,0.591953,-0.091795,0.049259,RIGHT_TO_LEFT,OUTSIDE_LEFT,,0
GOPR0330U20_trajectories_dynamic.json,662,0.699628,0.564765,-0.182385,-0.064525,RIGHT_TO_LEFT,APPROACHING_FROM_RIGHT,0.272104,
GOPR0330U20_trajectories_dynamic.json,706,0.602823,0.590227,0.172499,-0.054284,RIGHT_TO_LEFT,INSIDE_MOVING_RIGHT,0.000000,0
GOPR0330U20_trajectories_dynamic.json,709,0.023924,0.771186,-0.376401,0.283006,RIGHT_TO_LEFT,OUTSIDE_LEFT,,
GOPR0330U20_trajectories_dynamic.json,714,0.583528,0.646305,0.177114,0.043820,RIGHT_TO_LEFT,INSIDE_MOVING_RIGHT,0.000000,0
GOPR0330U20_trajectories_dynamic.json,864,0.964336,0.575718,0.239866,-0.006896,LEFT_TO_RIGHT,OUTSIDE_RIGHT,,
GOPR0330U20_trajectories_dynamic.json,868,0.045817,0.624612,-0.242308,0.136007,RIGHT_TO_LEFT,OUTSIDE_LEFT,,0
GOPR0330U20_trajectories_dynamic.json,947,0.916504,0.709672,0.386107,0.099689,LEFT_TO_RIGHT,OUTSIDE_RIGHT,,
GOPR0330U20_trajectories_dynamic.json,961,0.302482,0.765699,-0.279763,0.368330,RIGHT_TO_LEFT,OUTSIDE_LEFT,,0
GOPR0330U20_trajectories_dynamic.json,979,0.561092,0.644454,-0.052763,0.033580,RIGHT_TO_LEFT,INSIDE_MOVING_LEFT,0.000000,0
GOPR0330U20_trajectories_dynamic.json,994,0.882902,0.740474,0.386614,0.246707,LEFT_TO_RIGHT,OUTSIDE_RIGHT,,
GOPR0330U20_trajectories_dynamic.json,996,0.937937,0.680606,0.425208,0.146660,LEFT_TO_RIGHT,OUTSIDE_RIGHT,,
GOPR0330U20_trajectories_dynamic.json,1015,0.250483,0.928671,-0.155805,0.416590,RIGHT_TO_LEFT,OUTSIDE_LEFT,,0
GOPR0330U20_trajectories_dynamic.json,1021,0.017799,0.845506,-0.331572,0.274283,RIGHT_TO_LEFT,OUTSIDE_LEFT,,1
GOPR0330U20_trajectories_dynamic.json,1027,0.798409,0.874451,0.381327,0.351935,LEFT_TO_RIGHT,OUTSIDE_RIGHT,,0
GOPR0330U20_trajectories_dynamic.json,1030,0.771879,0.800151,0.373339,0.355909,LEFT_TO_RIGHT,OUTSIDE_RIGHT,,0
GOPR0330U20_trajectories_dynamic.json,1049,0.437909,0.566678,0.154395,-0.011694,LEFT_TO_RIGHT,INSIDE_MOVING_RIGHT,0.000000,16
GOPR0330U20_trajectories_dynamic.json,1057,0.055978,0.818291,-0.232154,0.204808,VERTICAL,OUTSIDE_LEFT,,
GOPR0330U20_trajectories_dynamic.json,1081,0.621153,0.660815,0.121878,0.098356,LEFT_TO_RIGHT,INSIDE_MOVING_RIGHT,0.000000,0
GOPR0330U20_trajectories_dynamic.json,1087,0.842160,0.805597,0.242262,0.301780,LEFT_TO_RIGHT,OUTSIDE_RIGHT,,0
GOPR0330U20_trajectories_dynamic.json,1105,0.022926,0.689772,-0.284385,0.169850,RIGHT_TO_LEFT,OUTSIDE_LEFT,,
GOPR0330U20_trajectories_dynamic.json,1113,0.194478,0.992097,-0.468268,0.471763,RIGHT_TO_LEFT,OUTSIDE_LEFT,,0
GOPR0330U20_trajectories_dynamic.json,1131,0.238273,0.992096,-0.295793,0.426168,RIGHT_TO_LEFT,OUTSIDE_LEFT,,0
GOPR0330U20_trajectories_dynamic.json,1133,0.505116,0.789269,-0.176727,0.044812,RIGHT_TO_LEFT,INSIDE_MOVING_LEFT,0.000000,0
GOPR0330U20_trajectories_dynamic.json,1134,0.819753,0.823719,0.380829,0.209786,LEFT_TO_RIGHT,OUTSIDE_RIGHT,,
GOPR0330U20_trajectories_dynamic.json,1160,0.075373,0.821885,-0.307971,0.044990,RIGHT_TO_LEFT,OUTSIDE_LEFT,,0
GOPR0330U20_trajectories_dynamic.json,1179,0.036631,0.689681,-0.225290,0.093639,RIGHT_TO_LEFT,OUTSIDE_LEFT,,0
GOPR0330U20_trajectories_dynamic.json,1201,0.020857,0.649935,-0.473454,0.048161,RIGHT_TO_LEFT,OUTSIDE_LEFT,,0
GOPR0330U20_trajectories_dynamic.json,1205,0.365555,0.644479,-0.223534,-0.079018,RIGHT_TO_LEFT,INSIDE_MOVING_LEFT,0.000000,0
GOPR0330U20_trajectories_dynamic.json,1208,0.301460,0.905194,-0.142460,0.189167,RIGHT_TO_LEFT,OUTSIDE_LEFT,,0
GOPR0330U20_trajectories_dynamic.json,1216,0.114097,0.666153,-0.245021,0.031776,RIGHT_TO_LEFT,OUTSIDE_LEFT,,0
GOPR0330U20_trajectories_dynamic.json,1304,0.406310,0.506804,0.352568,-0.013907,LEFT_TO_RIGHT,INSIDE_MOVING_RIGHT,0.000000,0
GOPR0330U20_trajectories_dynamic.json,1305,0.357461,0.503186,0.390915,0.025069,LEFT_TO_RIGHT,INSIDE_MOVING_RIGHT,0.000000,24
GOPR0330U20_trajectories_dynamic.json,1330,0.295332,0.887157,-0.790394,0.318002,RIGHT_TO_LEFT,OUTSIDE_LEFT,,0
GOPR0330U20_trajectories_dynamic.json,1365,0.810607,0.715043,0.341027,0.335646,LEFT_TO_RIGHT,OUTSIDE_RIGHT,,0
GOPR0330U20_trajectories_dynamic.json,1379,0.040696,0.792940,-0.783904,0.334848,RIGHT_TO_LEFT,OUTSIDE_LEFT,,0
GOPR0330U20_trajectories_dynamic.json,1404,0.743392,0.678837,0.748012,0.258154,LEFT_TO_RIGHT,OUTSIDE_RIGHT,,10
GOPR0330U20_trajectories_dynamic.json,1410,0.237304,0.894316,-0.534896,0.278698,LEFT_TO_RIGHT,OUTSIDE_LEFT,,9
GOPR0330U20_trajectories_dynamic.json,1413,0.158850,0.740401,-0.430113,0.323929,LEFT_TO_RIGHT,OUTSIDE_LEFT,,10
GOPR0330U20_trajectories_dynamic.json,1415,0.068187,0.707818,-0.397971,0.307725,VERTICAL,OUTSIDE_LEFT,,
GOPR0330U20_trajectories_dynamic.json,1425,0.088573,0.660785,-0.478752,0.088185,RIGHT_TO_LEFT,OUTSIDE_LEFT,,0
GOPR0330U20_trajectories_dynamic.json,1448,0.882941,0.734982,0.080465,0.129054,LEFT_TO_RIGHT,OUTSIDE_RIGHT,,
GOPR0330U20_trajectories_dynamic.json,1482,0.274964,0.841811,-0.436569,0.245610,RIGHT_TO_LEFT,OUTSIDE_LEFT,,0
GOPR0330U20_trajectories_dynamic.json,1498,0.796288,0.901611,0.458224,0.623399,LEFT_TO_RIGHT,OUTSIDE_RIGHT,,0
GOPR0330U20_trajectories_dynamic.json,1536,0.055018,0.763951,-0.084163,0.217982,VERTICAL,OUTSIDE_LEFT,,
GOPR0330U20_trajectories_dynamic.json,1585,0.190405,0.841763,-0.336876,0.470597,RIGHT_TO_LEFT,OUTSIDE_LEFT,,0
GOPR0330U20_trajectories_dynamic.json,1621,0.373701,0.678891,-0.048299,0.123205,RIGHT_TO_LEFT,INSIDE_MOVING_LEFT,0.000000,0
GOPR0330U20_trajectories_dynamic.json,1645,0.886980,0.760313,0.619933,0.144897,LEFT_TO_RIGHT,OUTSIDE_RIGHT,,0
GOPR0330U20_trajectories_dynamic.json,1672,0.119154,0.778422,-0.428315,0.248768,RIGHT_TO_LEFT,OUTSIDE_LEFT,,5
GOPR0330U20_trajectories_dynamic.json,1690,0.308552,0.792910,-0.220361,0.099221,RIGHT_TO_LEFT,OUTSIDE_LEFT,,0
GOPR0330U20_trajectories_dynamic.json,1698,0.733179,0.912448,0.238684,0.420816,LEFT_TO_RIGHT,OUTSIDE_RIGHT,,0
GOPR0330U20_trajectories_dynamic.json,1703,0.661936,0.970381,0.173166,0.538253,LEFT_TO_RIGHT,OUTSIDE_RIGHT,,0
GOPR0330U20_trajectories_dynamic.json,1715,0.813698,0.863528,0.365271,0.405727,LEFT_TO_RIGHT,OUTSIDE_RIGHT,,5
GOPR0330U20_trajectories_dynamic.json,1783,0.811638,0.823709,0.585137,0.532894,LEFT_TO_RIGHT,OUTSIDE_RIGHT,,0
GOPR0330U20_trajectories_dynamic.json,1928,0.766834,0.680656,0.515777,0.123468,LEFT_TO_RIGHT,OUTSIDE_RIGHT,,0
GOPR0330U20_trajectories_dynamic.json,1949,0.912414,0.738673,0.446911,0.334310,LEFT_TO_RIGHT,OUTSIDE_RIGHT,,0
GOPR0330U20_trajectories_dynamic.json,1962,0.675175,0.881617,0.376494,0.415297,LEFT_TO_RIGHT,OUTSIDE_RIGHT,,16
GOPR0330U20_trajectories_dynamic.json,2036,0.621211,0.675190,0.024733,0.165955,LEFT_TO_RIGHT,INSIDE_STATIONARY,0.000000,0
GOPR0330U20_trajectories_dynamic.json,2038,0.813605,0.593828,0.262993,-0.057708,RIGHT_TO_LEFT,OUTSIDE_RIGHT,,36
GOPR0330U20_trajectories_dynamic.json,2044,0.929684,0.736749,0.200186,0.096299,VERTICAL,OUTSIDE_RIGHT,,
GOPR0330U20_trajectories_dynamic.json,2058,0.787161,0.664411,0.466511,0.066614,LEFT_TO_RIGHT,OUTSIDE_RIGHT,,0
GOPR0330U20_trajectories_dynamic.json,2070,0.752509,0.838217,0.699856,0.364359,LEFT_TO_RIGHT,OUTSIDE_RIGHT,,0
GOPR0330U20_trajectories_dynamic.json,2086,0.246404,0.727735,-0.396612,0.347440,RIGHT_TO_LEFT,OUTSIDE_LEFT,,0
GOPR0330U20_trajectories_dynamic.json,2092,0.826930,0.651715,0.610960,0.145199,LEFT_TO_RIGHT,OUTSIDE_RIGHT,,0
GOPR0330U20_trajectories_dynamic.json,2099,0.908305,0.566635,0.268080,-0.057184,LEFT_TO_RIGHT,OUTSIDE_RIGHT,,
GOPR0330U20_trajectories_dynamic.json,2144,0.866625,0.740383,0.294578,0.116302,LEFT_TO_RIGHT,OUTSIDE_RIGHT,,0
GOPR0330U20_trajectories_dynamic.json,2151,0.092681,1.000000,-0.641802,0.609142,RIGHT_TO_LEFT,OUTSIDE_LEFT,,0
GOPR0330U20_trajectories_dynamic.json,2208,0.831973,0.639076,0.332776,0.005241,LEFT_TO_RIGHT,OUTSIDE_RIGHT,,0
GOPR0330U20_trajectories_dynamic.json,2209,0.141584,0.780297,-0.618121,0.267970,RIGHT_TO_LEFT,OUTSIDE_LEFT,,0
GOPR0330U20_trajectories_dynamic.json,2247,0.904242,0.687876,0.824283,0.178769,LEFT_TO_RIGHT,OUTSIDE_RIGHT,,0
GOPR0330U20_trajectories_dynamic.json,2255,0.014748,0.838190,-0.472615,0.394882,VERTICAL,OUTSIDE_LEFT,,
GOPR0330U20_trajectories_dynamic.json,2332,0.840160,0.760317,0.302083,0.141546,RIGHT_TO_LEFT,OUTSIDE_RIGHT,,
GOPR0330U20_trajectories_dynamic.json,2347,0.801404,0.852687,0.404612,0.507255,LEFT_TO_RIGHT,OUTSIDE_RIGHT,,0
GOPR0330U20_trajectories_dynamic.json,2374,0.589585,0.952260,0.355115,0.594016,LEFT_TO_RIGHT,INSIDE_MOVING_RIGHT,0.000000,0
GOPR0330U20_trajectories_dynamic.json,2435,0.898168,0.713290,0.302566,0.269359,LEFT_TO_RIGHT,OUTSIDE_RIGHT,,
GOPR0330U20_trajectories_dynamic.json,2468,0.241293,0.872586,-1.011122,-0.339226,RIGHT_TO_LEFT,OUTSIDE_LEFT,,0
GOPR0330U20_trajectories_dynamic.json,2469,0.955176,0.850832,0.480640,0.283321,LEFT_TO_RIGHT,OUTSIDE_RIGHT,,0
GOPR0330U20_trajectories_dynamic.json,2504,0.807566,0.867156,0.414182,0.394092,LEFT_TO_RIGHT,OUTSIDE_RIGHT,,0
GOPR0330U20_trajectories_dynamic.json,2535,0.229122,0.791138,-0.579012,0.254832,RIGHT_TO_LEFT,OUTSIDE_LEFT,,0
GOPR0330U20_trajectories_dynamic.json,2551,0.791253,0.825524,0.525426,0.299375,LEFT_TO_RIGHT,OUTSIDE_RIGHT,,0
GOPR0330U20_trajectories_dynamic.json,2566,0.373696,0.707900,-0.133297,0.141337,LEFT_TO_RIGHT,INSIDE_MOVING_LEFT,0.000000,10
GOPR0330U20_trajectories_dynamic.json,2661,0.913426,0.742258,0.254257,0.169137,LEFT_TO_RIGHT,OUTSIDE_RIGHT,,0
GOPR0331U20_trajectories_dynamic.json,3,0.464312,0.639088,-0.103367,0.003888,LEFT_TO_RIGHT,INSIDE_MOVING_LEFT,0.000000,10
GOPR0331U20_trajectories_dynamic.json,45,0.850344,0.785650,0.509133,0.268445,LEFT_TO_RIGHT,OUTSIDE_RIGHT,,0
GOPR0331U20_trajectories_dynamic.json,72,0.114039,0.830945,-0.402054,0.314917,RIGHT_TO_LEFT,OUTSIDE_LEFT,,0
GOPR0331U20_trajectories_dynamic.json,73,0.549873,0.572094,-0.018860,0.029249,RIGHT_TO_LEFT,INSIDE_STATIONARY,0.000000,4
GOPR0331U20_trajectories_dynamic.json,77,0.849320,0.896203,0.443969,0.461716,LEFT_TO_RIGHT,OUTSIDE_RIGHT,,0
GOPR0331U20_trajectories_dynamic.json,82,0.391080,0.648165,-0.060492,-0.052400,RIGHT_TO_LEFT,INSIDE_MOVING_LEFT,0.000000,0
GOPR0331U20_trajectories_dynamic.json,84,0.071277,0.832756,-0.235747,0.127130,RIGHT_TO_LEFT,OUTSIDE_LEFT,,0
GOPR0331U20_trajectories_dynamic.json,90,0.800484,0.840022,0.382125,0.388382,LEFT_TO_RIGHT,OUTSIDE_RIGHT,,0
GOPR0331U20_trajectories_dynamic.json,101,0.979648,0.811100,0.351987,0.195335,LEFT_TO_RIGHT,OUTSIDE_RIGHT,,
GOPR0331U20_trajectories_dynamic.json,105,0.500975,0.628199,0.063484,0.022804,RIGHT_TO_LEFT,INSIDE_MOVING_RIGHT,0.000000,0
GOPR0331U20_trajectories_dynamic.json,113,0.459292,0.677024,0.056538,0.144852,RIGHT_TO_LEFT,INSIDE_MOVING_RIGHT,0.000000,0
GOPR0331U20_trajectories_dynamic.json,114,0.132395,0.774830,-0.423668,0.253907,RIGHT_TO_LEFT,OUTSIDE_LEFT,,0
GOPR0331U20_trajectories_dynamic.json,138,0.825848,0.805619,0.508308,0.436386,LEFT_TO_RIGHT,OUTSIDE_RIGHT,,0
GOPR0331U20_trajectories_dynamic.json,142,0.837047,0.782123,0.428570,0.232982,LEFT_TO_RIGHT,OUTSIDE_RIGHT,,0
GOPR0331U20_trajectories_dynamic.json,152,0.439968,0.626478,-0.062649,0.007661,RIGHT_TO_LEFT,INSIDE_MOVING_LEFT,0.000000,0
GOPR0331U20_trajectories_dynamic.json,153,0.909328,0.711463,0.424221,0.050016,LEFT_TO_RIGHT,OUTSIDE_RIGHT,,0
GOPR0331U20_trajectories_dynamic.json,160,0.031013,0.791101,-0.452086,0.303277,RIGHT_TO_LEFT,OUTSIDE_LEFT,,
GOPR0332U20_trajectories_dynamic.json,0,0.124191,0.878028,-0.354441,0.247725,RIGHT_TO_LEFT,OUTSIDE_LEFT,,0
GOPR0332U20_trajectories_dynamic.json,3,0.065167,0.818290,-0.206005,0.223119,RIGHT_TO_LEFT,OUTSIDE_LEFT,,0
GOPR0332U20_trajectories_dynamic.json,5,0.885934,0.776658,0.604230,0.201952,LEFT_TO_RIGHT,OUTSIDE_RIGHT,,0
GOPR0332U20_trajectories_dynamic.json,12,0.081486,0.789278,-0.559539,0.333992,RIGHT_TO_LEFT,OUTSIDE_LEFT,,0
GOPR0332U20_trajectories_dynamic.json,21,0.883898,0.602826,0.552691,-0.003749,LEFT_TO_RIGHT,OUTSIDE_RIGHT,,0
GOPR0332U20_trajectories_dynamic.json,23,0.831961,0.785724,0.415433,0.414609,LEFT_TO_RIGHT,OUTSIDE_RIGHT,,0
GOPR0332U20_trajectories_dynamic.json,39,0.785136,0.861740,0.557779,0.348337,LEFT_TO_RIGHT,OUTSIDE_RIGHT,,0
GOPR0332U20_trajectories_dynamic.json,56,0.895113,0.684305,0.412176,-0.001096,LEFT_TO_RIGHT,OUTSIDE_RIGHT,,
GOPR0332U20_trajectories_dynamic.json,58,0.773951,0.769416,0.523010,0.296294,LEFT_TO_RIGHT,OUTSIDE_RIGHT,,0
GOPR0332U20_trajectories_dynamic.json,59,0.251557,0.773027,-0.154928,0.184663,RIGHT_TO_LEFT,OUTSIDE_LEFT,,0
GOPR0332U20_trajectories_dynamic.json,64,0.122219,0.830917,-0.334123,0.346089,RIGHT_TO_LEFT,OUTSIDE_LEFT,,0
GOPR0332U20_trajectories_dynamic.json,70,0.152745,0.635389,-0.207426,-0.025143,RIGHT_TO_LEFT,OUTSIDE_LEFT,,
GOPR0332U20_trajectories_dynamic.json,81,0.164973,0.787540,-0.434439,0.195795,RIGHT_TO_LEFT,OUTSIDE_LEFT,,2
GOPR0332U20_trajectories_dynamic.json,85,0.114071,0.946866,-0.056539,0.265120,RIGHT_TO_LEFT,OUTSIDE_LEFT,,
GOPR0332U20_trajectories_dynamic.json,88,0.348263,0.928661,0.279711,0.074161,RIGHT_TO_LEFT,APPROACHING_FROM_LEFT,0.006210,0
GOPR0333U20_trajectories_dynamic.json,10,0.798402,0.823660,0.408334,0.308858,LEFT_TO_RIGHT,OUTSIDE_RIGHT,,0
GOPR0333U20_trajectories_dynamic.json,48,0.231152,0.941395,-0.216758,0.448642,RIGHT_TO_LEFT,OUTSIDE_LEFT,,0
GOPR0333U20_trajectories_dynamic.json,76,0.655821,0.582935,0.055905,0.025881,LEFT_TO_RIGHT,OUTSIDE_RIGHT,,6
GOPR0333U20_trajectories_dynamic.json,92,0.065158,0.809276,-0.430698,0.350212,RIGHT_TO_LEFT,OUTSIDE_LEFT,,0
GOPR0333U20_trajectories_dynamic.json,96,0.014726,0.678984,-0.269639,0.066931,RIGHT_TO_LEFT,OUTSIDE_LEFT,,
GOPR0333U20_trajectories_dynamic.json,122,0.936867,0.736883,0.579580,0.054961,LEFT_TO_RIGHT,OUTSIDE_RIGHT,,0
GOPR0333U20_trajectories_dynamic.json,133,0.863555,0.715112,0.562187,0.173698,LEFT_TO_RIGHT,OUTSIDE_RIGHT,,0
GOPR0333U20_trajectories_dynamic.json,140,0.763768,0.932285,0.512219,0.538307,LEFT_TO_RIGHT,OUTSIDE_RIGHT,,0
GOPR0333U20_trajectories_dynamic.json,157,0.876750,0.693393,0.326729,0.109975,LEFT_TO_RIGHT,OUTSIDE_RIGHT,,0
GOPR0333U20_trajectories_dynamic.json,179,0.207802,0.802004,-0.569844,0.169581,RIGHT_TO_LEFT,OUTSIDE_LEFT,,0
GOPR0333U20_trajectories_dynamic.json,180,0.272901,0.941422,-0.701650,0.345438,RIGHT_TO_LEFT,OUTSIDE_LEFT,,0
GOPR0333U20_trajectories_dynamic.json,203,0.136456,0.850847,-0.511808,0.335587,RIGHT_TO_LEFT,OUTSIDE_LEFT,,0
GOPR0333U20_trajectories_dynamic.json,204,0.855398,0.800130,0.464002,0.276716,LEFT_TO_RIGHT,OUTSIDE_RIGHT,,0
GOPR0333U20_trajectories_dynamic.json,212,0.031064,0.821937,-0.368662,0.297738,RIGHT_TO_LEFT,OUTSIDE_LEFT,,
GOPR0333U20_trajectories_dynamic.json,214,0.051936,0.769538,-0.278124,0.237992,RIGHT_TO_LEFT,OUTSIDE_LEFT,,
GOPR0333U20_trajectories_dynamic.json,228,0.884938,0.785665,0.572072,0.271496,LEFT_TO_RIGHT,OUTSIDE_RIGHT,,0
GOPR0333U20_trajectories_dynamic.json,238,0.848324,0.881631,0.476769,0.471336,LEFT_TO_RIGHT,OUTSIDE_RIGHT,,0
GOPR0333U20_trajectories_dynamic.json,259,0.071307,0.852699,-0.631343,0.420340,RIGHT_TO_LEFT,OUTSIDE_LEFT,,0
GOPR0333U20_trajectories_dynamic.json,268,0.749464,0.859929,0.486950,0.356107,LEFT_TO_RIGHT,OUTSIDE_RIGHT,,0
GOPR0334U20_trajectories_dynamic.json,2,0.651699,0.695166,-0.221599,-0.023511,RIGHT_TO_LEFT,APPROACHING_FROM_RIGHT,0.007666,
GOPR0334U20_trajectories_dynamic.json,27,0.673141,0.649928,0.181857,0.026507,LEFT_TO_RIGHT,OUTSIDE_RIGHT,,3
GOPR0334U20_trajectories_dynamic.json,168,0.275961,0.964938,-0.125966,-0.022754,LEFT_TO_RIGHT,OUTSIDE_LEFT,,10
GOPR0334U20_trajectories_dynamic.json,169,0.486700,0.762099,-0.425271,-0.312542,LEFT_TO_RIGHT,INSIDE_MOVING_LEFT,0.000000,0
GOPR0334U20_trajectories_dynamic.json,250,0.482658,0.676926,0.128919,0.008621,LEFT_TO_RIGHT,INSIDE_MOVING_RIGHT,0.000000,0
GOPR0334U20_trajectories_dynamic.json,272,0.276996,0.678997,0.143797,0.028124,VERTICAL,APPROACHING_FROM_LEFT,0.507684,
GOPR0334U20_trajectories_dynamic.json,279,0.411379,0.651738,0.111855,-0.047188,LEFT_TO_RIGHT,INSIDE_MOVING_RIGHT,0.000000,14
GOPR0334U20_trajectories_dynamic.json,299,0.754600,0.725879,-0.377489,-0.224987,LEFT_TO_RIGHT,APPROACHING_FROM_RIGHT,0.277095,27
GOPR0334U20_trajectories_dynamic.json,341,0.147677,0.653553,-0.210512,-0.037595,VERTICAL,OUTSIDE_LEFT,,
GOPR0334U20_trajectories_dynamic.json,396,0.896172,0.812849,0.364620,-0.040392,LEFT_TO_RIGHT,OUTSIDE_RIGHT,,0
GOPR0334U20_trajectories_dynamic.json,405,0.543826,0.751319,0.059586,-0.007222,LEFT_TO_RIGHT,INSIDE_MOVING_RIGHT,0.000000,0
GOPR0334U20_trajectories_dynamic.json,407,0.063153,0.972162,-0.436760,0.229555,RIGHT_TO_LEFT,OUTSIDE_LEFT,,0
GOPR0334U20_trajectories_dynamic.json,422,0.919527,0.917909,0.457664,0.119465,LEFT_TO_RIGHT,OUTSIDE_RIGHT,,0
GOPR0334U20_trajectories_dynamic.json,458,0.747468,0.704199,-0.134924,-0.077556,LEFT_TO_RIGHT,APPROACHING_FROM_RIGHT,0.722396,
GOPR0334U20_trajectories_dynamic.json,521,0.934836,0.678943,0.424194,0.155367,LEFT_TO_RIGHT,OUTSIDE_RIGHT,,0
GOPR0334U20_trajectories_dynamic.json,617,0.155769,0.671584,0.077507,-0.021470,RIGHT_TO_LEFT,APPROACHING_FROM_LEFT,2.505975,0
GOPR0334U20_trajectories_dynamic.json,619,0.035604,0.669902,-0.345883,0.051524,RIGHT_TO_LEFT,OUTSIDE_LEFT,,
GOPR0334U20_trajectories_dynamic.json,621,0.810613,0.899777,0.273612,0.450779,LEFT_TO_RIGHT,OUTSIDE_RIGHT,,0
GOPR0334U20_trajectories_dynamic.json,627,0.892105,0.736908,0.315195,0.184027,LEFT_TO_RIGHT,OUTSIDE_RIGHT,,
GOPR0334U20_trajectories_dynamic.json,651,0.746400,0.680642,-0.043610,-0.030480,RIGHT_TO_LEFT,APPROACHING_FROM_RIGHT,2.210495,
GOPR0334U20_trajectories_dynamic.json,653,0.286141,0.812920,-0.165809,0.359108,RIGHT_TO_LEFT,OUTSIDE_LEFT,,0
GOPR0334U20_trajectories_dynamic.json,672,0.147617,0.673363,-0.020343,-0.102185,RIGHT_TO_LEFT,OUTSIDE_LEFT,,
GOPR0334U20_trajectories_dynamic.json,678,0.013680,0.680798,-0.185953,0.036429,RIGHT_TO_LEFT,OUTSIDE_LEFT,,
GOPR0334U20_trajectories_dynamic.json,682,0.196509,0.686157,-0.144025,-0.094249,RIGHT_TO_LEFT,OUTSIDE_LEFT,,2
GOPR0334U20_trajectories_dynamic.json,700,0.045789,0.798400,-0.494589,0.266884,RIGHT_TO_LEFT,OUTSIDE_LEFT,,
GOPR0334U20_trajectories_dynamic.json,710,0.081442,1.000000,-0.538590,0.493072,RIGHT_TO_LEFT,OUTSIDE_LEFT,,0
GOPR0334U20_trajectories_dynamic.json,732,0.861543,0.970367,0.597575,0.517977,LEFT_TO_RIGHT,OUTSIDE_RIGHT,,0
GOPR0334U20_trajectories_dynamic.json,752,0.216916,0.878022,-0.559374,0.313317,RIGHT_TO_LEFT,OUTSIDE_LEFT,,0
GOPR0334U20_trajectories_dynamic.json,753,0.970438,0.794756,0.345390,0.139760,LEFT_TO_RIGHT,OUTSIDE_RIGHT,,
GOPR0334U20_trajectories_dynamic.json,766,0.160910,0.858116,-0.543096,0.288587,RIGHT_TO_LEFT,OUTSIDE_LEFT,,0
GOPR0334U20_trajectories_dynamic.json,777,0.419511,0.932310,-0.399179,0.343507,RIGHT_TO_LEFT,INSIDE_MOVING_LEFT,0.000000,21
GOPR0334U20_trajectories_dynamic.json,809,0.885980,0.769442,0.489963,0.132607,LEFT_TO_RIGHT,OUTSIDE_RIGHT,,
GOPR0334U20_trajectories_dynamic.json,880,0.826871,0.888916,0.498916,0.407681,LEFT_TO_RIGHT,OUTSIDE_RIGHT,,0
GOPR0334U20_trajectories_dynamic.json,882,0.046833,0.888878,-0.262209,0.138272,RIGHT_TO_LEFT,OUTSIDE_LEFT,,0
GOPR0334U20_trajectories_dynamic.json,908,0.850313,0.878003,0.260775,-0.015137,LEFT_TO_RIGHT,OUTSIDE_RIGHT,,0
GOPR0334U20_trajectories_dynamic.json,911,0.454188,0.686216,0.059476,-0.065375,VERTICAL,INSIDE_MOVING_RIGHT,0.000000,0
GOPR0334U20_trajectories_dynamic.json,958,0.919543,0.729514,0.104529,0.128466,VERTICAL,OUTSIDE_RIGHT,,
GOPR0334U20_trajectories_dynamic.json,973,0.043790,0.657159,-0.280240,0.137156,RIGHT_TO_LEFT,OUTSIDE_LEFT,,
GOPR0334U20_trajectories_dynamic.json,986,0.941949,0.881732,0.274251,0.282302,LEFT_TO_RIGHT,OUTSIDE_RIGHT,,0
GOPR0334U20_trajectories_dynamic.json,1034,0.801416,1.000000,0.355510,0.625371,LEFT_TO_RIGHT,OUTSIDE_RIGHT,,0
GOPR0334U20_trajectories_dynamic.json,1057,0.438873,0.794809,0.120616,0.044983,RIGHT_TO_LEFT,INSIDE_MOVING_RIGHT,0.000000,34
GOPR0334U20_trajectories_dynamic.json,1063,0.484684,0.660767,-0.016447,0.065551,LEFT_TO_RIGHT,INSIDE_STATIONARY,0.000000,0
GOPR0334U20_trajectories_dynamic.json,1132,0.895117,0.791067,0.522623,0.281660,LEFT_TO_RIGHT,OUTSIDE_RIGHT,,0
GOPR0334U20_trajectories_dynamic.json,1141,0.030054,0.733109,-0.691312,0.068595,RIGHT_TO_LEFT,OUTSIDE_LEFT,,0
GOPR0334U20_trajectories_dynamic.json,1162,0.925621,0.830942,0.707607,0.409549,LEFT_TO_RIGHT,OUTSIDE_RIGHT,,3
GOPR0334U20_trajectories_dynamic.json,1211,0.216890,0.655374,-0.127633,0.092709,RIGHT_TO_LEFT,OUTSIDE_LEFT,,
GOPR0334U20_trajectories_dynamic.json,1291,0.393077,0.678977,0.006076,0.086663,LEFT_TO_RIGHT,INSIDE_STATIONARY,0.000000,11
GOPR0334U20_trajectories_dynamic.json,1329,0.064127,0.854495,-0.248125,0.123904,RIGHT_TO_LEFT,OUTSIDE_LEFT,,0
GOPR0334U20_trajectories_dynamic.json,1344,0.128311,0.830993,0.150900,-0.112760,RIGHT_TO_LEFT,APPROACHING_FROM_LEFT,1.469110,0
GOPR0334U20_trajectories_dynamic.json,1352,0.911449,0.948642,0.521961,0.557251,LEFT_TO_RIGHT,OUTSIDE_RIGHT,,0
GOPR0334U20_trajectories_dynamic.json,1358,0.835059,0.847219,0.383441,0.349855,LEFT_TO_RIGHT,OUTSIDE_RIGHT,,0
GOPR0334U20_trajectories_dynamic.json,1379,0.755618,0.838209,0.377423,0.378597,LEFT_TO_RIGHT,OUTSIDE_RIGHT,,0
GOPR0334U20_trajectories_dynamic.json,1389,0.051930,0.590213,-0.616082,-0.199160,RIGHT_TO_LEFT,OUTSIDE_LEFT,,0
GOPR0335U20_trajectories_dynamic.json,27,0.113045,0.807405,-0.268305,0.212548,RIGHT_TO_LEFT,OUTSIDE_LEFT,,
GOPR0335U20_trajectories_dynamic.json,74,0.905281,0.754825,0.225365,0.111997,LEFT_TO_RIGHT,OUTSIDE_RIGHT,,
GOPR0335U20_trajectories_dynamic.json,117,0.455152,0.673427,-0.156749,0.072001,VERTICAL,INSIDE_MOVING_LEFT,0.000000,0
GOPR0335U20_trajectories_dynamic.json,119,0.969445,0.733200,0.530688,0.135555,LEFT_TO_RIGHT,OUTSIDE_RIGHT,,0
GOPR0335U20_trajectories_dynamic.json,120,0.159866,0.899697,-0.371815,0.591080,RIGHT_TO_LEFT,OUTSIDE_LEFT,,0
GOPR0335U20_trajectories_dynamic.json,130,0.088664,0.782085,-0.186113,0.237809,RIGHT_TO_LEFT,OUTSIDE_LEFT,,
GOPR0335U20_trajectories_dynamic.json,145,0.053941,0.693343,-0.271679,0.071801,RIGHT_TO_LEFT,OUTSIDE_LEFT,,
GOPR0335U20_trajectories_dynamic.json,253,0.031024,0.745857,-0.358774,0.212129,RIGHT_TO_LEFT,OUTSIDE_LEFT,,
GOPR0335U20_trajectories_dynamic.json,282,0.839109,0.881639,0.427808,0.385472,LEFT_TO_RIGHT,OUTSIDE_RIGHT,,0
GOPR0335U20_trajectories_dynamic.json,317,0.675152,0.740481,0.353277,0.137170,LEFT_TO_RIGHT,OUTSIDE_RIGHT,,0
GOPR0335U20_trajectories_dynamic.json,322,0.061112,0.765784,-0.183377,0.155406,RIGHT_TO_LEFT,OUTSIDE_LEFT,,
GOPR0335U20_trajectories_dynamic.json,371,0.396096,0.620880,0.038102,0.029073,LEFT_TO_RIGHT,INSIDE_MOVING_RIGHT,0.000000,0
GOPR0335U20_trajectories_dynamic.json,377,0.247439,0.896112,-0.231919,0.447918,RIGHT_TO_LEFT,OUTSIDE_LEFT,,0
GOPR0335U20_trajectories_dynamic.json,380,0.723042,0.874422,-0.076134,-0.012578,RIGHT_TO_LEFT,APPROACHING_FROM_RIGHT,0.959379,
GOPR0335U20_trajectories_dynamic.json,413,0.646632,0.660762,-0.024116,0.030482,LEFT_TO_RIGHT,INSIDE_STATIONARY,0.000000,0
GOPR0335U20_trajectories_dynamic.json,421,0.041710,0.716956,-0.735102,0.145889,RIGHT_TO_LEFT,OUTSIDE_LEFT,,0
GOPR0335U20_trajectories_dynamic.json,422,0.271883,0.881635,-0.545824,0.275585,RIGHT_TO_LEFT,OUTSIDE_LEFT,,9
GOPR0335U20_trajectories_dynamic.json,428,0.105938,0.642615,-0.151602,0.069980,RIGHT_TO_LEFT,OUTSIDE_LEFT,,0
GOPR0335U20_trajectories_dynamic.json,482,0.466371,0.553951,0.043386,-0.097364,LEFT_TO_RIGHT,INSIDE_MOVING_RIGHT,0.000000,0
GOPR0335U20_trajectories_dynamic.json,524,0.319778,0.568460,-0.083035,-0.135816,LEFT_TO_RIGHT,OUTSIDE_LEFT,,29
GOPR0335U20_trajectories_dynamic.json,526,0.772853,0.783881,0.256327,0.362789,LEFT_TO_RIGHT,OUTSIDE_RIGHT,,0
GOPR0335U20_trajectories_dynamic.json,527,0.909355,0.602822,0.206929,0.024938,LEFT_TO_RIGHT,OUTSIDE_RIGHT,,1
GOPR0335U20_trajectories_dynamic.json,529,0.271887,0.626396,0.042425,0.020334,RIGHT_TO_LEFT,APPROACHING_FROM_LEFT,1.841200,
GOPR0335U20_trajectories_dynamic.json,560,0.898141,0.751311,0.460813,0.375974,LEFT_TO_RIGHT,OUTSIDE_RIGHT,,
GOPR0335U20_trajectories_dynamic.json,569,0.079382,0.834526,-0.462101,0.416795,RIGHT_TO_LEFT,OUTSIDE_LEFT,,0
GOPR0335U20_trajectories_dynamic.json,570,0.914492,0.592001,0.387288,0.096786,LEFT_TO_RIGHT,OUTSIDE_RIGHT,,
GOPR0335U20_trajectories_dynamic.json,625,0.036639,0.639027,-0.467351,0.033203,RIGHT_TO_LEFT,OUTSIDE_LEFT,,
GOPR0335U20_trajectories_dynamic.json,641,0.848305,0.823690,0.707739,0.274757,LEFT_TO_RIGHT,OUTSIDE_RIGHT,,0
GOPR0335U20_trajectories_dynamic.json,645,0.674109,0.619037,-0.040227,0.007129,RIGHT_TO_LEFT,APPROACHING_FROM_RIGHT,0.599316,
GOPR0335U20_trajectories_dynamic.json,675,0.758669,0.800235,0.259765,0.332367,LEFT_TO_RIGHT,OUTSIDE_RIGHT,,0
GOPR0335U20_trajectories_dynamic.json,682,0.012726,0.595647,-0.171572,-0.091492,RIGHT_TO_LEFT,OUTSIDE_LEFT,,
GOPR0335U20_trajectories_dynamic.json,687,0.111027,0.577518,-0.062739,-0.050827,RIGHT_TO_LEFT,OUTSIDE_LEFT,,
GOPR0335U20_trajectories_dynamic.json,702,0.447091,0.590118,0.002355,-0.091180,RIGHT_TO_LEFT,INSIDE_STATIONARY,0.000000,0
GOPR0335U20_trajectories_dynamic.json,709,0.031557,0.592001,-0.165168,-0.095968,RIGHT_TO_LEFT,OUTSIDE_LEFT,,
GOPR0335U20_trajectories_dynamic.json,716,0.918562,0.680742,0.229909,0.090565,LEFT_TO_RIGHT,OUTSIDE_RIGHT,,0
GOPR0335U20_trajectories_dynamic.json,721,0.918516,0.751311,0.488946,0.200170,LEFT_TO_RIGHT,OUTSIDE_RIGHT,,0
GOPR0335U20_trajectories_dynamic.json,746,0.143555,0.617233,0.202057,-0.020940,LEFT_TO_RIGHT,APPROACHING_FROM_LEFT,1.021716,
GOPR0335U20_trajectories_dynamic.json,748,0.839141,0.878059,0.496541,0.449033,LEFT_TO_RIGHT,OUTSIDE_RIGHT,,0
GOPR0335U20_trajectories_dynamic.json,768,0.969473,0.678930,0.232117,0.055780,LEFT_TO_RIGHT,OUTSIDE_RIGHT,,
GOPR0335U20_trajectories_dynamic.json,787,0.919586,0.771236,0.520307,0.224792,LEFT_TO_RIGHT,OUTSIDE_RIGHT,,0
GOPR0335U20_trajectories_dynamic.json,806,0.160892,0.834540,-0.341323,0.364758,RIGHT_TO_LEFT,OUTSIDE_LEFT,,0
GOPR0335U20_trajectories_dynamic.json,834,0.399161,0.677085,-0.056641,-0.038717,VERTICAL,INSIDE_MOVING_LEFT,0.000000,0
GOPR0335U20_trajectories_dynamic.json,863,0.026972,0.859947,-0.239617,0.144772,RIGHT_TO_LEFT,OUTSIDE_LEFT,,0
GOPR0335U20_trajectories_dynamic.json,864,0.033578,0.700554,-0.052908,0.076303,RIGHT_TO_LEFT,OUTSIDE_LEFT,,
GOPR0335U20_trajectories_dynamic.json,879,0.028520,0.622849,-0.269643,-0.005781,RIGHT_TO_LEFT,OUTSIDE_LEFT,,
GOPR0335U20_trajectories_dynamic.json,903,0.682280,0.639074,-0.147605,0.030245,RIGHT_TO_LEFT,APPROACHING_FROM_RIGHT,0.218695,
GOPR0335U20_trajectories_dynamic.json,923,0.551973,0.642613,-0.068238,-0.005688,RIGHT_TO_LEFT,INSIDE_MOVING_LEFT,0.000000,0
GOPR0335U20_trajectories_dynamic.json,957,0.716857,0.707892,0.119831,0.111736,LEFT_TO_RIGHT,OUTSIDE_RIGHT,,0
GOPR0335U20_trajectories_dynamic.json,962,0.735200,0.617299,0.172446,-0.096369,LEFT_TO_RIGHT,OUTSIDE_RIGHT,,0
GOPR0335U20_trajectories_dynamic.json,971,0.073365,0.733253,-0.091021,0.146582,RIGHT_TO_LEFT,OUTSIDE_LEFT,,
GOPR0335U20_trajectories_dynamic.json,972,0.014223,0.762142,-0.258854,0.164889,RIGHT_TO_LEFT,OUTSIDE_LEFT,,
GOPR0335U20_trajectories_dynamic.json,975,0.972531,0.754861,0.220801,0.203760,LEFT_TO_RIGHT,OUTSIDE_RIGHT,,0
GOPR0335U20_trajectories_dynamic.json,980,0.805488,0.684346,0.116730,-0.036169,LEFT_TO_RIGHT,OUTSIDE_RIGHT,,0
GOPR0335U20_trajectories_dynamic.json,982,0.940965,0.847244,0.201150,0.235395,LEFT_TO_RIGHT,OUTSIDE_RIGHT,,0
GOPR0335U20_trajectories_dynamic.json,983,0.888008,0.736799,0.090654,0.165491,LEFT_TO_RIGHT,OUTSIDE_RIGHT,,
GOPR0335U20_trajectories_dynamic.json,1018,0.843172,0.930544,0.607898,0.097882,LEFT_TO_RIGHT,OUTSIDE_RIGHT,,5
GOPR0336U20_trajectories_dynamic.json,11,0.948074,0.751276,0.545531,0.162982,LEFT_TO_RIGHT,OUTSIDE_RIGHT,,0
GOPR0336U20_trajectories_dynamic.json,33,0.911477,0.635403,0.262032,-0.118704,LEFT_TO_RIGHT,OUTSIDE_RIGHT,,0
GOPR0336U20_trajectories_dynamic.json,48,0.938891,0.655439,0.181754,0.068222,LEFT_TO_RIGHT,OUTSIDE_RIGHT,,
GOPR0336U20_trajectories_dynamic.json,89,0.789178,0.760291,0.242400,-0.001892,LEFT_TO_RIGHT,OUTSIDE_RIGHT,,10
GOPR0336U20_trajectories_dynamic.json,101,0.059076,0.631778,-0.425002,0.046695,RIGHT_TO_LEFT,OUTSIDE_LEFT,,0
GOPR0336U20_trajectories_dynamic.json,104,0.854402,0.697008,0.488703,0.151365,LEFT_TO_RIGHT,OUTSIDE_RIGHT,,0
GOPR0336U20_trajectories_dynamic.json,134,0.044813,0.617305,-0.207261,0.032439,RIGHT_TO_LEFT,OUTSIDE_LEFT,,
GOPR0336U20_trajectories_dynamic.json,159,0.930797,0.718735,0.038414,-0.043464,LEFT_TO_RIGHT,OUTSIDE_RIGHT,,
GOPR0336U20_trajectories_dynamic.json,204,0.822786,0.977610,0.432312,-0.032823,LEFT_TO_RIGHT,OUTSIDE_RIGHT,,5
GOPR0336U20_trajectories_dynamic.json,230,0.521355,0.689797,0.115865,-0.037811,LEFT_TO_RIGHT,INSIDE_MOVING_RIGHT,0.000000,4
GOPR0336U20_trajectories_dynamic.json,272,0.862516,0.805636,0.034893,0.066979,LEFT_TO_RIGHT,OUTSIDE_RIGHT,,0
GOPR0336U20_trajectories_dynamic.json,322,0.263725,0.926857,-0.298490,0.550682,RIGHT_TO_LEFT,OUTSIDE_LEFT,,0
GOPR0336U20_trajectories_dynamic.json,372,0.182275,0.928733,-0.384779,0.176843,RIGHT_TO_LEFT,OUTSIDE_LEFT,,0
GOPR0336U20_trajectories_dynamic.json,394,0.189412,0.724119,-0.498273,0.210812,RIGHT_TO_LEFT,OUTSIDE_LEFT,,0
GOPR0336U20_trajectories_dynamic.json,410,0.065251,0.630025,-0.522508,-0.073097,RIGHT_TO_LEFT,OUTSIDE_LEFT,,0
GOPR0336U20_trajectories_dynamic.json,431,0.879863,0.843614,0.638280,0.276308,RIGHT_TO_LEFT,OUTSIDE_RIGHT,,38
GOPR0336U20_trajectories_dynamic.json,480,0.952121,0.682574,0.571530,0.206621,RIGHT_TO_LEFT,OUTSIDE_RIGHT,,
GOPR0336U20_trajectories_dynamic.json,548,0.523423,0.646331,0.186950,-0.005952,RIGHT_TO_LEFT,INSIDE_MOVING_RIGHT,0.000000,0
GOPR0336U20_trajectories_dynamic.json,576,0.786129,0.827422,-0.028674,0.187801,RIGHT_TO_LEFT,OUTSIDE_RIGHT,4.747507,
GOPR0336U20_trajectories_dynamic.json,651,0.884875,0.892492,0.462524,0.196744,LEFT_TO_RIGHT,OUTSIDE_RIGHT,,0
GOPR0336U20_trajectories_dynamic.json,663,0.647689,0.778476,0.135912,0.076919,LEFT_TO_RIGHT,INSIDE_MOVING_RIGHT,0.000000,0
GOPR0336U20_trajectories_dynamic.json,728,0.657825,0.733021,0.094818,0.114480,LEFT_TO_RIGHT,OUTSIDE_RIGHT,,0
GOPR0336U20_trajectories_dynamic.json,736,0.161920,0.749530,-0.457999,-0.054938,LEFT_TO_RIGHT,OUTSIDE_LEFT,,13
GOPR0336U20_trajectories_dynamic.json,741,0.705740,0.648172,-0.170807,-0.018494,LEFT_TO_RIGHT,APPROACHING_FROM_RIGHT,0.326334,0
GOPR0336U20_trajectories_dynamic.json,779,0.330973,0.644385,-0.213416,0.003510,RIGHT_TO_LEFT,OUTSIDE_LEFT,,1
GOPR0336U20_trajectories_dynamic.json,808,0.027999,0.740428,-0.523217,0.111527,RIGHT_TO_LEFT,OUTSIDE_LEFT,,0
GOPR0336U20_trajectories_dynamic.json,838,0.088532,0.615489,-0.592000,-0.043509,RIGHT_TO_LEFT,OUTSIDE_LEFT,,0
GOPR0336U20_trajectories_dynamic.json,878,0.569226,0.635355,0.119115,-0.007366,LEFT_TO_RIGHT,INSIDE_MOVING_RIGHT,0.000000,3
GOPR0336U20_trajectories_dynamic.json,893,0.072273,0.660737,-0.188762,0.078875,LEFT_TO_RIGHT,OUTSIDE_LEFT,,
GOPR0336U20_trajectories_dynamic.json,940,0.486743,0.651794,-0.040922,-0.009315,RIGHT_TO_LEFT,INSIDE_MOVING_LEFT,0.000000,0
GOPR0336U20_trajectories_dynamic.json,947,0.599713,0.682587,0.040198,-0.008615,LEFT_TO_RIGHT,INSIDE_MOVING_RIGHT,0.000000,0
GOPR0336U20_trajectories_dynamic.json,974,0.072252,0.673393,-0.240058,-0.013971,RIGHT_TO_LEFT,OUTSIDE_LEFT,,
GOPR0336U20_trajectories_dynamic.json,982,0.474579,0.686094,-0.098195,0.021730,RIGHT_TO_LEFT,INSIDE_MOVING_LEFT,0.000000,0
GOPR0336U20_trajectories_dynamic.json,985,0.536635,0.711478,-0.124736,0.075247,RIGHT_TO_LEFT,INSIDE_MOVING_LEFT,0.000000,0
GOPR0336U20_trajectories_dynamic.json,990,0.257658,0.655391,-0.142732,0.077927,RIGHT_TO_LEFT,OUTSIDE_LEFT,,0
GOPR0336U20_trajectories_dynamic.json,994,0.899207,0.716912,0.046971,0.082732,LEFT_TO_RIGHT,OUTSIDE_RIGHT,,
GOPR0337U20_trajectories_dynamic.json,0,0.022412,0.619093,-0.359693,0.054559,RIGHT_TO_LEFT,OUTSIDE_LEFT,,0
GOPR0337U20_trajectories_dynamic.json,3,0.424643,0.586528,0.071144,-0.035844,RIGHT_TO_LEFT,INSIDE_MOVING_RIGHT,0.000000,0
GOPR0337U20_trajectories_dynamic.json,21,0.033067,0.682565,-0.597833,-0.019862,RIGHT_TO_LEFT,OUTSIDE_LEFT,,8
GOPR0337U20_trajectories_dynamic.json,36,0.358468,0.651722,-0.367636,-0.011184,RIGHT_TO_LEFT,INSIDE_MOVING_LEFT,0.000000,11
GOPR0337U20_trajectories_dynamic.json,45,0.764744,0.706072,-0.118269,-0.002669,RIGHT_TO_LEFT,APPROACHING_FROM_RIGHT,0.970189,
GOPR0337U20_trajectories_dynamic.json,58,0.341143,0.925112,-0.504995,0.246331,RIGHT_TO_LEFT,OUTSIDE_LEFT,,11
GOPR0337U20_trajectories_dynamic.json,238,0.885945,0.841799,0.446765,0.219928,LEFT_TO_RIGHT,OUTSIDE_RIGHT,,0
GOPR0337U20_trajectories_dynamic.json,264,0.422525,0.709645,-0.061237,0.043264,VERTICAL,INSIDE_MOVING_LEFT,0.000000,0
GOPR0337U20_trajectories_dynamic.json,338,0.869684,0.736905,0.193570,0.133281,LEFT_TO_RIGHT,OUTSIDE_RIGHT,,0
GOPR0337U20_trajectories_dynamic.json,349,0.770857,0.876170,0.553398,0.403949,LEFT_TO_RIGHT,OUTSIDE_RIGHT,,0
GOPR0337U20_trajectories_dynamic.json,377,0.301427,0.794661,-0.424325,0.328835,RIGHT_TO_LEFT,OUTSIDE_LEFT,,0
GOPR0337U20_trajectories_dynamic.json,403,0.828879,0.955849,0.352973,0.523313,LEFT_TO_RIGHT,OUTSIDE_RIGHT,,1
GOPR0337U20_trajectories_dynamic.json,415,0.789157,0.990249,0.383388,0.535386,LEFT_TO_RIGHT,OUTSIDE_RIGHT,,0
GOPR0337U20_trajectories_dynamic.json,432,0.163952,0.812876,-0.373721,0.319834,RIGHT_TO_LEFT,OUTSIDE_LEFT,,0
