image,mae,median_error,rmse,max_error,correlation,fp32_ms,fp16_ms
000000000139.jpg,0.0012159672,0.0007694662,0.0018836079,0.0483875275,0.9999990463,31.9665,16.8662
000000000285.jpg,0.0020807092,0.0017881393,0.0026905548,0.0354812145,0.9999994040,75.0015,66.9050
000000000632.jpg,0.0012433510,0.0006159544,0.0022064268,0.0184307098,0.9999994636,74.6015,66.4932
000000000724.jpg,0.0009806351,0.0004109144,0.0018579905,0.0733478069,1.0000000000,54.6770,62.3958
000000000776.jpg,0.0019936112,0.0015134811,0.0026098439,0.0200686455,0.9999979734,45.4301,58.4365
000000000785.jpg,0.0016087889,0.0008621216,0.0024751928,0.0315208435,0.9999994040,31.4459,15.8127
000000000802.jpg,0.0015230410,0.0010787249,0.0022637786,0.0470728874,0.9999995828,32.0137,15.2488
000000000872.jpg,0.0017979449,0.0010427833,0.0025677758,0.0332574248,0.9999996424,52.2441,63.2076
000000000885.jpg,0.0013242324,0.0008355379,0.0019372944,0.0273497105,0.9999995828,32.0098,16.3931
000000001000.jpg,0.0015745347,0.0010182858,0.0022950158,0.0558643341,0.9999995828,69.3754,26.8648
000000001268.jpg,0.0013363588,0.0009241104,0.0019647053,0.0427832603,0.9999994636,33.5444,16.1373
000000001296.jpg,0.0012296413,0.0008966923,0.0017334676,0.0195927620,0.9999991655,32.5818,23.2364
000000001353.jpg,0.0012334435,0.0007252693,0.0018543449,0.0287919044,0.9999996424,38.2912,18.1471
000000001425.jpg,0.0025037583,0.0013681054,0.0036236078,0.0594367981,0.9999998212,69.7794,63.2726
000000001490.jpg,0.0009322737,0.0004472733,0.0015292288,0.0218765736,0.9999994636,58.7099,80.0149
000000001503.jpg,0.0017488140,0.0009341240,0.0026215182,0.0269800425,0.9999995828,55.0834,75.0780
000000001532.jpg,0.0012474176,0.0007724762,0.0019313213,0.0473915339,0.9999971986,69.8838,27.6372
000000001584.jpg,0.0013051722,0.0007283688,0.0021723360,0.1303238869,0.9999982715,54.0564,55.8369
000000001675.jpg,0.0015383960,0.0013068914,0.0019994120,0.0682656765,0.9999992251,69.9869,27.0031
000000001761.jpg,0.0001947611,0.0000000000,0.0007606762,0.0269193649,0.9999992847,31.8031,16.2799
000000001818.jpg,0.0030878664,0.0028545856,0.0036319201,0.0689207315,0.9999992847,31.8359,15.6534
000000001993.jpg,0.0014896479,0.0010018349,0.0023023055,0.0303126574,0.9999988079,44.6352,77.2353
000000002006.jpg,0.0017984137,0.0014221668,0.0023911712,0.0285840034,0.9999994636,70.1775,26.8300
000000002149.jpg,0.0017241774,0.0011157990,0.0026004643,0.0442223549,0.9999958873,37.5959,15.8480
000000002153.jpg,0.0012561390,0.0007449389,0.0018493334,0.0219464302,0.9999995828,70.6173,28.9599
000000002157.jpg,0.0021266728,0.0016026497,0.0028533340,0.0732649565,0.9999977946,31.9994,15.2185
000000002261.jpg,0.0019223286,0.0018167496,0.0023415498,0.0131464005,0.9999990463,32.0579,17.9621
000000002299.jpg,0.0012378105,0.0009797812,0.0018193277,0.0265700817,0.9999986291,43.1220,57.5980
000000002431.jpg,0.0019809820,0.0013234615,0.0027338855,0.0432405472,0.9999998212,80.6685,57.0699
000000002473.jpg,0.0006426881,0.0000000000,0.0017984215,0.0230306685,1.0000000000,32.2508,15.2033
000000002532.jpg,0.0008226976,0.0000265092,0.0016191768,0.0196297169,0.9999957085,72.0182,59.1352
000000002587.jpg,0.0039473060,0.0036647320,0.0044492856,0.0232794285,0.9999986291,39.0473,22.0957
000000002592.jpg,0.0020746409,0.0014746189,0.0027833164,0.0441370010,0.9999992847,44.8741,53.0608
000000002685.jpg,0.0020803770,0.0015325546,0.0027446172,0.0232207775,0.9999989271,63.5533,53.8927
000000002923.jpg,0.0006092691,0.0000052195,0.0012159643,0.0101673603,1.0000000000,38.1252,18.0796
000000003156.jpg,0.0016615775,0.0011765361,0.0022530286,0.0339713097,0.9999994040,81.4795,62.2297
000000003255.jpg,0.0014950325,0.0007721186,0.0024977420,0.0173945427,0.9999972582,28.5074,13.0135
000000003501.jpg,0.0015470332,0.0012178421,0.0021692633,0.0442926884,0.9999982715,47.3504,18.7349
000000003553.jpg,0.0015581824,0.0009215474,0.0022871254,0.0279402733,0.9999997616,33.1221,15.0659
000000003661.jpg,0.0022008044,0.0015740395,0.0029706939,0.0386526585,0.9999992251,27.0786,14.2370
000000003845.jpg,0.0021684179,0.0015854836,0.0028815353,0.0151172876,0.9999985099,38.3422,18.6224
000000003934.jpg,0.0018029817,0.0011031628,0.0025393579,0.0321930647,0.9999993443,38.2995,18.6057
000000004134.jpg,0.0014597707,0.0009648800,0.0023152530,0.1123454571,0.9999992847,31.6061,15.0426
000000004395.jpg,0.0030262533,0.0025364161,0.0038281807,0.0518614054,0.9999994040,31.7325,15.6273
000000004495.jpg,0.0012735031,0.0009155869,0.0017265239,0.0196120739,0.9999997616,38.3770,18.2794
000000004765.jpg,0.0019551311,0.0013173819,0.0026148118,0.0375869274,0.9999988675,50.2729,26.5833
000000004795.jpg,0.0021134596,0.0018303394,0.0026639474,0.0598874092,0.9999984503,70.0741,26.9385
000000005001.jpg,0.0033442227,0.0024955273,0.0045610648,0.1258153915,0.9999979138,70.0268,26.7663
000000005037.jpg,0.0017125275,0.0011141300,0.0026332615,0.0693758428,1.0000000000,32.2414,15.7425
000000005060.jpg,0.0020568797,0.0013260841,0.0028152266,0.0413964987,0.9999983907,72.4387,27.6772
000000005193.jpg,0.0016711291,0.0011378527,0.0024606162,0.0718493462,0.9999998212,32.4817,15.6904
000000005477.jpg,0.0004375014,0.0000000000,0.0010303055,0.0458201170,1.0000000000,39.4678,51.1116
000000005503.jpg,0.0018364232,0.0014230013,0.0024886134,0.0230431557,0.9999983907,32.9719,24.7720
000000005529.jpg,0.0017557782,0.0013017654,0.0023793224,0.0278635994,0.9999996424,80.1288,29.0701
000000005586.jpg,0.0010421034,0.0004941374,0.0018423590,0.0290889740,0.9999997020,37.6517,18.4889
000000005600.jpg,0.0022063935,0.0016715527,0.0028959536,0.0595417023,0.9999989867,27.4033,13.4445
000000005992.jpg,0.0016290860,0.0010583997,0.0023590820,0.0402088165,0.9999995232,31.9363,15.2092
000000006012.jpg,0.0011889380,0.0006688535,0.0018493405,0.0256106853,0.9999994636,68.8964,50.5100
000000006040.jpg,0.0011982366,0.0007834435,0.0017820890,0.0288586617,0.9999995232,31.3398,12.5463
000000006213.jpg,0.0009588202,0.0006990433,0.0013164957,0.0234644413,0.9999996424,31.8102,15.6864
000000006460.jpg,0.0021602167,0.0017269850,0.0028347105,0.0809893608,0.9999991059,35.9868,15.1512
000000006471.jpg,0.0011959627,0.0004897118,0.0019190570,0.0271822214,0.9999994040,32.0934,15.2789
000000006614.jpg,0.0021756932,0.0015695095,0.0029165260,0.0628534555,0.9999991059,39.1621,50.1456
000000006723.jpg,0.0010944833,0.0006494522,0.0019010884,0.0572052002,1.0000000000,26.5732,19.0810
000000006763.jpg,0.0014238574,0.0008309484,0.0021732021,0.0770957470,0.9999994040,37.6974,18.6774
000000006771.jpg,0.0011353885,0.0005778074,0.0018833696,0.0427546501,0.9999994636,31.9760,15.9180
000000006818.jpg,0.0012992203,0.0009505749,0.0018139496,0.0194547176,0.9999991059,32.3762,15.8151
000000006894.jpg,0.0016643199,0.0011548996,0.0025034950,0.1129608154,1.0000000000,71.1932,27.2680
000000006954.jpg,0.0014915324,0.0008401871,0.0022412483,0.0264996886,0.9999978542,70.6234,27.3725
000000007088.jpg,0.0012864445,0.0007247925,0.0019354841,0.0298092365,0.9999986291,76.5756,54.3401
000000007108.jpg,0.0011827623,0.0006685257,0.0019718532,0.0412273407,0.9999968410,31.6674,15.4914
000000007278.jpg,0.0017345302,0.0014981031,0.0021987809,0.0183371305,0.9999986887,70.5193,27.1962
000000007281.jpg,0.0004989546,0.0000373423,0.0011377913,0.0452406406,0.9999989271,27.8696,23.2914
000000007386.jpg,0.0013055281,0.0006824732,0.0021410121,0.0466804504,0.9999994040,31.6755,15.3468
000000007511.jpg,0.0006585705,0.0000435710,0.0014258114,0.0418325067,0.9999980927,69.9302,26.6835
000000007574.jpg,0.0023547262,0.0015503764,0.0031721045,0.0270078182,0.9999997020,71.0070,27.2098
000000007784.jpg,0.0003425684,0.0000000000,0.0011255164,0.0444127321,0.9999973774,37.6797,19.7941
000000007795.jpg,0.0017660361,0.0008521080,0.0030847744,0.0291194916,0.9999995232,32.9152,15.4566
000000007816.jpg,0.0013955040,0.0009119511,0.0019644457,0.0280277729,0.9999993443,32.0196,16.1681
000000007818.jpg,0.0016642343,0.0007019062,0.0041993670,0.1518979073,0.9999969006,32.3668,15.8432
000000007888.jpg,0.0007722066,0.0002426952,0.0014003376,0.0384923816,1.0000000000,49.0465,18.5164
000000007977.jpg,0.0012505207,0.0006415248,0.0020024246,0.0325036049,0.9999998808,32.3274,15.7286
000000007991.jpg,0.0020676584,0.0017099380,0.0025979099,0.0234801769,0.9999979138,27.1126,13.1564
000000008021.jpg,0.0017541449,0.0005431175,0.0031956369,0.0869078636,0.9999995828,70.1132,27.3965
000000008211.jpg,0.0013473883,0.0009896755,0.0018352880,0.0174958706,1.0000000000,79.2850,51.7713
000000008277.jpg,0.0016001333,0.0011181831,0.0021900795,0.0209746361,0.9999995232,47.5661,18.5896
000000008532.jpg,0.0014727178,0.0008513033,0.0022575099,0.0316448212,0.9999989867,32.0668,15.1286
000000008629.jpg,0.0014618468,0.0012500286,0.0018268152,0.0132898092,0.9999969602,47.0602,18.6123
000000008690.jpg,0.0012739550,0.0007517934,0.0020729892,0.0501178503,0.9999994636,70.1845,26.9559
000000008762.jpg,0.0005442636,0.0000000000,0.0011405528,0.0520055294,1.0000000000,31.8063,15.9971
000000008844.jpg,0.0014123713,0.0007243156,0.0023679482,0.0543577671,0.9999998212,33.4226,24.5771
000000008899.jpg,0.0012636923,0.0007598400,0.0019395389,0.0518724918,0.9999989867,61.5226,49.2027
000000009378.jpg,0.0014591396,0.0008789897,0.0022232821,0.0275790691,0.9999987483,31.6171,15.7265
000000009400.jpg,0.0017301311,0.0011839569,0.0026341525,0.0700483322,0.9999996424,70.4985,27.0442
000000009448.jpg,0.0013418754,0.0008623600,0.0019881420,0.0347366333,0.9999992251,61.5613,66.7407
000000009483.jpg,0.0014533616,0.0011026859,0.0019541557,0.0268986225,0.9999984503,70.0388,26.9229
000000009590.jpg,0.0019726912,0.0010241270,0.0032975432,0.0768086910,0.9999991059,32.0076,15.1047
000000009769.jpg,0.0014157643,0.0008478165,0.0020622790,0.0353510380,0.9999998808,70.0275,26.9651
000000009772.jpg,0.0017325280,0.0015783310,0.0021225405,0.0195002556,0.9999979138,60.0730,24.5151
000000009891.jpg,0.0014841103,0.0010733604,0.0020608546,0.0601547956,0.9999994636,70.2556,27.1308
000000009914.jpg,0.0015762597,0.0012547970,0.0020559593,0.0196928978,0.9999991059,71.0099,26.9418
000000010092.jpg,0.0010897153,0.0008103848,0.0017557479,0.0260910988,0.9999989271,32.4207,16.4873
000000010363.jpg,0.0023466684,0.0016354322,0.0031328767,0.0244219303,0.9999994040,27.1872,13.1450
000000010583.jpg,0.0020477343,0.0014555454,0.0027132872,0.0334528685,0.9999996424,47.5811,24.2869
000000010707.jpg,0.0015807801,0.0010278225,0.0022355535,0.0418858528,0.9999989271,70.2398,27.2145
000000010764.jpg,0.0014116503,0.0007059574,0.0021713790,0.0245838165,0.9999997616,33.0129,15.9304
000000010977.jpg,0.0017471923,0.0010757446,0.0026920354,0.0576013923,0.9999994040,38.1582,18.8207
000000010995.jpg,0.0025210730,0.0019844770,0.0032695488,0.0181927681,0.9999989271,70.9533,26.8901
000000011051.jpg,0.0024587645,0.0021255016,0.0031444093,0.0228760242,0.9999992847,61.4918,24.1678
000000011122.jpg,0.0014649717,0.0012013912,0.0021094130,0.0593594909,0.9999995232,70.3986,27.3169
000000011149.jpg,0.0015428454,0.0010942221,0.0021400524,0.0338521004,0.9999992251,38.1789,18.0914
000000011197.jpg,0.0014896031,0.0007543564,0.0024897035,0.0442137718,0.9999997616,32.2587,20.6360
000000011511.jpg,0.0012934629,0.0008957386,0.0019029281,0.1046867967,0.9999992847,77.6564,64.0550
000000011615.jpg,0.0011800580,0.0007965565,0.0018848253,0.0605802536,0.9999978542,71.2870,27.8108
000000011699.jpg,0.0013742172,0.0010900497,0.0018918787,0.0770426989,0.9999997020,72.2827,28.0121
000000011760.jpg,0.0012358516,0.0008983612,0.0018259482,0.0535514355,0.9999992847,32.7542,15.6981
000000011813.jpg,0.0011724285,0.0006649494,0.0018587888,0.0342332125,0.9999986887,32.7240,15.4019
000000012062.jpg,0.0014408376,0.0011398792,0.0019026175,0.0217733383,0.9999992847,33.0664,15.5425
000000012120.jpg,0.0014882721,0.0007952750,0.0022205671,0.0273437500,0.9999998212,38.2577,17.3068
000000012280.jpg,0.0025555948,0.0013892651,0.0041033565,0.0747427940,0.9999976754,72.1882,27.8017
000000012576.jpg,0.0020647871,0.0013052225,0.0028484517,0.0283117294,0.9999995232,73.9220,28.1106
000000012639.jpg,0.0015804828,0.0007470846,0.0024285722,0.0356011391,1.0000000000,71.4737,27.8812
000000012667.jpg,0.0018123019,0.0012946129,0.0024232038,0.0204782486,0.9999994636,71.4302,27.3059
000000012670.jpg,0.0015985502,0.0012230873,0.0021401660,0.0352014899,0.9999993443,31.9150,15.3995
000000012748.jpg,0.0012847943,0.0009286404,0.0018055554,0.0457506180,0.9999993443,71.2154,28.1361
000000013004.jpg,0.0025711178,0.0019943714,0.0032508168,0.0212182999,0.9999994636,38.1312,18.3276
000000013177.jpg,0.0021755786,0.0015474558,0.0029992484,0.0968033075,0.9999989271,32.0694,24.1225
000000013201.jpg,0.0011346306,0.0007264614,0.0017634382,0.0556099415,0.9999992251,31.7964,15.7946
000000013291.jpg,0.0008336443,0.0001795292,0.0015504458,0.0294769555,0.9999997020,32.4420,25.2337
000000013348.jpg,0.0007619104,0.0001264811,0.0014417673,0.0165388882,0.9999950528,32.0440,15.9103
000000013546.jpg,0.0015813541,0.0009827614,0.0023614299,0.0822801590,0.9999989867,35.5734,15.6621
000000013597.jpg,0.0015460456,0.0010361671,0.0021595545,0.0191226602,0.9999990463,32.3764,24.1857
000000013659.jpg,0.0013971661,0.0007908344,0.0021176552,0.0736427307,0.9999997616,70.3026,27.3659
000000013729.jpg,0.0012054063,0.0008533001,0.0017490153,0.0317690372,0.9999991059,70.8958,27.0561
000000013774.jpg,0.0005074959,0.0000000000,0.0011203691,0.0166920424,0.9999995828,72.0985,27.0534
000000013923.jpg,0.0012990852,0.0007736683,0.0019402532,0.0452454090,0.9999995232,32.3989,24.8605
000000014007.jpg,0.0022225860,0.0020018816,0.0026237085,0.0309529305,0.9999993443,31.9839,16.0827
000000014038.jpg,0.0015427042,0.0008625984,0.0030085067,0.0459527969,0.9999988675,33.6503,15.8165
000000014226.jpg,0.0017106080,0.0012526512,0.0031923659,0.4232091904,0.9999980330,71.2734,27.5666
000000014380.jpg,0.0010440772,0.0002970099,0.0018967415,0.0531722307,0.9999967217,32.0397,23.1915
000000014439.jpg,0.0015664654,0.0010590553,0.0022239047,0.0252151489,0.9999992251,50.7643,51.2542
000000014473.jpg,0.0013232665,0.0008075237,0.0018698969,0.0198833942,0.9999996424,31.8393,15.5178
000000014831.jpg,0.0016701067,0.0011243224,0.0022121139,0.0199403763,0.9999997020,71.8531,27.8713
000000014888.jpg,0.0018940899,0.0015506744,0.0024466468,0.0494120121,0.9999991059,70.6799,27.4609
000000015079.jpg,0.0019453557,0.0012722015,0.0033611003,0.2405490875,0.9999989271,42.6253,15.5937
000000015254.jpg,0.0017101294,0.0012133121,0.0024305694,0.0706424713,0.9999981523,32.5436,25.3447
000000015272.jpg,0.0016476840,0.0012940019,0.0021962349,0.0409712791,0.9999991655,31.9029,15.2997
000000015278.jpg,0.0019731431,0.0012493134,0.0027550515,0.0231493711,0.9999988675,71.2723,27.1495
000000015335.jpg,0.0018246627,0.0013741255,0.0026058126,0.1237827539,0.9999991059,71.3842,26.9820
000000015338.jpg,0.0011868168,0.0007168055,0.0018856697,0.0350646973,0.9999995828,34.7502,15.6594
000000015440.jpg,0.0013414614,0.0006966591,0.0020561786,0.0342607498,0.9999992251,42.5541,59.6356
000000015497.jpg,0.0024209488,0.0016272068,0.0033141163,0.0539922714,0.9999983907,70.1684,27.2890
000000015517.jpg,0.0009389123,0.0004278645,0.0017055431,0.0312446356,1.0000000000,70.1452,26.8997
000000015597.jpg,0.0009642616,0.0004901886,0.0015863928,0.0234027505,0.9999989867,32.7400,15.7589
000000015660.jpg,0.0005335193,0.0001331866,0.0010489509,0.0151347518,1.0000000000,25.6443,12.5268
000000015746.jpg,0.0013365016,0.0005772561,0.0021742748,0.0566368103,0.9999998808,32.1325,15.2998
000000015751.jpg,0.0027003684,0.0024971962,0.0032457621,0.0192244053,0.9999799728,33.5008,15.2445
000000015956.jpg,0.0012753950,0.0005930662,0.0023277728,0.1209398508,0.9999996424,70.5982,26.8949
000000016010.jpg,0.0008149541,0.0002372861,0.0015641390,0.0644752979,1.0000000000,72.8423,52.0851
000000016228.jpg,0.0011302094,0.0005755424,0.0018508751,0.0361223221,0.9999993443,83.6320,60.6692
000000016249.jpg,0.0014798038,0.0011258721,0.0020596895,0.0242855549,0.9999996424,49.3034,48.5572
000000016439.jpg,0.0015653528,0.0010280609,0.0022522279,0.0353212357,0.9999992251,69.9923,27.0368
000000016451.jpg,0.0010417326,0.0005370378,0.0016464577,0.0203204155,0.9999988079,48.5141,26.4828
000000016502.jpg,0.0007011307,0.0000000000,0.0014676854,0.0339652300,0.9999976754,38.0212,18.2868
000000016598.jpg,0.0018750058,0.0015292168,0.0024287410,0.0300467014,0.9999991655,73.2819,27.9516
000000016958.jpg,0.0009351308,0.0006603003,0.0013712542,0.0389915705,0.9999989867,32.2256,15.1983
000000017029.jpg,0.0013924452,0.0011010170,0.0019154863,0.0586583614,0.9999993443,48.1637,18.5533
000000017031.jpg,0.0014347408,0.0002620369,0.0032284313,0.0975593328,0.9999980330,32.3386,15.1790
000000017115.jpg,0.0017220151,0.0010843277,0.0024840678,0.0408545732,0.9999996424,80.5869,29.4238
000000017178.jpg,0.0012226033,0.0006422997,0.0020123487,0.0396087170,0.9999995232,32.4496,15.8264
000000017182.jpg,0.0011238186,0.0008139610,0.0015505790,0.0266054869,0.9999998212,32.3327,16.0649
000000017207.jpg,0.0014297507,0.0011858940,0.0018877266,0.0341548920,1.0000000000,71.3547,27.0564
000000017379.jpg,0.0013823844,0.0010094643,0.0018807109,0.0096497536,0.9999988079,72.2792,27.9700
000000017436.jpg,0.0007621878,0.0003333092,0.0014825462,0.0530202389,0.9999957681,71.2425,34.0284
000000017627.jpg,0.0010332611,0.0004181862,0.0019600845,0.0762023926,1.0000000000,70.2748,27.2795
000000017714.jpg,0.0022519541,0.0013256669,0.0031480601,0.0309586525,0.9999994636,70.9070,27.0311
000000017899.jpg,0.0015215448,0.0012280345,0.0020375676,0.0430984497,0.9999989271,71.2280,27.9157
000000017905.jpg,0.0011006518,0.0008347034,0.0015243308,0.0291976929,0.9999990463,72.3424,28.0319
000000017959.jpg,0.0005057724,0.0000000000,0.0010400633,0.0223525763,0.9999976754,32.5541,23.7059
000000018150.jpg,0.0018027147,0.0012583733,0.0026078750,0.0928733349,0.9999994040,70.2713,26.8501
000000018193.jpg,0.0015033191,0.0010390282,0.0021789349,0.0941674709,0.9999995232,72.5196,26.9194
000000018380.jpg,0.0017724197,0.0014176369,0.0023071808,0.0311398506,0.9999992251,32.1306,15.6325
000000018491.jpg,0.0012736546,0.0005759597,0.0020303605,0.0313055515,0.9999997020,31.8722,16.1903
000000018519.jpg,0.0012955694,0.0008118153,0.0018994980,0.0274411440,1.0000000000,70.5206,54.4698
000000018575.jpg,0.0012569359,0.0010170937,0.0016386525,0.0292173624,0.9999982119,70.4718,27.0433
000000018737.jpg,0.0010172362,0.0002805591,0.0017936361,0.0237530470,1.0000000000,31.9622,26.2181
000000018770.jpg,0.0038627957,0.0026938021,0.0052362941,0.0384877920,0.9999988675,31.8274,15.9200
000000018833.jpg,0.0026294377,0.0018110275,0.0035774035,0.0511946678,0.9999991059,32.1428,15.5424
000000018837.jpg,0.0017892136,0.0012807846,0.0025307906,0.0445029736,0.9999995232,70.7439,27.2035
000000019042.jpg,0.0011676829,0.0007250309,0.0016596460,0.0122430325,1.0000000000,27.8111,23.0854
000000019109.jpg,0.0017899895,0.0011672974,0.0024939678,0.0205698013,0.9999990463,31.8038,15.1526
000000019221.jpg,0.0011829589,0.0007586479,0.0017895509,0.0336548090,0.9999994040,71.1697,26.9773
000000019402.jpg,0.0017075362,0.0011548996,0.0025827927,0.1129595041,0.9999988079,70.6473,26.9441
000000019432.jpg,0.0016315561,0.0009216666,0.0023924501,0.0479123592,0.9999998808,71.1666,27.1710
000000019742.jpg,0.0011205417,0.0009208918,0.0014794747,0.0331754684,0.9999997020,38.3207,18.2750
000000019786.jpg,0.0019218192,0.0010476112,0.0030256070,0.1262998581,0.9999992251,39.0300,18.3058
000000019924.jpg,0.0013046692,0.0009669065,0.0018059826,0.0233557224,0.9999990463,46.7422,50.6951
000000020059.jpg,0.0011968642,0.0007805824,0.0016630609,0.0186462402,0.9999998808,31.8078,16.3829
000000020107.jpg,0.0023827627,0.0015324354,0.0031407913,0.0478678942,0.9999994040,32.5374,15.7805
000000020247.jpg,0.0012761720,0.0007997155,0.0019082916,0.0221291482,0.9999996424,78.7697,27.8618
000000020333.jpg,0.0012890502,0.0009772778,0.0018027237,0.0222864151,0.9999997020,34.0249,15.1950
000000020553.jpg,0.0014249281,0.0010657310,0.0018991773,0.0290694237,0.9999995828,38.6536,18.3372
000000020571.jpg,0.0010473575,0.0005341172,0.0017007990,0.0257425308,0.9999991655,62.9457,53.1456
000000020992.jpg,0.0015142112,0.0010948181,0.0021604744,0.0216443539,0.9999995232,33.7032,15.7576
000000021167.jpg,0.0015821076,0.0011842251,0.0022738881,0.0528556108,0.9999989867,31.9645,19.8152
000000021465.jpg,0.0022142876,0.0017700195,0.0028786031,0.0365362167,0.9999992251,27.2681,13.5647
000000021503.jpg,0.0020309975,0.0011490583,0.0030935754,0.0172104836,0.9999992847,70.5653,27.5127
000000021604.jpg,0.0010459190,0.0008722544,0.0014035231,0.0360658169,0.9999992251,71.5632,26.5621
000000021839.jpg,0.0009576094,0.0006761551,0.0015361878,0.0172185898,0.9999969602,71.7738,27.8266
000000021879.jpg,0.0015018713,0.0009880066,0.0021073623,0.0195351839,0.9999994040,32.3331,15.7889
000000021903.jpg,0.0009556590,0.0006330013,0.0014354596,0.0531726480,0.9999997616,71.6031,27.0055
000000022192.jpg,0.0014608745,0.0006263256,0.0023588785,0.0295562744,0.9999995828,32.6550,15.5177
000000022371.jpg,0.0019821867,0.0007721782,0.0032900241,0.0327664614,0.9999994636,32.2083,15.9361
000000022396.jpg,0.0002028242,0.0000000000,0.0005079910,0.0280723497,0.9999961257,71.1217,53.3771
000000022479.jpg,0.0009908980,0.0004975796,0.0016816428,0.0313594341,1.0000000000,58.1430,53.5356
000000022589.jpg,0.0015700203,0.0003790855,0.0026706066,0.0405209064,0.9999991059,73.0907,27.1874
000000022623.jpg,0.0020666295,0.0015377998,0.0028467481,0.0910434723,0.9999986887,70.7260,26.8950
000000022705.jpg,0.0017105280,0.0010219812,0.0030279274,0.0362801552,1.0000000000,72.0310,27.7590
000000022755.jpg,0.0014730997,0.0008541346,0.0023702139,0.0436122417,1.0000000000,70.3125,27.0056
000000022892.jpg,0.0011287713,0.0006599426,0.0018233792,0.0313742161,0.9999991059,32.0579,15.9513
000000022935.jpg,0.0010621385,0.0006606877,0.0016625138,0.0254292190,0.9999997020,71.0308,27.2782
000000022969.jpg,0.0013381289,0.0007684231,0.0021214827,0.0228208303,0.9999995232,39.4994,18.5669
000000023023.jpg,0.0015356856,0.0012763739,0.0019781024,0.0201338530,0.9999995828,47.9683,18.6925
000000023034.jpg,0.0027375983,0.0014332533,0.0040992759,0.0349402428,0.9999996424,34.6807,15.4942
000000023126.jpg,0.0016690217,0.0007646680,0.0026430942,0.0353361964,1.0000000000,32.1222,23.9533
000000023230.jpg,0.0014707106,0.0008027554,0.0022048231,0.0271852016,0.9999998808,71.0499,27.2679
000000023272.jpg,0.0012577599,0.0008296967,0.0017787882,0.0386166573,0.9999995828,38.2968,18.5554
000000023359.jpg,0.0001992118,0.0000000000,0.0007190251,0.0151944160,0.9999988079,32.1976,15.8709
000000023666.jpg,0.0024091832,0.0010254383,0.0045395410,0.0515155792,0.9999996424,71.8658,28.1227
000000023751.jpg,0.0017774975,0.0017662048,0.0023350676,0.0471930355,0.9999990463,32.0348,15.7672
000000023781.jpg,0.0019504185,0.0016493797,0.0024505078,0.0192508698,0.9999988675,32.2768,15.5612
000000023899.jpg,0.0020143811,0.0011558533,0.0029001215,0.0389566422,0.9999993443,32.0880,15.2169
000000023937.jpg,0.0011815291,0.0006418228,0.0017996166,0.0212022066,0.9999988079,31.9160,15.4502
000000024021.jpg,0.0015709476,0.0013689995,0.0019458144,0.0254805088,0.9999997020,30.5336,14.5256
000000024027.jpg,0.0001475825,0.0000000000,0.0007862890,0.0296835452,1.0000000000,39.3108,24.3501
000000024144.jpg,0.0026534549,0.0021343231,0.0034072124,0.0432295799,0.9999983311,70.8571,27.7791
000000024243.jpg,0.0019090701,0.0013756752,0.0025641911,0.0204708576,0.9999989867,71.7914,27.1740
000000024567.jpg,0.0019757689,0.0014395714,0.0026624019,0.0379810333,1.0000000000,71.5508,27.7179
000000024610.jpg,0.0008980342,0.0003979206,0.0020495541,0.1296637058,0.9999988675,70.9614,27.4589
000000024919.jpg,0.0014198575,0.0005051130,0.0023359891,0.0306026936,0.9999977350,44.7553,15.1941
000000025057.jpg,0.0006670596,0.0001538992,0.0013699410,0.0333421230,0.9999989271,32.1463,15.2954
000000025096.jpg,0.0012062194,0.0007128716,0.0017755914,0.0256642103,0.9999994040,38.2456,18.2266
000000025139.jpg,0.0023710825,0.0019984245,0.0030029286,0.0341712832,1.0000000000,32.2111,15.2346
000000025181.jpg,0.0015276201,0.0008519888,0.0023592068,0.0297663212,0.9999975562,32.1850,15.3340
000000025228.jpg,0.0006882672,0.0000075176,0.0013544731,0.0900278091,1.0000000000,81.0154,28.5352
000000025386.jpg,0.0024222254,0.0015380383,0.0033489913,0.0288734436,0.9999989867,32.8881,15.3472
000000025393.jpg,0.0015223980,0.0010550618,0.0023656220,0.1778993607,0.9999991655,70.5362,27.0227
000000025394.jpg,0.0012517422,0.0008356571,0.0018019757,0.0262861252,0.9999997616,71.2253,27.7819
000000025424.jpg,0.0014545836,0.0007776022,0.0022051325,0.0271627903,0.9999993443,32.2230,16.0866
000000025560.jpg,0.0017702011,0.0014983416,0.0022402322,0.0216946602,0.9999984503,71.3024,26.9621
000000025593.jpg,0.0006231305,0.0002995729,0.0011223799,0.0334837437,1.0000000000,71.6885,27.2055
000000025603.jpg,0.0020708132,0.0015447140,0.0028285843,0.0561048985,0.9999992847,71.0621,27.0276
000000025986.jpg,0.0015628914,0.0011172295,0.0021177339,0.0168192387,0.9999994040,71.1186,27.1756
000000026204.jpg,0.0011660559,0.0008041859,0.0016209435,0.0217704773,0.9999998212,37.5482,23.1867
000000026465.jpg,0.0020892657,0.0016520023,0.0027561449,0.0441688299,0.9999987483,38.0164,18.2553
000000026564.jpg,0.0025668656,0.0014157295,0.0043064957,0.0459079742,0.9999961257,31.9461,15.2187
000000026690.jpg,0.0014927975,0.0008981824,0.0022864437,0.0508171320,0.9999992847,31.7681,15.5405
000000026926.jpg,0.0013168307,0.0007066131,0.0020993724,0.0394923687,1.0000000000,47.7257,57.3956
000000026941.jpg,0.0018838596,0.0017170906,0.0022957877,0.0148494244,0.9999992251,31.8664,15.7466
000000027186.jpg,0.0009918663,0.0006842613,0.0013921316,0.0165183544,0.9999995232,32.1845,16.1316
000000027620.jpg,0.0016922425,0.0009459257,0.0028303873,0.0589364767,0.9999988675,73.2149,27.0985
000000027696.jpg,0.0015933851,0.0011708736,0.0021014670,0.0253322124,0.9999991655,43.1566,14.0427
000000027768.jpg,0.0014225380,0.0010843277,0.0019480630,0.0362829641,0.9999988079,47.9496,18.6498
000000027932.jpg,0.0023959200,0.0016489029,0.0031801166,0.0247867107,0.9999991655,51.2373,62.7970
000000027972.jpg,0.0020094267,0.0010426044,0.0030031614,0.0332019329,0.9999991655,32.2210,23.4139
000000027982.jpg,0.0010950433,0.0009143353,0.0014840446,0.0401709080,0.9999985099,31.9982,15.2898
000000028285.jpg,0.0006189549,0.0001681931,0.0012599529,0.0343381166,1.0000000000,32.5484,15.5310
000000028449.jpg,0.0016984745,0.0011860132,0.0023915193,0.0340058804,0.9999994040,32.7890,15.8928
000000028452.jpg,0.0020444798,0.0015769005,0.0026944871,0.0227327347,0.9999991059,71.8253,31.3166
000000028809.jpg,0.0067096995,0.0062432289,0.0081995837,0.0223054886,0.9999988079,55.3504,18.7823
000000028993.jpg,0.0012182209,0.0004229546,0.0020334313,0.0291108489,0.9999998212,48.1922,18.7254
000000029187.jpg,0.0013498924,0.0010628700,0.0018535292,0.0330486298,0.9999994636,69.4563,26.1018
000000029393.jpg,0.0010502142,0.0006933063,0.0016400595,0.0403272510,0.9999989271,39.6217,19.3720
000000029397.jpg,0.0011620452,0.0007697344,0.0016826845,0.0260417461,0.9999991059,81.5769,47.7724
000000029596.jpg,0.0010926794,0.0006346703,0.0016855444,0.0271444321,0.9999994636,37.0618,23.1304
000000029640.jpg,0.0016030625,0.0012412071,0.0021909524,0.0333604813,0.9999985099,31.9114,15.4623
000000029675.jpg,0.0028151465,0.0020973682,0.0036247855,0.0202891827,0.9999991059,72.5971,28.1386
000000029984.jpg,0.0011236925,0.0005964637,0.0017225703,0.0200192928,0.9999997616,71.0214,26.0692
000000030213.jpg,0.0013055095,0.0006167889,0.0024226485,0.0779848099,0.9999988079,79.7569,28.1478
000000030494.jpg,0.0022963386,0.0015897751,0.0031253921,0.0203347206,0.9999994040,70.4782,26.9799
000000030504.jpg,0.0013609942,0.0008525848,0.0020218713,0.0275363922,0.9999996424,72.7754,28.0939
000000030675.jpg,0.0010964823,0.0007002354,0.0016728195,0.0207607746,0.9999992847,27.9625,13.2813
000000030785.jpg,0.0029861878,0.0025148392,0.0036396512,0.0238018036,0.9999986887,70.8689,27.3067
000000030828.jpg,0.0011404566,0.0006690025,0.0017287248,0.0423021317,0.9999997616,32.1940,16.1208
000000031050.jpg,0.0011874556,0.0008871555,0.0016117735,0.0221028328,0.9999990463,33.2160,15.8869
000000031093.jpg,0.0016271473,0.0012911558,0.0021640388,0.0255188942,0.9999993443,32.5031,25.2631
000000031118.jpg,0.0010605186,0.0005296469,0.0018153475,0.0311430991,1.0000000000,32.2907,15.8830
000000031217.jpg,0.0014465280,0.0007733703,0.0022166518,0.0224134922,0.9999997020,35.3750,15.1844
000000031248.jpg,0.0010227107,0.0005840063,0.0015988912,0.0147275925,0.9999986291,32.1036,15.5967
000000031269.jpg,0.0009222518,0.0004742146,0.0015472904,0.0301964283,1.0000000000,71.6429,27.0555
000000031296.jpg,0.0016123431,0.0010159016,0.0022773570,0.0377569199,0.9999994040,38.6808,15.4290
000000031322.jpg,0.0016102582,0.0009193420,0.0023303914,0.0173559189,0.9999997020,31.9831,16.0132
000000031620.jpg,0.0014652401,0.0009033531,0.0022878929,0.0680155754,1.0000000000,72.4885,28.1167
000000031735.jpg,0.0011734082,0.0008230209,0.0016884410,0.0617845058,0.9999991655,71.1498,27.2634
000000031749.jpg,0.0017017858,0.0013496876,0.0022816861,0.0364497900,0.9999985695,47.8411,18.7416
000000031817.jpg,0.0020999841,0.0017030239,0.0027132940,0.0420266390,0.9999988079,40.8987,50.4987
000000032038.jpg,0.0028749635,0.0021243095,0.0040513459,0.1107802391,0.9999975562,31.8836,25.5328
000000032081.jpg,0.0018689152,0.0009510219,0.0027365969,0.0172717571,0.9999991059,38.1497,18.6998
000000032285.jpg,0.0015331726,0.0011078119,0.0020154102,0.0256060362,0.9999987483,31.2211,24.1964
000000032334.jpg,0.0018401542,0.0012035370,0.0024773246,0.0274925232,0.9999993443,70.6786,27.1451
000000032570.jpg,0.0015767062,0.0013587475,0.0020041200,0.0345792770,0.9999982119,32.4987,15.3549
000000032610.jpg,0.0017898274,0.0012483597,0.0024791767,0.0333557129,0.9999993443,31.9989,15.5927
000000032735.jpg,0.0013924063,0.0012636185,0.0017774093,0.0313637257,0.9999979138,32.6782,15.8059
000000032811.jpg,0.0014849127,0.0011315048,0.0020703420,0.0458346605,0.9999998808,38.9815,19.0131
000000032817.jpg,0.0015748607,0.0010312796,0.0022394969,0.0304129124,0.9999988079,72.0237,28.7155
000000032861.jpg,0.0017820267,0.0013142824,0.0024187460,0.0343265533,0.9999990463,34.1049,15.4129
000000032887.jpg,0.0016650358,0.0012228489,0.0022500986,0.0320883989,0.9999989271,70.9962,27.1132
000000032901.jpg,0.0014330575,0.0009264946,0.0020482831,0.0353016853,0.9999998212,60.8703,24.3073
000000032941.jpg,0.0011515812,0.0005924702,0.0018817519,0.0487599373,0.9999997020,80.4420,29.6425
000000033005.jpg,0.0015006199,0.0013098717,0.0018785427,0.0319764614,0.9999994636,32.5210,15.2480
000000033104.jpg,0.0013285786,0.0010371208,0.0018186951,0.0467480421,0.9999998808,52.5766,63.0910
000000033109.jpg,0.0012922998,0.0006340742,0.0022366007,0.0312821865,1.0000000000,71.0887,27.2282
000000033114.jpg,0.0007639311,0.0002087951,0.0016989196,0.0545597076,0.9999994040,71.5380,27.1999
000000033221.jpg,0.0012901261,0.0004868507,0.0022370485,0.0702856481,1.0000000000,32.6598,15.5319
000000033368.jpg,0.0017834440,0.0010412931,0.0026034191,0.0355156660,0.9999995232,32.0585,15.2357
000000033638.jpg,0.0018137647,0.0012633801,0.0024885770,0.0439915657,0.9999992847,31.9368,15.7878
000000033707.jpg,0.0012011300,0.0008420944,0.0016969184,0.0250134468,0.9999994040,49.9156,25.0859
000000033759.jpg,0.0009812975,0.0007821321,0.0013090459,0.0218474865,0.9999991059,78.7912,27.9370
000000033854.jpg,0.0011065735,0.0004072189,0.0021410731,0.0359683037,0.9999995232,36.5864,15.6211
000000034071.jpg,0.0027564869,0.0017891973,0.0043813521,0.0397806168,0.9999982715,33.2071,15.8383
000000034139.jpg,0.0015829855,0.0012590885,0.0021383525,0.0535852909,0.9999995232,71.1167,27.2152
000000034205.jpg,0.0026865278,0.0019230843,0.0035188412,0.0158226490,0.9999992847,32.7807,25.0827
000000034257.jpg,0.0013128773,0.0009822845,0.0019133663,0.0187945366,0.9999958277,30.4907,13.9399
000000034417.jpg,0.0015532639,0.0011150837,0.0022240491,0.0261826515,0.9999997020,38.8921,18.3844
000000034452.jpg,0.0015559561,0.0008931160,0.0023291369,0.0250732899,0.9999994040,72.1978,27.1904
000000034760.jpg,0.0014197358,0.0009467006,0.0020703448,0.0374560356,0.9999995232,32.2075,15.3970
000000034873.jpg,0.0012425602,0.0008230209,0.0017597073,0.0285048485,0.9999997616,71.2459,27.3579
000000035062.jpg,0.0019864866,0.0013840199,0.0028250245,0.0300519466,0.9999991655,32.6215,19.5076
000000035197.jpg,0.0011705613,0.0006875992,0.0018636880,0.0408916473,0.9999991059,32.2841,15.9393
000000035279.jpg,0.0021713604,0.0014901161,0.0030098681,0.0774283409,0.9999988079,77.2418,27.4378
000000035326.jpg,0.0025225445,0.0012887716,0.0036519337,0.0408662558,0.9999991655,72.7749,27.1238
000000035682.jpg,0.0017797236,0.0010671318,0.0026104169,0.0380296111,0.9999996424,71.8086,28.2133
000000035770.jpg,0.0024038218,0.0015997291,0.0034603665,0.0285546780,0.9999979734,71.9014,28.0444
000000035963.jpg,0.0017793287,0.0011773109,0.0024624569,0.0265412927,1.0000000000,72.0139,28.1025
000000036494.jpg,0.0014900066,0.0008111000,0.0027929663,0.0671324730,0.9999988079,32.1768,15.2743
000000036539.jpg,0.0011304755,0.0007266998,0.0016292058,0.0201253891,0.9999997020,32.0764,15.4251
000000036660.jpg,0.0015208105,0.0013642311,0.0018109859,0.0145916939,0.9999991655,31.0893,25.7639
000000036678.jpg,0.0005915829,0.0000033975,0.0011823800,0.0344352722,1.0000000000,26.7809,13.1716
000000036844.jpg,0.0014014473,0.0008637905,0.0020387822,0.0254898071,0.9999994636,70.5310,27.0456
000000036861.jpg,0.0012580426,0.0005144775,0.0020980593,0.0532350540,0.9999998212,72.5083,28.0237
000000036936.jpg,0.0013501853,0.0008270741,0.0020468179,0.0459299088,0.9999992847,31.0170,14.0050
000000037670.jpg,0.0020395557,0.0014474392,0.0027663037,0.0291218758,0.9999985695,70.9126,27.3614
000000037689.jpg,0.0009875336,0.0002241135,0.0018140360,0.0357339382,1.0000000000,32.3903,15.8667
000000037740.jpg,0.0012704702,0.0008811951,0.0018298588,0.0341496468,0.9999992847,71.6094,27.4173
000000037751.jpg,0.0008676763,0.0002757311,0.0015823081,0.0409445763,0.9999981523,72.3029,27.2224
000000037777.jpg,0.0012395154,0.0007143021,0.0020592366,0.0238457918,0.9999989867,31.3865,14.5026
000000037988.jpg,0.0016166056,0.0009543896,0.0023238596,0.0251617432,0.9999998212,71.2904,27.1987
000000038048.jpg,0.0013503616,0.0006284118,0.0022264612,0.0295279026,0.9999996424,52.8129,64.1137
000000038070.jpg,0.0010989520,0.0008285046,0.0014782901,0.0290087461,0.9999988675,38.6238,24.0362
000000038118.jpg,0.0011814437,0.0003566742,0.0021627620,0.0226583481,0.9999994040,32.2462,16.1274
000000038210.jpg,0.0011507989,0.0004854202,0.0019175604,0.0236001015,0.9999995232,32.2544,15.8841
000000038576.jpg,0.0024111355,0.0019774437,0.0032217763,0.1203098297,0.9999988675,84.9762,49.1347
000000038678.jpg,0.0021740631,0.0013890266,0.0032322844,0.0288548470,0.9999984503,71.9371,27.8834
000000038825.jpg,0.0015410244,0.0012347698,0.0021004879,0.0339769721,0.9999991059,33.4535,15.9534
000000038829.jpg,0.0018463244,0.0012267232,0.0025447514,0.0507874489,0.9999994040,32.4400,15.7533
000000039405.jpg,0.0013234763,0.0006632805,0.0020895049,0.0596275330,0.9999997020,71.3421,27.2380
000000039477.jpg,0.0021090501,0.0016719699,0.0025920495,0.0134837627,0.9999988079,32.0878,14.1847
000000039480.jpg,0.0012942586,0.0009870529,0.0017932369,0.0243434906,0.9999994636,31.9477,15.8594
000000039484.jpg,0.0008089676,0.0003163815,0.0016693494,0.0481679440,0.9999991655,81.9460,28.6018
000000039551.jpg,0.0016066125,0.0011529922,0.0021789614,0.0283079147,0.9999994636,36.5826,15.6574
000000039670.jpg,0.0013001340,0.0009932518,0.0017702901,0.0328929424,0.9999990463,48.2307,18.6525
000000039769.jpg,0.0016635536,0.0013456345,0.0021827461,0.0173606873,0.9999986887,71.1719,27.5763
000000039785.jpg,0.0048091849,0.0025563240,0.0070358920,0.0691851377,0.9999926686,47.8673,22.9942
000000039914.jpg,0.0014237647,0.0005542040,0.0022958622,0.0631101131,0.9999997020,71.8667,28.0939
000000039951.jpg,0.0014156486,0.0008192658,0.0024115320,0.0758252144,0.9999990463,79.9513,28.2747
000000039956.jpg,0.0013901587,0.0008316040,0.0021891640,0.0285136700,0.9999992251,32.5765,15.3760
000000040036.jpg,0.0013152946,0.0009045601,0.0018184677,0.0269385576,0.9999989867,32.1366,15.6712
000000040083.jpg,0.0014874501,0.0009567738,0.0022962536,0.0530294180,0.9999989867,32.5379,24.4124
000000040471.jpg,0.0009834688,0.0006778240,0.0015596027,0.0613017082,0.9999998212,32.2358,15.3545
000000040757.jpg,0.0027041123,0.0018081665,0.0036476902,0.0158753395,0.9999995232,32.1514,15.5800
000000041488.jpg,0.0007845946,0.0004146099,0.0019743741,0.0687123537,0.9999976158,27.0015,19.7753
000000041633.jpg,0.0007808479,0.0000000000,0.0015507207,0.0327894688,1.0000000000,32.4345,16.3137
000000041635.jpg,0.0013745078,0.0006356239,0.0022962312,0.0454933643,1.0000000000,71.6671,27.2452
000000041872.jpg,0.0009195946,0.0006080866,0.0013983973,0.0210137367,0.9999995232,34.6857,15.3806
000000041888.jpg,0.0017693341,0.0008962154,0.0027648350,0.0201267004,1.0000000000,72.0793,27.1496
000000041990.jpg,0.0016559333,0.0009779930,0.0024547041,0.0429496765,0.9999995828,71.0377,27.1458
000000042070.jpg,0.0020563197,0.0016903877,0.0027724209,0.0822408199,1.0000000000,68.4514,25.9012
000000042102.jpg,0.0016652925,0.0014573336,0.0020640634,0.0264393091,0.9999973774,57.9417,52.3937
000000042178.jpg,0.0010123054,0.0004388094,0.0017505561,0.0285224915,1.0000000000,70.5870,27.0990
000000042276.jpg,0.0016482848,0.0009094477,0.0025573091,0.0215690136,0.9999991655,39.1385,18.7088
000000042296.jpg,0.0015639676,0.0008732080,0.0023272405,0.0381889343,0.9999997020,32.3662,15.4230
000000042528.jpg,0.0018558175,0.0013680458,0.0026037726,0.0525972843,0.9999997020,69.4561,26.1203
000000042563.jpg,0.0007131117,0.0001694672,0.0013192463,0.0313794836,0.9999984503,52.5667,22.6529
000000042628.jpg,0.0016055285,0.0013322830,0.0020713410,0.0206504464,0.9999998808,32.1802,24.6935
000000042888.jpg,0.0012843749,0.0008838177,0.0018580147,0.0218823552,0.9999987483,38.3207,18.6936
000000042889.jpg,0.0018020840,0.0015432835,0.0022647849,0.0437927246,0.9999980927,38.6468,23.8603
000000043314.jpg,0.0010424476,0.0005316138,0.0016722464,0.0345997810,0.9999994040,38.3094,18.7595
000000043435.jpg,0.0016925257,0.0015556812,0.0021027024,0.0101587772,0.9999998212,48.9681,18.4977
000000043581.jpg,0.0016654668,0.0008649379,0.0036471623,0.2659082413,0.9999995232,32.3338,15.4380
000000043737.jpg,0.0010207151,0.0005121231,0.0016536546,0.0423038006,0.9999937415,71.8297,28.3679
000000043816.jpg,0.0013444383,0.0007064342,0.0020300683,0.0274930000,0.9999995828,32.1996,15.2394
000000044068.jpg,0.0016795663,0.0010077953,0.0024922481,0.0440111160,0.9999990463,72.2442,28.1523
000000044195.jpg,0.0008796228,0.0001189113,0.0016530700,0.0252521038,0.9999951720,42.6442,53.1099
000000044260.jpg,0.0012381010,0.0007828176,0.0019877220,0.0429193974,0.9999980330,32.1742,15.4197
000000044279.jpg,0.0023184498,0.0019024909,0.0030212344,0.0340334177,0.9999981523,32.3110,15.4484
000000044590.jpg,0.0006636431,0.0000447035,0.0013705274,0.0280747414,1.0000000000,47.0473,60.6266
000000044652.jpg,0.0005312016,0.0001526326,0.0010547289,0.0369265079,0.9999960661,35.6652,15.1128
000000044699.jpg,0.0010215181,0.0002629757,0.0018961572,0.0230298042,0.9999995828,32.8517,15.3209
000000044877.jpg,0.0015193911,0.0007926524,0.0025588006,0.0793949366,0.9999986291,32.0663,15.5633
000000045070.jpg,0.0014031072,0.0004990101,0.0024446039,0.0299309492,0.9999990463,55.9926,52.0183
000000045090.jpg,0.0016717932,0.0013344288,0.0021677741,0.0261070728,0.9999992251,44.9190,45.3912
000000045229.jpg,0.0009241291,0.0007176399,0.0012832900,0.0810482502,0.9999996424,71.0445,27.0373
000000045472.jpg,0.0017361206,0.0014319420,0.0022616303,0.0322620869,0.9999984503,32.1038,16.0809
000000045550.jpg,0.0010780804,0.0005779266,0.0016850054,0.0270168781,0.9999995232,71.9101,27.3269
000000045596.jpg,0.0010135215,0.0006747246,0.0016673104,0.0529178381,0.9999994040,31.3282,14.7505
000000045728.jpg,0.0019417849,0.0010123253,0.0027784263,0.0288267136,1.0000000000,71.1503,27.3051
000000046031.jpg,0.0026133116,0.0021939278,0.0032615948,0.0169172287,0.9999982715,70.8578,27.2079
000000046048.jpg,0.0010332342,0.0005798340,0.0017588802,0.0242486000,0.9999997020,71.7479,27.6690
000000046252.jpg,0.0015931516,0.0007636547,0.0023977829,0.0294113159,0.9999996424,72.1138,27.3885
000000046378.jpg,0.0019057642,0.0012879372,0.0026048010,0.0238575935,0.9999987483,31.6723,14.7469
000000046463.jpg,0.0021767863,0.0018255711,0.0028006153,0.0382091999,0.9999988675,41.5426,46.5962
000000046497.jpg,0.0012493973,0.0008013248,0.0019443566,0.0331836939,0.9999988675,32.0543,15.5020
000000046804.jpg,0.0014421097,0.0009882450,0.0020472414,0.0275669098,0.9999994040,71.1649,27.1529
000000046872.jpg,0.0014505014,0.0008503199,0.0022210022,0.0318055153,0.9999997616,31.0411,18.9568
000000047010.jpg,0.0014592770,0.0008241534,0.0021392624,0.0152246952,0.9999993443,71.4007,27.4282
000000047112.jpg,0.0014793702,0.0008246899,0.0022610112,0.0438358188,0.9999994040,71.4227,27.6330
000000047121.jpg,0.0011671778,0.0007401705,0.0017727931,0.0608496666,0.9999991655,71.0980,27.1130
000000047571.jpg,0.0012143569,0.0006208420,0.0020722449,0.0416141748,1.0000000000,48.0144,18.8982
000000047585.jpg,0.0015975251,0.0010113716,0.0023581001,0.0505431890,0.9999994636,33.3851,15.9707
000000047740.jpg,0.0016776854,0.0007593036,0.0027269146,0.0465375185,0.9999983907,27.2157,16.3855
000000047769.jpg,0.0013515617,0.0009335876,0.0020154451,0.0128035545,0.9999989867,38.8599,18.6289
000000047801.jpg,0.0012699125,0.0009460449,0.0017599312,0.0232949257,0.9999997616,48.2860,18.8707
000000047819.jpg,0.0012500634,0.0009123087,0.0020830578,0.0882768631,0.9999978542,38.7260,24.9995
000000047828.jpg,0.0007199210,0.0003261566,0.0011918765,0.0289091412,0.9999981523,23.8612,12.7018
000000048153.jpg,0.0015990145,0.0010225773,0.0024299535,0.0175490379,0.9999995828,38.5013,18.5737
000000048396.jpg,0.0017792518,0.0013799667,0.0023655740,0.0343463421,0.9999987483,32.1853,15.2949
000000048504.jpg,0.0011125725,0.0004613698,0.0022401237,0.0521261692,0.9999990463,34.3461,15.2017
000000048555.jpg,0.0012162060,0.0004301071,0.0020742530,0.0275707245,0.9999993443,76.8483,27.4066
000000048564.jpg,0.0029363874,0.0023016930,0.0038395813,0.0314389467,0.9999987483,32.1548,23.9196
000000048924.jpg,0.0013932055,0.0006785393,0.0021825889,0.0200221539,0.9999996424,32.4147,15.6867
000000049060.jpg,0.0012136609,0.0007638931,0.0018105046,0.0209827423,1.0000000000,32.7716,19.9993
000000049091.jpg,0.0010810029,0.0006294250,0.0017465005,0.0271071196,0.9999989867,32.7977,15.7256
000000049259.jpg,0.0014834222,0.0011005700,0.0019971870,0.0153512955,1.0000000000,33.1845,15.5843
000000049269.jpg,0.0010207132,0.0005755424,0.0018252911,0.0447499752,0.9999975562,32.7429,22.0438
000000049759.jpg,0.0016344200,0.0009674132,0.0023885146,0.0365060568,0.9999998808,79.3820,28.0701
000000049761.jpg,0.0009476424,0.0003523529,0.0015093316,0.0140614510,1.0000000000,71.8117,27.3668
000000049810.jpg,0.0018151790,0.0011029243,0.0025837414,0.0326557159,0.9999989867,32.0810,15.2527
000000050006.jpg,0.0006191871,0.0001891255,0.0012451215,0.0311276913,1.0000000000,70.9742,27.1427
000000050145.jpg,0.0012429494,0.0004976988,0.0021901657,0.0293029547,0.9999971986,32.9555,16.0142
000000050149.jpg,0.0021512765,0.0017352104,0.0029571229,0.0315055847,0.9999970794,38.6790,18.8938
000000050165.jpg,0.0008435476,0.0002414584,0.0015258339,0.0256311893,1.0000000000,32.4345,21.9126
000000050326.jpg,0.0008781953,0.0002778769,0.0018470576,0.0415869951,0.9999963045,38.4628,18.7009
000000050331.jpg,0.0014326791,0.0010240078,0.0019897704,0.0204944611,0.9999991059,71.8978,27.2022
000000050380.jpg,0.0013385196,0.0009562969,0.0019457863,0.0660001040,0.9999992847,32.5221,15.5400
000000050638.jpg,0.0009689939,0.0005958080,0.0014235232,0.0270600319,0.9999997616,31.8015,13.9620
000000050679.jpg,0.0013106816,0.0003676414,0.0022374599,0.0444170088,1.0000000000,32.6705,15.4767
000000050811.jpg,0.0010396218,0.0004202127,0.0018472426,0.0318853855,0.9999997616,55.3654,23.4304
000000050828.jpg,0.0011768872,0.0008374453,0.0015980889,0.0214161873,0.9999995232,71.2747,27.8885
000000050844.jpg,0.0021344677,0.0014241934,0.0029885112,0.0163426399,0.9999989867,32.8659,15.5162
000000050896.jpg,0.0018562314,0.0013372898,0.0024722721,0.0240567923,0.9999989271,47.9805,18.7343
000000050943.jpg,0.0012005833,0.0009706020,0.0017110646,0.0090154409,0.9999998212,23.9685,12.3230
000000051008.jpg,0.0019838132,0.0014489889,0.0029025280,0.2209234238,0.9999990463,71.9841,27.5087
000000051309.jpg,0.0012123729,0.0007317066,0.0018591093,0.0223098099,0.9999956489,28.1565,13.3252
000000051314.jpg,0.0008902730,0.0004467964,0.0014050275,0.0251032114,0.9999982119,71.5028,27.3055
000000051326.jpg,0.0025877624,0.0017807484,0.0035297819,0.0263441503,0.9999985695,35.0700,15.2153
000000051598.jpg,0.0011660449,0.0006631613,0.0018799786,0.0207085609,0.9999991655,53.5019,53.2716
000000051610.jpg,0.0023766670,0.0023946762,0.0037211392,0.2726162672,0.9999977350,32.4305,16.0727
000000051712.jpg,0.0016459387,0.0012364388,0.0023326413,0.1023430824,0.9999993443,27.4299,19.0171
000000051738.jpg,0.0011051896,0.0006794930,0.0018246180,0.0426206589,0.9999994636,38.3877,25.0766
000000051938.jpg,0.0010371945,0.0001560450,0.0018954127,0.0189750195,1.0000000000,71.3418,27.6669
000000051961.jpg,0.0018137359,0.0015938282,0.0022122629,0.0466239452,0.9999987483,32.3165,15.6829
000000051976.jpg,0.0013978306,0.0012019873,0.0017483162,0.0079746246,0.9999994040,33.0663,16.2294
000000052007.jpg,0.0012946314,0.0007407665,0.0022994673,0.0706925392,1.0000000000,73.7942,27.9700
000000052017.jpg,0.0002774281,0.0000000000,0.0008218141,0.0459080935,1.0000000000,32.7278,15.5818
000000052412.jpg,0.0005852421,0.0003589392,0.0011332016,0.0611917973,0.9999980927,32.4048,16.5695
000000052413.jpg,0.0020172778,0.0012220144,0.0028337913,0.0223164558,0.9999995232,38.4125,18.5519
000000052462.jpg,0.0015083055,0.0008420944,0.0023143708,0.0244443417,0.9999997020,32.5306,16.0610
000000052507.jpg,0.0013069723,0.0007242560,0.0020932597,0.0158281326,0.9999988079,82.7001,28.5105
000000052565.jpg,0.0010010805,0.0005497336,0.0015018294,0.0402603149,1.0000000000,79.5551,28.2278
000000052591.jpg,0.0007314288,0.0003187656,0.0013602321,0.0262074471,1.0000000000,30.0633,13.9685
000000052891.jpg,0.0008574890,0.0003347397,0.0015000793,0.0467276573,0.9999972582,32.4635,15.6323
000000052996.jpg,0.0011463680,0.0005688667,0.0019545944,0.0700926781,0.9999994040,32.3161,15.5085
000000053505.jpg,0.0015459023,0.0015084743,0.0017716215,0.0206296444,0.9999988675,32.4311,15.7008
000000053529.jpg,0.0024290117,0.0018246174,0.0031833851,0.0408809185,0.9999994040,32.3777,15.4232
000000053624.jpg,0.0014721812,0.0009984970,0.0020956518,0.0248358250,0.9999995828,32.1784,15.3253
000000053626.jpg,0.0010719349,0.0005426407,0.0017462373,0.0581927299,0.9999989867,72.7141,27.5250
000000053909.jpg,0.0028253549,0.0027046204,0.0036544837,0.0979926586,0.9999990463,72.0365,28.1799
000000053994.jpg,0.0013319585,0.0007748604,0.0020708621,0.0468654633,0.9999998808,72.8757,28.2873
000000054123.jpg,0.0011580271,0.0007021427,0.0018053602,0.0427191257,0.9999973774,32.6264,15.5698
000000054164.jpg,0.0015424292,0.0010805726,0.0021518229,0.0178101063,0.9999990463,32.7114,16.0408
000000054592.jpg,0.0006730492,0.0002191067,0.0015292541,0.0566039085,1.0000000000,31.4853,14.8420
000000054593.jpg,0.0016875523,0.0015435815,0.0020111133,0.0214738846,0.9999994636,32.8500,16.1811
000000054605.jpg,0.0015758130,0.0011180639,0.0022011325,0.0292944908,0.9999996424,48.0493,18.6848
000000054628.jpg,0.0016795200,0.0008777380,0.0026222607,0.0551884174,0.9999991059,38.5638,18.8018
000000054654.jpg,0.0015395582,0.0013021231,0.0019553872,0.0235641003,0.9999991059,31.1078,14.6768
000000054931.jpg,0.0010925303,0.0007030368,0.0016651839,0.0219831467,0.9999994636,32.1491,15.9831
000000054967.jpg,0.0011237632,0.0006684065,0.0016986898,0.0291118622,0.9999982119,32.4365,15.8551
000000055002.jpg,0.0016265992,0.0010762215,0.0022731025,0.0290598869,0.9999985695,38.8854,21.7825
000000055022.jpg,0.0013359729,0.0009002686,0.0019038875,0.0241718292,0.9999990463,72.0086,28.0847
000000055072.jpg,0.0007759024,0.0002622828,0.0015306176,0.0807253122,0.9999995828,32.5936,24.4507
000000055150.jpg,0.0018763629,0.0011203289,0.0029538092,0.0619673729,0.9999990463,32.3691,20.0752
000000055167.jpg,0.0012962410,0.0005331039,0.0020683932,0.0165009499,0.9999993443,27.0714,13.1262
000000055299.jpg,0.0007102915,0.0000083148,0.0016500603,0.0266780853,1.0000000000,32.1906,16.2636
000000055528.jpg,0.0022224127,0.0016790628,0.0029461919,0.0394325256,0.9999997616,71.8469,27.8248
000000055950.jpg,0.0012426381,0.0007481575,0.0019089652,0.0735276937,0.9999986291,33.0159,16.1819
000000056127.jpg,0.0013554628,0.0009565353,0.0020550555,0.0537319183,0.9999988675,57.6600,64.3637
000000056288.jpg,0.0014391443,0.0010118484,0.0020111098,0.0309262276,0.9999994636,70.8749,27.5144
000000056344.jpg,0.0033565094,0.0027823448,0.0044469591,0.1708980799,0.9999951124,72.7719,27.5208
000000056350.jpg,0.0015148264,0.0011329651,0.0020598753,0.0227150917,0.9999983907,50.3282,26.0877
000000056545.jpg,0.0009550144,0.0005584955,0.0015369023,0.0391256809,0.9999997020,71.8419,65.7037
000000057027.jpg,0.0026503280,0.0023062229,0.0033753701,0.0330889225,0.9999987483,32.0832,15.8385
000000057149.jpg,0.0009074956,0.0003836155,0.0016394880,0.0439531207,0.9999979734,32.9265,15.8134
000000057150.jpg,0.0019031545,0.0014991760,0.0024833577,0.0234964490,0.9999991059,38.8435,18.6248
000000057232.jpg,0.0028588951,0.0022184849,0.0038167876,0.0519967079,0.9999980330,47.9371,18.6445
000000057238.jpg,0.0014866468,0.0010852814,0.0020329726,0.0233750343,0.9999996424,39.0524,18.9787
000000057244.jpg,0.0023158246,0.0018453598,0.0031259728,0.0625200272,0.9999986887,32.7544,15.5372
000000057597.jpg,0.0015296758,0.0007710457,0.0022994454,0.0243875980,0.9999997020,32.0931,15.2725
000000057672.jpg,0.0010661128,0.0005869865,0.0015838185,0.0165922642,0.9999998212,70.9707,27.2238
000000057725.jpg,0.0011799623,0.0009941459,0.0016065075,0.0317612886,0.9999992251,71.2528,27.2178
000000057760.jpg,0.0005578467,0.0000000000,0.0011587508,0.0107709169,0.9999978542,30.9082,13.9292
000000058029.jpg,0.0015020747,0.0010554790,0.0022544365,0.0610671043,0.9999998808,72.2361,27.4355
000000058111.jpg,0.0019268377,0.0014555454,0.0025389050,0.0431993008,0.9999994040,53.2840,50.3787
000000058350.jpg,0.0014468898,0.0010633469,0.0019564417,0.0226737261,0.9999989867,71.5396,27.2106
000000058384.jpg,0.0009916764,0.0003290176,0.0017388541,0.0214759111,1.0000000000,77.0318,27.5384
000000058393.jpg,0.0024454910,0.0004830360,0.0078956718,0.0760085210,0.9999862313,71.2279,27.6262
000000058539.jpg,0.0018363885,0.0012974739,0.0025550008,0.0282087326,0.9999994040,37.8316,14.1864
000000058636.jpg,0.0006331250,0.0000000000,0.0014780319,0.0571866035,0.9999995828,50.8606,18.8777
000000058655.jpg,0.0007028715,0.0003118515,0.0014097759,0.0428563356,1.0000000000,33.4032,15.3466
000000058705.jpg,0.0016210097,0.0014417171,0.0020451916,0.0210819244,0.9999991655,71.0808,27.6791
000000059044.jpg,0.0016906926,0.0010762215,0.0025472809,0.0643620491,0.9999990463,35.0091,15.6754
000000059386.jpg,0.0013265969,0.0007567406,0.0020217746,0.0474010706,0.9999997616,32.6519,15.6222
000000059598.jpg,0.0015675838,0.0008316040,0.0024300588,0.0334031582,0.9999995828,70.7635,27.0937
000000059635.jpg,0.0010921696,0.0007507801,0.0015839729,0.0429210663,0.9999991655,72.1691,28.1055
000000059920.jpg,0.0009101900,0.0006973743,0.0013554678,0.0199978352,0.9999988675,32.4660,24.2461
000000060052.jpg,0.0018316103,0.0005098581,0.0031539511,0.0533741713,0.9999994040,32.2403,16.8664
000000060090.jpg,0.0011989943,0.0008242130,0.0017011921,0.0255479813,1.0000000000,33.1003,14.4054
000000060102.jpg,0.0013622686,0.0007658005,0.0021193945,0.0517530441,0.9999992251,27.1248,17.8732
000000060347.jpg,0.0015055292,0.0009298325,0.0022582868,0.0469112396,0.9999997616,72.8193,28.2024
000000060363.jpg,0.0008371344,0.0003898144,0.0013955657,0.0697383881,0.9999933839,71.8599,27.3398
000000060449.jpg,0.0013498953,0.0005095005,0.0022914456,0.0430507660,0.9999930859,72.3236,28.2015
000000060507.jpg,0.0014913490,0.0010628700,0.0020596297,0.0347477198,0.9999995828,33.0087,15.7208
000000060770.jpg,0.0010950944,0.0007688105,0.0017043985,0.0353131294,0.9999989271,38.6544,18.8064
000000060823.jpg,0.0014822582,0.0007340908,0.0023225700,0.0383572578,0.9999994040,73.6101,27.1598
000000060835.jpg,0.0015793383,0.0011129379,0.0023158116,0.0395691395,0.9999978542,71.5595,27.1954
000000060855.jpg,0.0029067916,0.0025932789,0.0036141893,0.0256247520,0.9999991655,44.5242,20.3583
000000060886.jpg,0.0013870049,0.0010280609,0.0018883341,0.0112519264,0.9999994636,35.8513,24.8689
000000060899.jpg,0.0015830416,0.0008866489,0.0023305542,0.0254883766,0.9999994636,26.7011,13.5667
000000060932.jpg,0.0017046705,0.0008054972,0.0028380360,0.0336158276,0.9999994040,33.2245,15.4105
000000061108.jpg,0.0015713024,0.0010896921,0.0022428222,0.0372518301,0.9999992847,71.1125,27.1991
000000061171.jpg,0.0020615971,0.0013253689,0.0028697073,0.0287714005,0.9999994040,72.3354,27.3695
000000061268.jpg,0.0011906059,0.0007123947,0.0018728763,0.0413881540,0.9999969602,32.1372,16.1259
000000061333.jpg,0.0017955964,0.0011464357,0.0024533265,0.0243908167,0.9999992847,34.7212,24.4525
000000061418.jpg,0.0012414689,0.0006999969,0.0019315332,0.0252648592,1.0000000000,79.3798,28.1258
000000061471.jpg,0.0018162648,0.0013289452,0.0024844694,0.0353908539,0.9999998808,71.0374,27.3742
000000061584.jpg,0.0014168622,0.0010230541,0.0020696290,0.0420017242,0.9999992251,39.0833,18.4186
000000061658.jpg,0.0017341765,0.0011961460,0.0023740928,0.0145004988,0.9999986887,70.9264,27.6231
000000061747.jpg,0.0011503885,0.0006939173,0.0016974441,0.0287363529,1.0000000000,57.6064,52.6221
000000061960.jpg,0.0022621320,0.0016764998,0.0029542814,0.0190205574,0.9999994040,26.9129,13.2140
000000062025.jpg,0.0051893331,0.0031468868,0.0083077978,0.1224241257,0.9999992847,72.4811,29.1083
000000062353.jpg,0.0013560267,0.0005590916,0.0023010096,0.0332460403,0.9999994040,72.8807,27.5396
000000062355.jpg,0.0013182007,0.0006923676,0.0020551253,0.0289111137,0.9999992847,33.4365,16.0566
000000062554.jpg,0.0019895991,0.0012488365,0.0028547556,0.0267920494,0.9999993443,32.5186,15.7452
000000062692.jpg,0.0015921027,0.0014532804,0.0019516763,0.0258560181,1.0000000000,32.4917,15.5207
000000062808.jpg,0.0018368212,0.0008447170,0.0028892679,0.0343575478,0.9999986291,71.9251,27.3350
000000063047.jpg,0.0013176334,0.0005972385,0.0023760067,0.0459632874,0.9999988675,61.3307,48.1014
000000063154.jpg,0.0017291441,0.0011153221,0.0026165887,0.0186758041,0.9999993443,32.3250,16.1512
000000063552.jpg,0.0019822717,0.0014491081,0.0027152016,0.0350296497,0.9999976754,55.9419,23.3129
000000063602.jpg,0.0014438037,0.0009362698,0.0022625453,0.0273065567,0.9999990463,32.3666,15.3333
000000063740.jpg,0.0020384805,0.0015606880,0.0029279094,0.1111824512,1.0000000000,71.3120,27.2266
000000063965.jpg,0.0011577616,0.0008051395,0.0016469730,0.0261584520,0.9999992847,44.2437,15.5700
000000064084.jpg,0.0019511405,0.0011155605,0.0028255668,0.0277372599,0.9999991059,82.4151,28.6482
000000064359.jpg,0.0014940327,0.0010433197,0.0021485267,0.0632867813,0.9999996424,32.8031,19.1497
000000064462.jpg,0.0009965344,0.0005404130,0.0016949730,0.0873789787,0.9999997020,38.8308,19.0151
000000064495.jpg,0.0013431001,0.0011118650,0.0017254627,0.0275683403,0.9999987483,71.2556,27.1467
000000064499.jpg,0.0013144114,0.0010609627,0.0017352812,0.0245651007,0.9999992847,72.4963,27.2685
000000064523.jpg,0.0015608021,0.0005710125,0.0033543855,0.0632426739,0.9999990463,81.1386,28.3816
000000064574.jpg,0.0018139873,0.0015747547,0.0022611362,0.0177797079,0.9999989867,73.3305,28.0452
000000064718.jpg,0.0014765695,0.0013304949,0.0018464589,0.0386966467,0.9999989867,77.6595,27.9760
000000064868.jpg,0.0015899534,0.0010657310,0.0023109959,0.0365419388,0.9999985695,38.5248,23.9614
000000064898.jpg,0.0014521190,0.0011019707,0.0020076283,0.0148422718,0.9999992251,32.4403,15.7132
000000065074.jpg,0.0014420818,0.0006599128,0.0021598616,0.0188085437,1.0000000000,32.3727,15.8800
000000065288.jpg,0.0015159415,0.0006479025,0.0024089033,0.0613145828,1.0000000000,32.5524,16.0949
000000065350.jpg,0.0011822296,0.0007933378,0.0017057145,0.0279501677,1.0000000000,32.7209,16.0890
000000065455.jpg,0.0009896887,0.0006607175,0.0014507622,0.0231120586,0.9999993443,39.7161,18.7596
000000065485.jpg,0.0016641755,0.0013308525,0.0023168316,0.0474392772,0.9999977350,27.1920,13.6775
000000065736.jpg,0.0014166990,0.0012580156,0.0018872598,0.0197166204,0.9999991655,32.2808,15.7579
000000065798.jpg,0.0013089423,0.0005612373,0.0022709963,0.0193419456,0.9999997616,72.6737,27.4557
000000066038.jpg,0.0013053747,0.0008021593,0.0019081667,0.0295691490,1.0000000000,72.8435,27.7085
000000066135.jpg,0.0017404844,0.0011477470,0.0023994877,0.0226876736,0.9999995232,38.8028,22.4230
000000066231.jpg,0.0021493253,0.0017647743,0.0028911186,0.0722174048,0.9999991655,32.8151,15.3097
000000066523.jpg,0.0011696501,0.0005719662,0.0019305227,0.0143690109,0.9999997020,72.2817,28.0122
000000066561.jpg,0.0012116430,0.0007013679,0.0018584579,0.0292825103,0.9999996424,32.5484,15.8359
000000066635.jpg,0.0018271550,0.0013697147,0.0024519658,0.0261327028,0.9999988079,72.8004,27.2263
000000066706.jpg,0.0013714669,0.0010275841,0.0018527601,0.0179092884,0.9999992847,50.2831,23.1108
000000066771.jpg,0.0018032457,0.0012774467,0.0025054303,0.0403771400,0.9999991059,71.4754,27.3308
000000066817.jpg,0.0016321287,0.0014157295,0.0020453962,0.0356652737,0.9999987483,48.4115,18.9656
000000066841.jpg,0.0020455620,0.0011603832,0.0031326152,0.0335719585,0.9999955893,37.6530,19.1804
000000066886.jpg,0.0011811811,0.0008366704,0.0017889108,0.0453865528,0.9999995828,34.0750,15.7410
000000066926.jpg,0.0022954207,0.0017125607,0.0030317090,0.0239372253,0.9999994636,71.5584,27.5736
000000067180.jpg,0.0012849595,0.0009391308,0.0017908254,0.0201787949,0.9999982119,72.6676,28.5124
000000067213.jpg,0.0010059939,0.0005395412,0.0016754502,0.0806658268,0.9999992251,74.9306,27.3772
000000067310.jpg,0.0017503438,0.0012435913,0.0026745826,0.0343077183,0.9999997020,72.2522,28.3079
000000067315.jpg,0.0032476175,0.0023641586,0.0043269186,0.0268945694,0.9999974966,36.8972,15.3620
000000067406.jpg,0.0002987402,0.0000000000,0.0008552987,0.0177122951,1.0000000000,38.3209,18.5427
000000067534.jpg,0.0021871775,0.0018353462,0.0028942006,0.0523371696,0.9999987483,49.5319,56.7432
000000067616.jpg,0.0011891924,0.0007958412,0.0017115595,0.0369815826,0.9999992847,71.6388,27.5445
000000067896.jpg,0.0021334155,0.0014529228,0.0028108694,0.0505709648,0.9999998808,71.3242,27.4579
000000068078.jpg,0.0011050618,0.0008406639,0.0015464533,0.0248227119,0.9999985695,27.3861,13.7189
000000068093.jpg,0.0017039675,0.0011050999,0.0024092542,0.0372796059,0.9999995232,72.8308,27.4696
000000068286.jpg,0.0013811755,0.0009843111,0.0018955924,0.0135223866,0.9999995232,28.2674,13.1572
000000068387.jpg,0.0019655544,0.0014827251,0.0025519638,0.0272397995,0.9999993443,72.1688,27.5944
000000068409.jpg,0.0020191735,0.0018703938,0.0024802785,0.0313047171,0.9999988079,48.9724,57.4798
000000068628.jpg,0.0009145781,0.0004355907,0.0014998713,0.0211777687,0.9999994636,32.3353,15.6881
000000068765.jpg,0.0021282230,0.0014779568,0.0028882320,0.0195080042,0.9999993443,72.3562,27.3781
000000068833.jpg,0.0014112717,0.0008323193,0.0022971765,0.0407232046,0.9999990463,71.8710,27.3666
000000068933.jpg,0.0014916382,0.0011541843,0.0021567657,0.0338413715,1.0000000000,31.4963,15.9408
000000069106.jpg,0.0012778431,0.0008849502,0.0017791266,0.0212364197,0.9999993443,32.7589,15.6234
000000069138.jpg,0.0012821449,0.0007172227,0.0025346873,0.1079841852,0.9999992847,27.4982,13.4603
000000069213.jpg,0.0010215935,0.0006582737,0.0015573989,0.0240479708,0.9999989271,32.5875,16.0536
000000069224.jpg,0.0021430873,0.0015803576,0.0033410573,0.1374781132,0.9999982119,38.8359,19.0977
000000069356.jpg,0.0015128107,0.0011570454,0.0020392155,0.0299014822,0.9999995828,71.4749,63.5933
000000069795.jpg,0.0015320905,0.0011563301,0.0020686248,0.0300114155,0.9999991059,71.8372,27.4284
000000070048.jpg,0.0032032761,0.0026888847,0.0039318521,0.0292792320,0.9999986887,71.5490,27.2649
000000070158.jpg,0.0016029185,0.0011529922,0.0022804416,0.0422489643,0.9999986887,32.8061,16.1712
000000070229.jpg,0.0012799669,0.0003861487,0.0021131509,0.0295288265,0.9999998808,72.6498,28.1010
000000070254.jpg,0.0011800745,0.0006363392,0.0019004857,0.0320271254,1.0000000000,32.7724,14.0175
000000070739.jpg,0.0020290012,0.0015916228,0.0028399040,0.0891535282,0.9999989867,71.4756,27.6090
000000070774.jpg,0.0014959555,0.0010380745,0.0020865400,0.0284454823,0.9999994040,33.0743,16.3238
000000071226.jpg,0.0017340643,0.0012812614,0.0022909865,0.0271451473,0.9999992251,32.5035,16.2943
000000071451.jpg,0.0014896425,0.0010239482,0.0020967633,0.0163621902,0.9999997020,27.8043,21.7089
000000071711.jpg,0.0015434247,0.0011637211,0.0020552815,0.0393370986,0.9999995232,35.8774,17.4225
000000071756.jpg,0.0013103018,0.0009346008,0.0019252951,0.1073485613,0.9999992847,69.7507,26.1324
000000071877.jpg,0.0012061674,0.0008273125,0.0017602291,0.0319495201,1.0000000000,32.3267,15.3360
000000071938.jpg,0.0030509669,0.0027899742,0.0037822074,0.1182738543,0.9999987483,71.8761,27.6902
000000072281.jpg,0.0009957321,0.0005227327,0.0016130875,0.0358096361,0.9999997020,32.7428,16.4281
000000072795.jpg,0.0008677664,0.0002112985,0.0018861882,0.0810356140,0.9999999404,72.0629,27.3570
000000072813.jpg,0.0016093655,0.0009493828,0.0022841736,0.0315097570,0.9999994636,72.1015,27.6031
000000072852.jpg,0.0017640935,0.0011718273,0.0024388602,0.0207326412,0.9999994636,32.5666,15.6267
000000073118.jpg,0.0035315033,0.0032310486,0.0041608051,0.0184190273,0.9999985695,48.6320,18.7647
000000073153.jpg,0.0009553538,0.0003803968,0.0016312342,0.0312521458,0.9999997020,32.8053,15.4895
000000073326.jpg,0.0017691889,0.0011608601,0.0026014366,0.0343649387,0.9999965429,71.8528,27.6097
000000073533.jpg,0.0021050773,0.0015707016,0.0029944144,0.1153757572,1.0000000000,71.6865,27.4720
000000073702.jpg,0.0016843420,0.0012414455,0.0022641346,0.0250396729,0.9999988675,80.3620,52.1348
000000073946.jpg,0.0015604207,0.0011711121,0.0021143074,0.0269765258,0.9999992847,32.0244,15.9319
000000074058.jpg,0.0014089691,0.0009931326,0.0023488312,0.0821024179,0.9999983907,32.5492,22.6068
000000074092.jpg,0.0010575647,0.0004772544,0.0023454023,0.0555348396,0.9999995232,32.7485,16.0499
000000074200.jpg,0.0015871918,0.0010082722,0.0023219232,0.0260820389,0.9999992847,71.9356,27.3462
000000074209.jpg,0.0014569707,0.0009410381,0.0021031357,0.0195360184,0.9999993443,71.9797,29.4936
000000074256.jpg,0.0017171068,0.0013713837,0.0023004923,0.0431169569,0.9999974370,72.2922,27.7757
000000074457.jpg,0.0009321872,0.0003599375,0.0016140306,0.0171455964,0.9999998212,33.0256,13.6468
000000074646.jpg,0.0004342166,0.0000000000,0.0012041904,0.0167007446,1.0000000000,72.6351,28.8111
000000074733.jpg,0.0018984625,0.0012557507,0.0027876853,0.0425653458,0.9999992251,48.0615,18.8596
000000074860.jpg,0.0014097400,0.0007283241,0.0021922416,0.0157098770,0.9999994040,33.8270,16.0849
000000075393.jpg,0.0018764706,0.0011882782,0.0026846414,0.0292623043,0.9999986887,32.7368,16.1436
000000075456.jpg,0.0015401065,0.0011782646,0.0020763581,0.0258960724,0.9999992251,35.6641,16.2083
000000075612.jpg,0.0015497064,0.0010113120,0.0021696514,0.0306377411,0.9999993443,72.1892,27.3348
000000076211.jpg,0.0020055552,0.0019006729,0.0023423964,0.0154757500,0.9999987483,70.7504,26.1758
000000076261.jpg,0.0002355838,0.0000000000,0.0005927985,0.0273995399,0.9999946356,35.1528,15.5452
000000076416.jpg,0.0016444038,0.0009979606,0.0023896319,0.0443563461,0.9999994636,71.4766,27.5803
000000076417.jpg,0.0009627761,0.0004867315,0.0017726590,0.0343166590,0.9999985099,72.3576,27.3527
000000076468.jpg,0.0013323041,0.0005936623,0.0021971525,0.0373096466,1.0000000000,72.8381,27.4276
000000076547.jpg,0.0015366968,0.0011589527,0.0020785583,0.0548737049,0.9999988079,72.0556,27.3198
000000076625.jpg,0.0012108330,0.0007449389,0.0017408390,0.0275511742,0.9999994040,71.4134,27.4118
000000076731.jpg,0.0029728464,0.0024814606,0.0036808441,0.0225790739,0.9999984503,35.4750,14.2842
000000077396.jpg,0.0012642598,0.0008029938,0.0019266447,0.0374321938,0.9999996424,71.7924,27.4024
000000077460.jpg,0.0001998118,0.0000000000,0.0006708883,0.0130515695,1.0000000000,33.8683,18.2755
000000077595.jpg,0.0018789526,0.0012025833,0.0025884178,0.0271415710,0.9999994040,33.7203,16.2642
000000078032.jpg,0.0012969753,0.0005677789,0.0021891792,0.0234933496,0.9999976158,27.9368,13.8055
000000078170.jpg,0.0034054725,0.0026413202,0.0046923198,0.1397615671,0.9999974966,48.2114,18.8733
000000078266.jpg,0.0021429958,0.0015935898,0.0031005139,0.0541667938,0.9999991059,32.9970,24.7202
000000078404.jpg,0.0017146561,0.0011635423,0.0023350304,0.0304853916,0.9999990463,39.2052,46.4317
000000078420.jpg,0.0015269713,0.0010149479,0.0022104527,0.0302929878,0.9999995232,71.1660,27.5496
000000078426.jpg,0.0016009595,0.0012110472,0.0021166110,0.0254410505,0.9999994636,32.8500,15.8592
000000078565.jpg,0.0010612787,0.0001585484,0.0021981394,0.0184640884,0.9999990463,70.8334,26.2353
000000078748.jpg,0.0017376582,0.0012032986,0.0025613774,0.0357222557,0.9999993443,72.1459,27.4590
000000078823.jpg,0.0012970082,0.0006227493,0.0020353766,0.0290706158,0.9999995828,72.1669,27.4061
000000078843.jpg,0.0013186214,0.0009529591,0.0019468608,0.0384786129,0.9999988079,72.1174,27.6592
000000078915.jpg,0.0017081624,0.0007237196,0.0027294606,0.0451521873,0.9999995232,72.5945,28.2751
000000078959.jpg,0.0017824321,0.0010464191,0.0028551917,0.0429584980,1.0000000000,27.9630,25.1405
000000079014.jpg,0.0014342981,0.0011718273,0.0018852787,0.0140104294,0.9999988675,30.7641,14.2707
000000079031.jpg,0.0012907305,0.0007555485,0.0019605476,0.0250096619,0.9999993443,32.6389,15.6790
000000079034.jpg,0.0011151058,0.0005669594,0.0017805044,0.0465145111,0.9999995232,71.5492,27.2934
000000079144.jpg,0.0011418016,0.0006735325,0.0016972955,0.0266381502,0.9999999404,80.5340,28.1893
000000079188.jpg,0.0008130636,0.0002748966,0.0013914601,0.0370826721,1.0000000000,74.0029,28.3297
000000079229.jpg,0.0017522486,0.0008572340,0.0025902954,0.0333685875,0.9999994636,33.0449,15.5580
000000079408.jpg,0.0015688078,0.0009756088,0.0024878657,0.0844292641,0.9999991655,34.1635,15.4519
000000079565.jpg,0.0005576568,0.0000388958,0.0011912441,0.0325462818,1.0000000000,38.7869,24.0176
000000079588.jpg,0.0015181837,0.0014722347,0.0019714935,0.0460742414,1.0000000000,71.8375,27.5491
000000079651.jpg,0.0012431304,0.0008715391,0.0016980831,0.0230600834,0.9999996424,73.2914,27.5935
000000079837.jpg,0.0007217153,0.0001028313,0.0013366860,0.0314458013,1.0000000000,33.2439,15.7901
000000079969.jpg,0.0028625745,0.0013813972,0.0040973821,0.0453126431,0.9999996424,33.2300,15.8753
000000080022.jpg,0.0009353764,0.0006730556,0.0013041550,0.0258369446,0.9999985099,32.6457,15.6078
000000080057.jpg,0.0030818700,0.0028896332,0.0037160520,0.0340727568,1.0000000000,31.4817,24.7978
000000080153.jpg,0.0024856804,0.0017501712,0.0034322822,0.0222312808,0.9999998212,32.6162,16.1257
000000080273.jpg,0.0010719165,0.0006835461,0.0017455450,0.0337595940,0.9999996424,32.5918,16.2008
000000080274.jpg,0.0012130678,0.0007941723,0.0017534744,0.0375678539,0.9999994040,72.1015,27.9367
000000080340.jpg,0.0015558569,0.0010681152,0.0021854565,0.0306557417,0.9999993443,43.4350,18.9612
000000080413.jpg,0.0018773194,0.0010030270,0.0030433857,0.0391738415,0.9999995828,71.8004,27.4050
000000080659.jpg,0.0011617937,0.0008924007,0.0016909470,0.0254135132,1.0000000000,32.5941,15.4339
000000080666.jpg,0.0018035128,0.0010137558,0.0028572488,0.0607582331,0.9999988675,49.5249,18.8534
000000080671.jpg,0.0016802924,0.0007832050,0.0026196397,0.0164865255,0.9999996424,32.4360,15.4157
000000080932.jpg,0.0021040074,0.0012313724,0.0029472027,0.0565669537,0.9999994636,73.3464,28.1860
000000080949.jpg,0.0020259956,0.0014672279,0.0027391901,0.0466501713,0.9999988675,82.2067,28.8675
000000081061.jpg,0.0012664638,0.0009531975,0.0017052104,0.0227818489,0.9999998808,82.4412,28.9846
000000081394.jpg,0.0017457120,0.0013036728,0.0023803723,0.0435624123,0.9999991655,71.3225,27.6718
000000081594.jpg,0.0012660418,0.0008763969,0.0018427033,0.0284185410,0.9999994040,73.6851,28.2313
000000081738.jpg,0.0017230586,0.0011198521,0.0025084170,0.0563721657,0.9999993443,71.7588,27.6329
000000081766.jpg,0.0015636561,0.0009945631,0.0022532674,0.0280580521,0.9999995828,72.2700,27.6793
000000081988.jpg,0.0005578556,0.0000510216,0.0011388011,0.0233535767,0.9999992847,32.7835,15.8754
000000082085.jpg,0.0014439637,0.0008921623,0.0020883942,0.0273246765,0.9999992251,32.8145,15.9649
000000082180.jpg,0.0018273686,0.0012269020,0.0026092196,0.0405740738,0.9999986887,32.6242,17.4703
000000082688.jpg,0.0013386285,0.0009409562,0.0018794724,0.0257672071,0.9999997020,32.7963,15.9315
000000082696.jpg,0.0013586342,0.0009051561,0.0019077612,0.0238509178,0.9999995232,32.8384,15.7432
000000082715.jpg,0.0013876513,0.0009860992,0.0018070736,0.0152562857,0.9999995232,32.7986,15.7018
000000082765.jpg,0.0017611716,0.0009332895,0.0025310765,0.0136466622,0.9999997020,33.0655,15.4690
000000082807.jpg,0.0015474532,0.0010156631,0.0022438611,0.0517792702,1.0000000000,55.1732,39.7787
000000082812.jpg,0.0017418512,0.0012738705,0.0025743276,0.1508685350,0.9999979138,27.2630,25.5364
000000082821.jpg,0.0013963995,0.0008364916,0.0020139550,0.0107973814,0.9999994040,32.2576,16.2225
000000082846.jpg,0.0013395702,0.0007433891,0.0019919062,0.0618695617,0.9999996424,79.8635,28.6210
000000082986.jpg,0.0008056879,0.0002582073,0.0023674364,0.1201505661,0.9999961257,80.9407,28.4906
000000083113.jpg,0.0012163171,0.0006445348,0.0020016029,0.0606911182,0.9999994040,71.7194,27.5407
000000083172.jpg,0.0016864312,0.0015161037,0.0020655454,0.0241909027,0.9999996424,34.6441,15.9154
000000083531.jpg,0.0022515228,0.0019207001,0.0028669941,0.0280852318,0.9999995828,26.0744,12.8242
000000083540.jpg,0.0011494677,0.0008404255,0.0015745481,0.0496665239,0.9999992251,80.9811,28.5068
000000084031.jpg,0.0010516471,0.0004768372,0.0017301802,0.0311322212,0.9999995828,33.2810,15.9887
000000084170.jpg,0.0015315766,0.0010992289,0.0021875584,0.0509006977,0.9999997020,72.4354,27.3905
000000084241.jpg,0.0019785680,0.0011457801,0.0029185358,0.0432283878,0.9999988079,31.0468,14.1405
000000084270.jpg,0.0017761493,0.0011556149,0.0024789565,0.0511209965,0.9999994040,71.7541,27.6560
000000084362.jpg,0.0019827152,0.0007704496,0.0034128467,0.0276074409,0.9999997020,71.8810,27.5758
000000084431.jpg,0.0013326540,0.0006923676,0.0020612665,0.0503557920,0.9999999404,28.1819,13.9251
000000084477.jpg,0.0011524899,0.0005003214,0.0019454716,0.0381007195,0.9999986887,33.0907,24.1913
000000084492.jpg,0.0009941509,0.0004144907,0.0017630234,0.0380034447,1.0000000000,32.2304,22.8303
000000084650.jpg,0.0027458447,0.0027213097,0.0031891826,0.0431554317,0.9999983907,72.1505,27.2847
000000084664.jpg,0.0025649827,0.0018055439,0.0033141249,0.0169157982,0.9999993443,50.9509,18.7488
000000084674.jpg,0.0024233635,0.0019154549,0.0032458291,0.0586979389,0.9999998808,72.9326,28.0398
000000084752.jpg,0.0006409095,0.0000000000,0.0013523166,0.0410026759,0.9999969602,32.4301,15.7634
000000085089.jpg,0.0018577605,0.0012690127,0.0027040197,0.0317212343,0.9999985695,32.4198,15.6411
000000085157.jpg,0.0018529078,0.0011405945,0.0027161778,0.0603432655,0.9999993443,72.7467,27.5162
000000085195.jpg,0.0024936942,0.0018489361,0.0031848291,0.0429182053,0.9999993443,72.4521,27.1459
000000085329.jpg,0.0023428770,0.0020900369,0.0028314039,0.0257225037,0.9999984503,81.4644,28.6157
000000085376.jpg,0.0013147172,0.0006480217,0.0021023781,0.0452098846,0.9999971390,73.0519,28.1430
000000085478.jpg,0.0019953086,0.0012823343,0.0027527695,0.0368022919,0.9999997020,31.9233,14.7187
000000085576.jpg,0.0016918493,0.0011584759,0.0023247742,0.0163326263,0.9999994636,41.0670,19.2454
000000085665.jpg,0.0028125027,0.0023133159,0.0036177898,0.0326904058,0.9999850392,70.8795,26.8351
000000085682.jpg,0.0006710999,0.0002094507,0.0012432192,0.0217127800,1.0000000000,32.4567,15.9828
000000085772.jpg,0.0007964403,0.0005125999,0.0012574841,0.0265927315,0.9999997020,32.9516,16.0034
000000085823.jpg,0.0016285112,0.0012581348,0.0022124876,0.0393782854,0.9999987483,34.1344,16.1261
000000085911.jpg,0.0019269378,0.0010497570,0.0028020015,0.0180397034,0.9999997616,30.9822,14.3903
000000086220.jpg,0.0010869182,0.0005974770,0.0017185338,0.0219029784,0.9999991059,32.3723,18.9452
000000086483.jpg,0.0016169050,0.0008854866,0.0024018264,0.0546627045,0.9999998808,38.7244,18.8995
000000086582.jpg,0.0018298093,0.0011890531,0.0026968301,0.0262484550,1.0000000000,32.4295,16.2348
000000086755.jpg,0.0016266801,0.0010046959,0.0023577404,0.0221471786,0.9999992251,71.9924,27.2281
000000086956.jpg,0.0013827175,0.0010097027,0.0018708589,0.0298392773,0.9999999404,73.0378,28.4270
000000087038.jpg,0.0010914367,0.0004438162,0.0019768109,0.0327867270,0.9999983311,71.2433,27.3347
000000087144.jpg,0.0013786175,0.0008983612,0.0020761993,0.0321304202,0.9999993443,72.0854,27.4892
000000087244.jpg,0.0014184958,0.0009800196,0.0019811993,0.0446972847,0.9999996424,45.6893,18.2180
000000087470.jpg,0.0012949994,0.0006637573,0.0019644550,0.0377507210,0.9999992847,72.2741,27.7407
000000087476.jpg,0.0015653600,0.0009555817,0.0022625001,0.0251231194,0.9999971986,32.3281,16.1123
000000087742.jpg,0.0038804540,0.0029584169,0.0053331945,0.0472326279,0.9999992251,41.7003,51.0557
000000087875.jpg,0.0009048392,0.0005350113,0.0014950997,0.0324364901,1.0000000000,71.1211,27.3904
000000088040.jpg,0.0037315399,0.0037504435,0.0040568430,0.0248515606,0.9999955297,32.5123,15.9665
000000088218.jpg,0.0003811721,0.0000000000,0.0010799937,0.0328731239,0.9999995232,72.9685,28.6950
000000088250.jpg,0.0012464932,0.0007069111,0.0019616105,0.0361094475,0.9999979138,32.2176,17.3794
000000088265.jpg,0.0012431383,0.0008430481,0.0018174028,0.0297751427,0.9999996424,32.9034,17.1313
000000088269.jpg,0.0020426943,0.0013580322,0.0028385019,0.0516991615,0.9999982715,72.6951,27.3932
000000088345.jpg,0.0010093810,0.0005606413,0.0015856633,0.0223276317,0.9999985099,35.8085,15.8794
000000088432.jpg,0.0013530531,0.0009140968,0.0019555036,0.0364096165,0.9999994636,72.8848,28.3135
000000088462.jpg,0.0011162412,0.0007170439,0.0016236110,0.0223864317,0.9999990463,27.9802,14.4809
000000088485.jpg,0.0009536021,0.0006316900,0.0014828389,0.0253171921,1.0000000000,35.6326,15.8736
000000088848.jpg,0.0012079322,0.0007996559,0.0017393335,0.0376806259,0.9999998808,48.9752,18.8733
000000088951.jpg,0.0013007558,0.0010300875,0.0017282316,0.0270431042,0.9999989271,38.9950,18.9403
000000088970.jpg,0.0015424219,0.0008034706,0.0023283898,0.0256264210,0.9999995828,32.6910,15.4061
000000089045.jpg,0.0016047776,0.0010524988,0.0022608207,0.0365648270,0.9999998808,32.4372,15.3147
000000089078.jpg,0.0015413036,0.0012011528,0.0020479481,0.0202368498,0.9999992251,72.2953,28.5204
000000089271.jpg,0.0019320637,0.0014686584,0.0027389207,0.0462661088,0.9999998808,68.1512,26.0572
000000089296.jpg,0.0014011459,0.0010604858,0.0019300634,0.0327819586,0.9999985099,32.8387,20.8781
000000089556.jpg,0.0024984588,0.0018973351,0.0034815238,0.0375547409,1.0000000000,73.7944,27.5428
000000089648.jpg,0.0017599521,0.0012238622,0.0023871989,0.0287499428,0.9999995828,32.4970,15.6747
000000089670.jpg,0.0023552408,0.0020203590,0.0029026119,0.0196248293,0.9999994636,35.2688,24.8830
000000089697.jpg,0.0012778018,0.0008974075,0.0017657396,0.0203727484,0.9999993443,32.4719,16.2560
000000089761.jpg,0.0020128430,0.0013697147,0.0028325727,0.0293292999,0.9999983311,73.3386,28.4368
000000089880.jpg,0.0020858410,0.0015397072,0.0027127825,0.0432931185,0.9999990463,27.2195,13.2685
000000090003.jpg,0.0013574673,0.0006816387,0.0020653682,0.0218217373,0.9999997020,71.8527,27.5245
000000090062.jpg,0.0018681226,0.0015522242,0.0024092828,0.0323247910,0.9999986887,32.8006,16.2346
000000090108.jpg,0.0010389300,0.0006701946,0.0015355116,0.0164742470,0.9999993443,72.8634,27.7286
000000090155.jpg,0.0006405492,0.0001165867,0.0014204255,0.0411912799,1.0000000000,33.6667,15.9817
000000090208.jpg,0.0015167587,0.0010299683,0.0021228169,0.0268409252,0.9999988079,32.7046,20.2288
000000090284.jpg,0.0019879856,0.0010653138,0.0028111115,0.0402345657,0.9999994040,48.5910,19.9497
000000090631.jpg,0.0003601924,0.0000074515,0.0009156518,0.0292483568,0.9999971986,28.2156,13.5735
000000090891.jpg,0.0013071100,0.0010085106,0.0017481110,0.0266144276,0.9999991059,32.5033,15.9088
000000090956.jpg,0.0015570407,0.0007984638,0.0022988773,0.0131037235,0.9999997616,34.2328,15.8233
000000091406.jpg,0.0015246223,0.0009172559,0.0021758708,0.0407612324,0.9999997020,33.0987,15.4763
000000091495.jpg,0.0016562463,0.0009059906,0.0027650036,0.0998015404,0.9999991655,80.8668,32.6581
000000091500.jpg,0.0017294368,0.0013089180,0.0023135256,0.0308909416,0.9999997020,73.5416,27.5989
000000091615.jpg,0.0012162683,0.0008745193,0.0016832981,0.0346746445,0.9999999404,32.6809,20.0235
000000091619.jpg,0.0014120977,0.0009382963,0.0020497607,0.0326261520,0.9999992251,32.5483,16.0615
000000091654.jpg,0.0018305556,0.0013587475,0.0025472187,0.0393088460,0.9999985695,72.1431,27.4350
000000091779.jpg,0.0026923800,0.0020509213,0.0035101380,0.0197672844,0.9999996424,71.9747,27.4868
000000091921.jpg,0.0011899564,0.0003888905,0.0022659022,0.1221601963,0.9999998808,72.1469,27.4268
000000092053.jpg,0.0033002510,0.0024166107,0.0048651299,0.2913508415,0.9999975562,32.5325,15.3437
000000092091.jpg,0.0021602628,0.0009788275,0.0032951524,0.0355737209,0.9999994636,71.6573,27.6147
000000092124.jpg,0.0025719067,0.0008898973,0.0049675363,0.0802779198,0.9999988079,27.1607,13.5275
000000092177.jpg,0.0020728300,0.0016071796,0.0026923520,0.0468273163,0.9999989867,52.9878,23.0994
000000092416.jpg,0.0011690777,0.0005459785,0.0018912829,0.0367600918,1.0000000000,73.3126,28.3385
000000092660.jpg,0.0018239863,0.0012198091,0.0025331250,0.0167026520,0.9999992251,32.6726,16.2737
000000092839.jpg,0.0015255848,0.0007070303,0.0027851209,0.0864248276,0.9999997020,69.6887,26.0412
000000092939.jpg,0.0012032622,0.0006196499,0.0019100715,0.0282659531,0.9999996424,32.4626,15.5715
000000093154.jpg,0.0010550398,0.0006070137,0.0016587462,0.0509793758,1.0000000000,32.3926,15.3319
000000093261.jpg,0.0019890000,0.0011961460,0.0028465893,0.0192170143,0.9999997616,39.4831,18.7367
000000093353.jpg,0.0025211452,0.0022153854,0.0031848471,0.0447078943,1.0000000000,72.3045,27.4367
000000093437.jpg,0.0020536778,0.0017448068,0.0024961543,0.0344696045,0.9999995232,33.6436,13.1977
000000093717.jpg,0.0012497545,0.0007493496,0.0018789792,0.0427147150,0.9999995828,32.5673,17.0320
000000093965.jpg,0.0013188544,0.0008103848,0.0019347280,0.0466834307,0.9999998212,79.7206,28.3421
000000094157.jpg,0.0007423038,0.0000541210,0.0013306381,0.0211318731,0.9999946952,27.5940,13.8698
000000094185.jpg,0.0012115611,0.0009585619,0.0016271428,0.0336700678,0.9999984503,71.8043,27.3394
000000094326.jpg,0.0013086966,0.0008816719,0.0018846566,0.0336761475,0.9999997616,38.7771,19.1057
000000094336.jpg,0.0014892840,0.0010108948,0.0021219950,0.0443942547,0.9999992847,32.6120,15.8098
000000094614.jpg,0.0012120138,0.0006573200,0.0018944384,0.0237514973,1.0000000000,32.4689,16.9908
000000094751.jpg,0.0009560015,0.0004028678,0.0016736278,0.0363727733,0.9999995828,38.7524,24.8885
000000094852.jpg,0.0011430698,0.0005970001,0.0018690387,0.0213506222,0.9999997616,69.3224,26.2649
000000094871.jpg,0.0019969079,0.0012443066,0.0028215447,0.0245001316,1.0000000000,72.4367,28.4232
000000094944.jpg,0.0009709500,0.0002853274,0.0017240543,0.0217475891,1.0000000000,32.9319,19.5645
000000095069.jpg,0.0005545931,0.0001195669,0.0010268280,0.0280030966,0.9999983907,38.9928,18.5708
000000095155.jpg,0.0015784833,0.0006504059,0.0025802790,0.0159497261,0.9999991059,32.4536,15.9819
000000095707.jpg,0.0029587636,0.0022361279,0.0038353973,0.0597792864,0.9999990463,27.8690,13.2391
000000095786.jpg,0.0019307715,0.0014212132,0.0025721062,0.0429027081,0.9999990463,33.1250,16.1018
000000095843.jpg,0.0018025992,0.0010614395,0.0030285974,0.1831355095,0.9999951124,31.4984,14.8953
000000095862.jpg,0.0017360157,0.0006886721,0.0033794269,0.0356168747,0.9999994040,39.1270,19.0549
000000095899.jpg,0.0007235566,0.0000000000,0.0014758317,0.0334928036,0.9999957681,72.1290,27.4350
000000096001.jpg,0.0026748399,0.0017181635,0.0038604166,0.0359454155,0.9999969006,32.3274,16.6630
000000096427.jpg,0.0010844140,0.0006520748,0.0018384500,0.0626325607,0.9999997020,32.9070,16.3671
000000096493.jpg,0.0020290522,0.0012137890,0.0028478312,0.0136790276,0.9999991655,32.6981,18.1619
000000096549.jpg,0.0012304143,0.0004544258,0.0020432009,0.0294470787,0.9999979138,36.8018,52.2769
000000096825.jpg,0.0013062153,0.0010228157,0.0017120121,0.0167771578,0.9999995828,70.4019,26.2040
000000096960.jpg,0.0011447890,0.0007278919,0.0017231235,0.0938612223,0.9999988675,72.3681,27.3330
000000097022.jpg,0.0012178125,0.0009675026,0.0015989781,0.0199785233,0.9999986887,32.5204,16.0776
000000097230.jpg,0.0009057657,0.0003502369,0.0015278173,0.0226018429,0.9999960065,72.6903,27.4304
000000097278.jpg,0.0016454739,0.0010029078,0.0024122761,0.0373063087,0.9999994040,81.5626,29.4077
000000097337.jpg,0.0013775585,0.0005194545,0.0022778220,0.0395196676,0.9999996424,38.9726,18.4787
000000097585.jpg,0.0010939677,0.0008537173,0.0014283018,0.0189374685,0.9999980927,72.8568,28.4552
000000097679.jpg,0.0010879340,0.0004909337,0.0018845944,0.0803914070,1.0000000000,72.3292,27.5112
000000097924.jpg,0.0011198268,0.0006537437,0.0019441586,0.1137952805,0.9999982715,33.1072,16.1479
000000097988.jpg,0.0017492609,0.0012207031,0.0025136727,0.1290332079,0.9999989271,50.0043,18.9274
000000097994.jpg,0.0020841684,0.0018317699,0.0025194874,0.0241556168,0.9999985099,32.7237,16.1560
000000098018.jpg,0.0014153551,0.0008513927,0.0021038079,0.0251088142,0.9999985099,32.5087,16.1748
000000098261.jpg,0.0006205511,0.0000000000,0.0013258177,0.0371683836,0.9999994636,33.7743,16.1188
000000098287.jpg,0.0014275004,0.0006761551,0.0023271732,0.0172910690,0.9999997616,31.3869,15.0253
000000098392.jpg,0.0008427312,0.0002967119,0.0016267793,0.0319600105,0.9999980927,73.3903,28.2356
000000098497.jpg,0.0008857161,0.0004336834,0.0015743187,0.0378861427,0.9999989867,71.4157,27.6443
000000098520.jpg,0.0012886083,0.0002722740,0.0026805426,0.0820844173,1.0000000000,73.0372,27.4864
000000098633.jpg,0.0021817726,0.0016372204,0.0029080280,0.0732724667,0.9999989867,32.3635,16.1681
000000098716.jpg,0.0013280335,0.0007324219,0.0019349635,0.0351072550,0.9999996424,27.8198,13.5108
000000098839.jpg,0.0016952038,0.0012292862,0.0023116965,0.0176277757,0.9999988079,71.7712,27.4714
000000098853.jpg,0.0014783680,0.0007294416,0.0022907818,0.0306817293,0.9999997616,32.5397,16.0622
000000099024.jpg,0.0012667712,0.0008133650,0.0018530001,0.0217962265,0.9999992251,72.4193,27.2904
000000099039.jpg,0.0013784409,0.0005066395,0.0024206699,0.0540359020,1.0000000000,72.1707,27.8892
000000099053.jpg,0.0017680654,0.0011458397,0.0025998594,0.0545399189,0.9999997616,60.7915,24.2663
000000099054.jpg,0.0012612467,0.0004572868,0.0021149409,0.0280876160,1.0000000000,32.7463,15.5560
000000099114.jpg,0.0020338120,0.0013794899,0.0029117507,0.0400085449,0.9999990463,32.7928,15.3978
000000099182.jpg,0.0023235725,0.0017176867,0.0032825000,0.0672931671,0.9999990463,32.4742,15.9262
000000099242.jpg,0.0014706908,0.0012291670,0.0018693926,0.0256454945,0.9999995828,32.7323,22.8722
000000099428.jpg,0.0022399924,0.0018556118,0.0029306554,0.0499950647,0.9999995828,71.5659,27.5026
000000099810.jpg,0.0018448181,0.0012149811,0.0026707242,0.1022604704,0.9999983907,35.7319,15.5322
000000100238.jpg,0.0014373645,0.0010545254,0.0022200241,0.1221102476,0.9999983907,72.7374,27.6048
000000100274.jpg,0.0010811966,0.0006508827,0.0016240863,0.0208985806,0.9999973178,32.9043,15.8824
000000100283.jpg,0.0013007583,0.0002543926,0.0025958254,0.0309026241,0.9999999404,71.9377,27.3982
000000100428.jpg,0.0017829755,0.0012645125,0.0024304460,0.0373184681,0.9999979734,70.7725,26.7063
000000100489.jpg,0.0005596750,0.0000000000,0.0015294582,0.0502117872,0.9999986887,73.1587,28.6343
000000100510.jpg,0.0012963081,0.0007437468,0.0021117667,0.0778404474,0.9999991059,33.0441,16.0576
000000100582.jpg,0.0019170819,0.0012757778,0.0026070015,0.0157594681,0.9999993443,33.1797,25.3571
000000100624.jpg,0.0017935534,0.0009878278,0.0027187881,0.0346477032,0.9999994040,32.3482,16.5513
000000100723.jpg,0.0017156459,0.0013298988,0.0023480870,0.0497999191,0.9999992847,40.0293,24.5093
000000101022.jpg,0.0013398298,0.0009484291,0.0019544642,0.0322029591,0.9999994636,71.9937,28.4086
000000101068.jpg,0.0011476983,0.0006476641,0.0018097268,0.0197308064,0.9999994636,32.4652,21.0595
000000101420.jpg,0.0012610555,0.0008990765,0.0017164695,0.0182181597,0.9999994636,38.3818,18.7585
000000101762.jpg,0.0016358128,0.0013146400,0.0021100193,0.0149283409,0.9999997020,71.9644,27.7745
000000101780.jpg,0.0011947316,0.0008478165,0.0016671844,0.0349084735,0.9999996424,73.3411,28.5715
000000101787.jpg,0.0001626032,0.0000000000,0.0007765603,0.0359892845,0.9999828339,81.5177,29.2892
000000101884.jpg,0.0010710810,0.0008864403,0.0014769156,0.0153096318,0.9999992847,32.7111,16.2030
000000102331.jpg,0.0009316324,0.0005507469,0.0015649237,0.0425482094,0.9999971986,34.6397,17.2370
000000102356.jpg,0.0014129371,0.0009086132,0.0020725126,0.0317816734,0.9999985695,32.5268,16.2719
000000102411.jpg,0.0013072628,0.0009721518,0.0018757982,0.0495533943,1.0000000000,33.4259,16.3159
000000102644.jpg,0.0010440834,0.0008437634,0.0014518375,0.0222027302,0.9999990463,38.9064,18.9412
000000102707.jpg,0.0022773903,0.0013148785,0.0033215631,0.0416045189,0.9999989271,49.3720,26.1951
000000102805.jpg,0.0008523572,0.0002323613,0.0016697705,0.0399837494,0.9999997616,32.3984,25.0694
000000102820.jpg,0.0013741851,0.0008965731,0.0020241973,0.0395312309,0.9999992847,32.4888,15.7133
000000103548.jpg,0.0012402383,0.0006167889,0.0019151985,0.0365439653,1.0000000000,71.7113,27.4215
000000103585.jpg,0.0009581961,0.0007038116,0.0013881624,0.0337371826,0.9999995828,32.4238,16.2104
000000103723.jpg,0.0009237991,0.0003271997,0.0017115539,0.0536427498,0.9999954104,73.8101,28.6328
000000104119.jpg,0.0017199229,0.0014730692,0.0022857564,0.0520855188,0.9999968410,72.8689,27.4290
000000104198.jpg,0.0011779664,0.0004548430,0.0022178523,0.0426085591,1.0000000000,38.6829,18.8889
000000104424.jpg,0.0012146584,0.0004332066,0.0020997771,0.0296447277,1.0000000000,33.1981,16.1162
000000104455.jpg,0.0014023951,0.0008468628,0.0021326814,0.0740993023,0.9999994040,72.2884,27.4549
000000104572.jpg,0.0015716286,0.0011513233,0.0021195193,0.0174689293,0.9999985695,31.9747,14.5668
000000104603.jpg,0.0011664610,0.0007239580,0.0016609571,0.0126162767,0.9999991655,32.5812,17.1083
000000104612.jpg,0.0017847713,0.0011141300,0.0025918360,0.0267419815,0.9999981523,75.6479,27.7107
000000104619.jpg,0.0013425529,0.0008546114,0.0020120020,0.0636290312,0.9999992251,72.4509,27.6459
000000104666.jpg,0.0014231579,0.0010465384,0.0018921768,0.0388014317,0.9999988079,35.3182,15.9929
000000104669.jpg,0.0018588454,0.0013113022,0.0025446971,0.0194860697,0.9999982715,39.2856,19.0900
000000104782.jpg,0.0004139025,0.0000000000,0.0011882075,0.0444601774,1.0000000000,38.8223,18.5105
000000104803.jpg,0.0014041344,0.0010478497,0.0018617921,0.0291883945,0.9999982119,38.6303,18.8481
000000105014.jpg,0.0020698223,0.0015351772,0.0027311149,0.0187978745,0.9999990463,32.7446,23.6978
000000105249.jpg,0.0014443744,0.0006985664,0.0023568217,0.0522599220,0.9999997616,33.1237,15.5134
000000105264.jpg,0.0007286444,0.0001620340,0.0013622716,0.0288300514,0.9999973178,32.6485,24.6219
000000105335.jpg,0.0023952839,0.0021024644,0.0029347870,0.0340695381,0.9999989271,48.1180,19.1185
000000105455.jpg,0.0006030991,0.0000000000,0.0011989222,0.0250902176,0.9999995232,35.5126,16.0470
000000105912.jpg,0.0009680854,0.0004043579,0.0015877211,0.0242115259,1.0000000000,38.9702,18.8876
000000105923.jpg,0.0015637157,0.0012660027,0.0021844474,0.0153713226,0.9999991655,77.6979,27.9357
000000106048.jpg,0.0014704390,0.0010681152,0.0020116093,0.0241911411,0.9999992847,32.5094,15.6510
000000106235.jpg,0.0016396366,0.0009839535,0.0024857589,0.0208857059,0.9999994636,71.8293,27.6447
000000106266.jpg,0.0016120722,0.0011982918,0.0021513375,0.0219713300,0.9999992847,72.1434,27.6295
000000106281.jpg,0.0017838248,0.0011186600,0.0025970286,0.0274839401,0.9999993443,34.1311,16.4640
000000106330.jpg,0.0014291765,0.0008729696,0.0021584947,0.0648658276,0.9999996424,33.5204,16.3467
000000106389.jpg,0.0014516272,0.0010418892,0.0019882293,0.0366411209,0.9999994636,73.3445,27.9805
000000106563.jpg,0.0016188250,0.0013184547,0.0022751708,0.0673513412,0.9999991655,49.8905,18.9361
000000106757.jpg,0.0018286853,0.0015339851,0.0025156259,0.0404014587,0.9999992251,32.8478,16.3118
000000106881.jpg,0.0011494104,0.0006702393,0.0017389657,0.0256954432,0.9999997616,63.3191,24.7896
000000106912.jpg,0.0013862647,0.0003967285,0.0026349847,0.0268918276,1.0000000000,49.2529,18.8960
000000107087.jpg,0.0036409816,0.0033752918,0.0041214721,0.0125286579,0.9999939799,32.7729,15.8430
000000107094.jpg,0.0012949094,0.0011017323,0.0018448476,0.0532435775,0.9999986887,32.7133,15.5421
000000107226.jpg,0.0014549468,0.0009956360,0.0020907556,0.0352191925,0.9999970794,72.9054,29.0615
000000107339.jpg,0.0010128568,0.0006221533,0.0015009914,0.0189582109,0.9999994040,47.4734,18.8683
000000107554.jpg,0.0031022178,0.0021160841,0.0040390696,0.0309662819,0.9999997020,72.9099,27.8275
000000107851.jpg,0.0016235007,0.0004529953,0.0029003334,0.0233942419,0.9999977350,72.7815,27.7893
000000108026.jpg,0.0023427135,0.0014123917,0.0036612388,0.0428071022,0.9999975562,33.1115,19.3792
000000108244.jpg,0.0016583727,0.0011234283,0.0022895937,0.0270323753,0.9999994636,71.8630,27.7479
000000108253.jpg,0.0018670430,0.0014047623,0.0026063458,0.0340372920,0.9999989271,73.1254,28.4117
000000108440.jpg,0.0010897296,0.0006176233,0.0017425048,0.0382531881,0.9999953508,34.4692,16.0217
000000108495.jpg,0.0018024098,0.0010662079,0.0025625648,0.0222415924,0.9999995828,32.6203,16.2635
000000108503.jpg,0.0007367638,0.0003407001,0.0013518325,0.0194182396,0.9999975562,33.5869,15.9231
000000108864.jpg,0.0010289702,0.0002005100,0.0019701887,0.0226781368,0.9999999404,72.5608,27.4368
000000109055.jpg,0.0014612823,0.0010623932,0.0020909556,0.0698705912,0.9999979734,72.6979,27.5738
000000109118.jpg,0.0020761408,0.0015653372,0.0026432748,0.0389556885,0.9999990463,73.6310,28.6861
000000109313.jpg,0.0012172317,0.0006957054,0.0018766179,0.0372731686,0.9999993443,74.7754,28.5342
000000109441.jpg,0.0005089234,0.0001873970,0.0009709159,0.0230677128,1.0000000000,72.1542,27.8688
000000109798.jpg,0.0029078454,0.0029069781,0.0033298286,0.0287358761,0.9999995828,33.7675,16.3424
000000109827.jpg,0.0017757068,0.0013352633,0.0023927875,0.0359997749,0.9999993443,32.9597,16.4002
000000109900.jpg,0.0009739183,0.0003854632,0.0016856930,0.0531001091,0.9999922514,74.4349,27.5254
000000109916.jpg,0.0024727401,0.0017352104,0.0032891338,0.0264449120,0.9999994040,73.0130,27.5683
000000109976.jpg,0.0013051265,0.0009946823,0.0017016014,0.0156223774,0.9999995828,72.8328,27.6189
000000109992.jpg,0.0011982119,0.0006761551,0.0017563016,0.0270218998,0.9999994040,35.3172,19.2200
000000110042.jpg,0.0013839134,0.0010237694,0.0019242272,0.0294487476,0.9999996424,32.7568,16.2706
000000110211.jpg,0.0010204935,0.0004085302,0.0016712890,0.0272121429,0.9999995232,26.6780,13.0359
000000110282.jpg,0.0004733804,0.0001047254,0.0009646926,0.0263991356,0.9999965429,31.3590,14.8084
000000110359.jpg,0.0001002419,0.0000000000,0.0006599524,0.0437399149,1.0000000000,33.1052,16.4713
000000110449.jpg,0.0018689199,0.0011601448,0.0025556094,0.0309237242,0.9999995828,38.8960,18.8948
000000110638.jpg,0.0026213967,0.0020086765,0.0036800432,0.0439500809,0.9999988079,32.6620,37.1156
000000110721.jpg,0.0017898777,0.0013051033,0.0023881705,0.0306120515,0.9999992251,41.1371,18.1979
000000110784.jpg,0.0016151130,0.0010857582,0.0024213167,0.0212643147,0.9999995828,32.3322,15.6640
000000110884.jpg,0.0024769662,0.0015721321,0.0037925111,0.0912778378,0.9999956489,48.9548,18.9384
000000110972.jpg,0.0017428168,0.0009357929,0.0025936149,0.0259891748,0.9999992251,72.8655,27.6143
000000110999.jpg,0.0019497202,0.0011360645,0.0027876301,0.0364246368,0.9999992251,26.9726,19.0734
000000111036.jpg,0.0028664346,0.0023093224,0.0038839227,0.0404272079,0.9999957681,32.2930,16.1286
000000111086.jpg,0.0014633018,0.0009100437,0.0022131151,0.0268878937,0.9999986887,33.2977,15.8084
000000111179.jpg,0.0005021121,0.0001200438,0.0010046870,0.0228469670,0.9999977350,72.9941,28.3233
000000111207.jpg,0.0010476599,0.0006761551,0.0015549025,0.0368775129,0.9999994636,74.5916,28.7052
000000111609.jpg,0.0020041154,0.0014786720,0.0026663896,0.0297060013,0.9999993443,33.0318,15.6683
000000111951.jpg,0.0016758537,0.0014603138,0.0021037846,0.0264737606,0.9999977350,32.6726,15.5332
000000112110.jpg,0.0014816357,0.0011539459,0.0019723147,0.0223883390,0.9999986887,71.9807,27.4396
000000112298.jpg,0.0013462527,0.0011684895,0.0016740672,0.0150897503,0.9999966025,72.5830,27.8991
000000112378.jpg,0.0012111473,0.0007042885,0.0018717719,0.0295872688,1.0000000000,72.7632,27.7214
000000112626.jpg,0.0015331780,0.0009279251,0.0021454468,0.0179811716,0.9999994636,32.1913,15.1490
000000112634.jpg,0.0011443445,0.0005910397,0.0018347336,0.0424544811,0.9999985695,81.8555,28.6608
000000112798.jpg,0.0026444825,0.0021113157,0.0035130496,0.0305442810,0.9999997020,28.1414,14.1718
000000112997.jpg,0.0016457464,0.0012640953,0.0021896483,0.0320929289,0.9999994040,73.8920,28.6884
000000113051.jpg,0.0019703952,0.0013432503,0.0027830352,0.0724644661,0.9999990463,72.1893,27.6835
000000113235.jpg,0.0011303098,0.0003992617,0.0020976060,0.0556901693,0.9999996424,72.5366,27.9336
000000113354.jpg,0.0011287334,0.0005935431,0.0018619933,0.0324480534,1.0000000000,71.9015,27.7988
000000113403.jpg,0.0023762970,0.0020618439,0.0029353306,0.0261371136,0.9999983311,81.4484,28.7482
000000113589.jpg,0.0013776110,0.0010387897,0.0018706124,0.0590392351,0.9999988675,72.5747,27.7214
000000113720.jpg,0.0015460333,0.0007920265,0.0028815633,0.1356487274,0.9999997020,43.7567,23.8214
000000113867.jpg,0.0012918283,0.0008301735,0.0019241078,0.0286365151,1.0000000000,48.3839,18.8449
000000114049.jpg,0.0020496680,0.0012170076,0.0033147256,0.0611367226,0.9999995828,32.7790,16.3367
000000114770.jpg,0.0013183231,0.0009265542,0.0018233679,0.0342286825,0.9999991655,31.1828,14.7813
000000114871.jpg,0.0028909950,0.0018806458,0.0039014004,0.0317492485,0.9999994636,32.9111,16.0537
000000114884.jpg,0.0017162953,0.0009212494,0.0025996142,0.0348148346,0.9999997616,31.4917,14.8673
000000114907.jpg,0.0014847832,0.0012366772,0.0019392900,0.0273451805,0.9999993443,32.7204,16.8115
000000115118.jpg,0.0013865890,0.0010648966,0.0018342055,0.0190544128,1.0000000000,32.7414,24.4940
000000115245.jpg,0.0019019532,0.0013303757,0.0025639175,0.0331950188,0.9999988079,48.2553,24.3854
000000115870.jpg,0.0021490606,0.0017831326,0.0027503448,0.0322120190,0.9999994040,33.0216,15.4397
000000115885.jpg,0.0014841234,0.0009832382,0.0021758156,0.0415772200,0.9999992847,38.8127,18.4797
000000115898.jpg,0.0012419841,0.0008907318,0.0017585822,0.0300518274,0.9999992847,32.5025,15.8663
000000115946.jpg,0.0006191129,0.0002579689,0.0011691436,0.0401351452,0.9999986291,73.8649,28.5500
000000116068.jpg,0.0006423664,0.0000000000,0.0013323814,0.0422943830,0.9999977946,40.3925,19.0687
000000116206.jpg,0.0023678518,0.0018267632,0.0030389265,0.0243072510,0.9999988079,72.7687,27.5195
000000116208.jpg,0.0024635314,0.0016946793,0.0033639222,0.0346593857,0.9999994040,73.9144,27.9168
000000116362.jpg,0.0030848889,0.0022654533,0.0040694741,0.0308136940,0.9999973178,48.3152,19.0394
000000116439.jpg,0.0013143761,0.0009131432,0.0018058748,0.0249606371,0.9999993443,38.2671,16.0533
000000116479.jpg,0.0014002506,0.0008285642,0.0021363168,0.0483754203,0.9999995828,31.4410,18.1898
000000116589.jpg,0.0018300578,0.0011017323,0.0027263863,0.0401480198,0.9999993443,38.8631,19.0514
000000116825.jpg,0.0021195104,0.0016851425,0.0026981188,0.0326910019,0.9999995828,29.0052,13.7134
000000117197.jpg,0.0012758475,0.0008423328,0.0017532582,0.0276989937,0.9999994040,78.4239,27.8440
000000117374.jpg,0.0015071455,0.0012631416,0.0019189130,0.0274195671,0.9999996424,32.5560,15.9008
000000117425.jpg,0.0029130671,0.0023632050,0.0038169289,0.0505666733,0.9999998808,32.6819,18.4686
000000117492.jpg,0.0012136156,0.0006101131,0.0018947074,0.0399584770,0.9999993443,32.9028,15.6376
000000117525.jpg,0.0013847601,0.0010790825,0.0018312912,0.0338947773,0.9999987483,48.7106,19.1015
000000117645.jpg,0.0009536382,0.0006988049,0.0015596886,0.0588879585,0.9999994040,72.9251,27.7089
000000117719.jpg,0.0016128398,0.0010590553,0.0025005997,0.0436873436,0.9999985099,32.9274,16.1012
000000117744.jpg,0.0010736140,0.0007874966,0.0014982118,0.0349688530,0.9999989867,27.1830,13.3528
000000117908.jpg,0.0020560047,0.0018626451,0.0025897645,0.0307238102,0.9999994040,33.7376,15.1267
000000117914.jpg,0.0022313029,0.0018663406,0.0027044644,0.0216820240,0.9999994636,33.5384,16.1716
000000118209.jpg,0.0011008033,0.0007147789,0.0017223923,0.0576639771,0.9999929667,72.5498,27.4856
000000118367.jpg,0.0013993478,0.0010128021,0.0019513390,0.0217859745,0.9999991655,33.0204,16.3119
000000118405.jpg,0.0007714172,0.0003582239,0.0014804252,0.0902209282,1.0000000000,73.1558,27.9879
000000118515.jpg,0.0018857563,0.0016909838,0.0022711796,0.0150847435,0.9999971986,51.6699,47.2184
000000118594.jpg,0.0018714794,0.0013935566,0.0024873991,0.0222216845,0.9999989867,71.9659,27.4618
000000118921.jpg,0.0014988490,0.0010553598,0.0020747418,0.0266615152,0.9999996424,32.8024,16.1706
000000119038.jpg,0.0008959748,0.0003011227,0.0015502193,0.0250210762,1.0000000000,72.6978,27.5206
000000119088.jpg,0.0008008096,0.0004630089,0.0012302988,0.0212845802,0.9999997020,38.8845,24.9169
000000119233.jpg,0.0017519253,0.0011239052,0.0025487076,0.0311698914,0.9999982119,32.7441,16.1447
000000119365.jpg,0.0018137740,0.0010552406,0.0027602026,0.0573375225,0.9999995232,73.6596,28.3632
000000119445.jpg,0.0011725777,0.0007157922,0.0017476920,0.0260460377,0.9999991059,34.2304,16.4671
000000119452.jpg,0.0032768562,0.0028569698,0.0039624870,0.0264599323,0.9999995828,72.9061,27.4998
000000119516.jpg,0.0013371073,0.0007940531,0.0020156053,0.0364921689,1.0000000000,32.5184,16.3089
000000119641.jpg,0.0008611243,0.0005142689,0.0015221630,0.1156024933,0.9999988079,72.7295,27.6520
000000119677.jpg,0.0017370117,0.0012269020,0.0023819655,0.0210390091,0.9999992847,72.2119,27.7805
000000119828.jpg,0.0025738445,0.0022730827,0.0031960451,0.0355322361,0.9999980927,39.1800,18.7463
000000119911.jpg,0.0014598744,0.0011382103,0.0019279234,0.0238463879,0.9999995828,33.6823,15.7380
000000119995.jpg,0.0020037631,0.0012276173,0.0028449702,0.0350843668,0.9999992847,48.4457,22.6177
000000120420.jpg,0.0011986780,0.0007829666,0.0017903001,0.0271251202,0.9999995232,72.8191,27.4668
000000120572.jpg,0.0007175970,0.0002212524,0.0012892419,0.0171740055,1.0000000000,33.5405,16.0170
000000120584.jpg,0.0015387313,0.0012290478,0.0020012397,0.0205292702,0.9999989867,73.9528,28.4802
000000120777.jpg,0.0018536190,0.0012831688,0.0024684784,0.0297076702,0.9999994040,38.9189,23.4065
000000120853.jpg,0.0019456249,0.0013196468,0.0026109749,0.0219407082,0.9999995828,32.6007,15.9417
000000121031.jpg,0.0011751292,0.0007801056,0.0017514952,0.0293769240,0.9999994636,81.8623,28.8587
000000121153.jpg,0.0010057447,0.0004656315,0.0016954523,0.0446939468,0.9999992251,72.7420,27.6412
000000121242.jpg,0.0011362409,0.0005546212,0.0017878580,0.0256619453,1.0000000000,32.4359,16.2007
000000121417.jpg,0.0018088681,0.0011335611,0.0025903771,0.0259121656,0.9999994040,74.6001,28.5462
000000121497.jpg,0.0022787652,0.0010974407,0.0036186697,0.0807099342,0.9999986887,72.2775,27.8007
000000121506.jpg,0.0014442253,0.0007696673,0.0024101818,0.0751235485,0.9999992847,50.0287,18.9655
000000121586.jpg,0.0010033959,0.0006420612,0.0014318450,0.0284831524,0.9999984503,73.5086,27.9627
000000121591.jpg,0.0012068709,0.0007908344,0.0018431004,0.0360894203,1.0000000000,41.2876,26.0026
000000121673.jpg,0.0012418308,0.0008130074,0.0017602973,0.0219559669,0.9999994040,38.6878,19.0860
000000121744.jpg,0.0013630345,0.0009085536,0.0019775073,0.0361990929,0.9999995232,33.0721,15.9375
000000122046.jpg,0.0013237179,0.0009006858,0.0018847972,0.0283634663,0.9999989271,33.0208,16.1594
000000122166.jpg,0.0012477696,0.0008336902,0.0017882449,0.0246040821,0.9999997020,73.0233,27.5289
000000122217.jpg,0.0015991471,0.0011661649,0.0022840372,0.0161485672,0.9999998808,34.9276,16.2284
000000122606.jpg,0.0018189371,0.0013425350,0.0025877014,0.0626757145,1.0000000000,72.7507,27.6022
000000122672.jpg,0.0008585126,0.0005882084,0.0012931788,0.0357124805,0.9999996424,73.6109,27.7718
000000122745.jpg,0.0018992587,0.0003814101,0.0037682487,0.1204121113,0.9999979138,73.1559,28.5804
000000122927.jpg,0.0009660294,0.0003969371,0.0016804128,0.0449581146,0.9999996424,28.2554,24.7665
000000122962.jpg,0.0015006819,0.0010780692,0.0020563970,0.0276286602,0.9999992847,32.3711,22.7220
000000122969.jpg,0.0012145366,0.0007229447,0.0019267786,0.0562617779,0.9999991059,32.7076,16.2660
000000123131.jpg,0.0009663611,0.0002601147,0.0017764899,0.0441508293,0.9999982715,39.4597,15.5643
000000123213.jpg,0.0014280304,0.0007479191,0.0021754671,0.0262969732,0.9999998808,31.0656,14.9606
000000123321.jpg,0.0021349711,0.0016274452,0.0027146679,0.0120258331,0.9999995232,49.9841,19.7186
000000123480.jpg,0.0017862935,0.0016219616,0.0021512988,0.0130925179,0.9999990463,72.6155,27.7445
000000123585.jpg,0.0017298276,0.0011436939,0.0023837180,0.0248293877,0.9999995232,74.5613,28.5084
000000123633.jpg,0.0016202651,0.0010504723,0.0023071161,0.0318763256,0.9999993443,72.6782,27.6847
000000124277.jpg,0.0014654006,0.0008409172,0.0022555573,0.0216259956,0.9999995232,73.8211,27.5604
000000124442.jpg,0.0007474269,0.0001789331,0.0014684377,0.0213990808,0.9999989867,39.7730,18.6251
000000124636.jpg,0.0015718882,0.0011472702,0.0021020353,0.0314754248,0.9999990463,72.4179,27.9530
000000124659.jpg,0.0010980921,0.0007219315,0.0015837468,0.0341249704,0.9999992251,71.9621,27.6580
000000124798.jpg,0.0008768699,0.0004478693,0.0015419809,0.0325201750,0.9999986291,33.1788,16.3456
000000124975.jpg,0.0013322085,0.0008431673,0.0020624446,0.0451294184,0.9999964237,32.8476,16.6912
000000125062.jpg,0.0022735766,0.0018072128,0.0028926786,0.0191576481,0.9999992251,33.1044,16.2198
000000125072.jpg,0.0005608139,0.0000000000,0.0011678558,0.0131237507,1.0000000000,24.3681,23.9971
000000125129.jpg,0.0015787212,0.0011221170,0.0021646849,0.0222356319,0.9999997020,32.3137,15.8786
000000125211.jpg,0.0011188656,0.0004863739,0.0018633327,0.0545058250,0.9999961853,73.1399,27.8169
000000125245.jpg,0.0016067426,0.0010863543,0.0027311482,0.1049602032,0.9999982119,31.3767,25.8572
000000125257.jpg,0.0015945848,0.0007900000,0.0024182871,0.0152492523,0.9999997616,72.3258,27.7011
000000125405.jpg,0.0013531826,0.0006785393,0.0020737480,0.0310075283,0.9999997616,33.0590,16.2623
000000125472.jpg,0.0003306491,0.0000000000,0.0015704251,0.1276670694,0.9999966025,33.2331,15.8684
000000125572.jpg,0.0004796765,0.0000000000,0.0010899764,0.0245708823,0.9999982119,33.3206,23.9434
000000125778.jpg,0.0016964047,0.0010678768,0.0024937475,0.0247178078,0.9999997020,71.8952,27.4096
000000125806.jpg,0.0014392742,0.0007266998,0.0023120844,0.0421797037,0.9999975562,34.4526,21.6417
000000125850.jpg,0.0024331766,0.0020755529,0.0029544232,0.0293960571,0.9999994636,71.0137,26.6721
000000125936.jpg,0.0012154019,0.0007934570,0.0017290252,0.0240721703,0.9999993443,31.5320,14.7725
000000125952.jpg,0.0013223916,0.0009533167,0.0018126771,0.0158636570,0.9999989867,27.4773,13.3624
000000126107.jpg,0.0003084909,0.0000112057,0.0008866439,0.0480374098,0.9999968410,72.4963,27.5517
000000126110.jpg,0.0017635094,0.0015649796,0.0022560651,0.0386080742,0.9999989271,41.5575,19.1270
000000126137.jpg,0.0008694997,0.0005109310,0.0013882543,0.0231332779,0.9999995232,33.1717,15.4475
000000126216.jpg,0.0017494169,0.0012559891,0.0024060355,0.0396609306,0.9999995232,33.1938,15.5289
000000126226.jpg,0.0016885636,0.0012012720,0.0023416900,0.0275001526,0.9999994040,72.5854,27.7718
000000126592.jpg,0.0008157491,0.0004151464,0.0015239468,0.0495693684,1.0000000000,32.7188,15.5896
000000127092.jpg,0.0007915458,0.0003644228,0.0015707950,0.0359588861,0.9999988079,71.9379,27.5026
000000127135.jpg,0.0018556496,0.0012204647,0.0025409376,0.0263531208,0.9999994636,33.2531,16.0363
000000127182.jpg,0.0009461023,0.0006599426,0.0013293762,0.0224268436,0.9999995232,32.7486,24.6998
000000127263.jpg,0.0009789357,0.0005435944,0.0014950242,0.0210926533,0.9999994636,35.3968,15.9996
000000127270.jpg,0.0015929646,0.0009675622,0.0023098257,0.0431846380,0.9999992847,32.5587,14.8077
000000127394.jpg,0.0016713947,0.0011446476,0.0023086683,0.0457110405,0.9999995232,31.6254,14.5264
000000127476.jpg,0.0023433536,0.0018568039,0.0029866239,0.0231745243,0.9999992251,73.2115,28.7824
000000127494.jpg,0.0020748042,0.0014705658,0.0027981233,0.0290555954,0.9999992251,33.1423,26.6040
000000127517.jpg,0.0017599643,0.0013903379,0.0023102714,0.0275833309,0.9999991655,72.2581,27.6808
000000127530.jpg,0.0009822845,0.0007470846,0.0014810374,0.0408517122,0.9999990463,83.1681,29.2869
000000127624.jpg,0.0010776845,0.0001122355,0.0026723351,0.0347638130,0.9999985695,50.6178,18.9703
000000127660.jpg,0.0018730689,0.0016834736,0.0022720012,0.0394358635,0.9999995232,70.1661,26.4219
000000127955.jpg,0.0015511726,0.0008466244,0.0023293395,0.0422065258,0.9999992847,32.8116,16.1064
000000127987.jpg,0.0012335730,0.0006636828,0.0019461737,0.0369759798,0.9999995232,32.7154,16.2509
000000128051.jpg,0.0011944599,0.0007658005,0.0018193338,0.0556824207,1.0000000000,29.4646,13.6888
000000128112.jpg,0.0012765649,0.0006225109,0.0020246303,0.0271646976,1.0000000000,32.7245,18.1886
000000128148.jpg,0.0015934276,0.0011718273,0.0021954763,0.0165095329,0.9999987483,33.4093,16.0478
000000128372.jpg,0.0017656031,0.0010105968,0.0028478869,0.0912773609,0.9999948144,32.9565,19.8045
000000128476.jpg,0.0018432568,0.0013118386,0.0024390456,0.0162391663,0.9999994040,33.3634,16.1243
000000128598.jpg,0.0038584964,0.0035252571,0.0046564434,0.0408594608,0.9999990463,74.3136,28.7228
000000128654.jpg,0.0002182637,0.0000000000,0.0007566833,0.0314832926,1.0000000000,38.9551,18.9774
000000128658.jpg,0.0018792296,0.0012662411,0.0025547859,0.0235142708,0.9999993443,32.6446,24.8708
000000128675.jpg,0.0008477969,0.0002907217,0.0015770594,0.0282444954,0.9999997020,72.0143,27.8794
000000128699.jpg,0.0006459261,0.0000000000,0.0013494209,0.0405642390,0.9999991655,50.4294,46.0376
000000128748.jpg,0.0021870234,0.0017940998,0.0029722638,0.1048848629,0.9999990463,74.8800,56.5828
000000129054.jpg,0.0008113286,0.0003347024,0.0013460211,0.0143383741,0.9999997616,39.1616,18.8251
000000129062.jpg,0.0015934863,0.0006120801,0.0032520143,0.0327388048,0.9999971390,72.9806,27.5724
000000129113.jpg,0.0011085416,0.0008307695,0.0015246506,0.0256748199,0.9999982119,72.6849,27.5372
000000129135.jpg,0.0016066144,0.0009708405,0.0026089097,0.0457997322,0.9999985695,72.8854,27.6185
000000129322.jpg,0.0019614757,0.0007845163,0.0030824651,0.0240492821,0.9999990463,73.0880,28.8400
000000129416.jpg,0.0006515018,0.0002379417,0.0011073727,0.0355778337,0.9999985099,39.0709,18.9131
000000129492.jpg,0.0017631579,0.0011887550,0.0025308880,0.0880723000,0.9999997616,72.9834,28.2462
000000129756.jpg,0.0009810611,0.0004581213,0.0017534394,0.0644655228,0.9999998808,72.1437,28.1211
000000129812.jpg,0.0003827716,0.0000000000,0.0010720006,0.0345035791,0.9999989271,33.1729,15.7241
000000129945.jpg,0.0014718649,0.0008105040,0.0021597079,0.0181312561,0.9999993443,24.0280,12.3025
000000130386.jpg,0.0007404824,0.0003097057,0.0012982525,0.0218528509,1.0000000000,39.2876,18.6310
000000130465.jpg,0.0009131153,0.0003633499,0.0015982197,0.0315949917,1.0000000000,32.8035,16.8269
000000130566.jpg,0.0011549308,0.0004668236,0.0019859322,0.0262479782,0.9999971390,32.9287,16.3578
000000130579.jpg,0.0011999524,0.0006545782,0.0019000737,0.0249636173,0.9999995232,27.9805,13.7842
000000130586.jpg,0.0011546671,0.0003626347,0.0021569473,0.0904364288,1.0000000000,32.3700,15.9679
000000130599.jpg,0.0007968899,0.0004255474,0.0015168962,0.0719519854,0.9999999404,72.6694,28.1177
000000130613.jpg,0.0026200858,0.0020298958,0.0033095053,0.0234956741,0.9999988079,32.8640,16.0096
000000130699.jpg,0.0011328789,0.0006343126,0.0017355995,0.0411555767,0.9999996424,32.6252,16.0847
000000130826.jpg,0.0018468285,0.0012910366,0.0025640368,0.0661401749,0.9999993443,72.3760,27.5353
000000131131.jpg,0.0017362655,0.0013706684,0.0023072539,0.0251264572,0.9999988675,73.2646,27.5703
000000131138.jpg,0.0027692991,0.0014839172,0.0042067338,0.0333511829,0.9999974370,72.6678,27.5026
000000131273.jpg,0.0016242650,0.0012078285,0.0022393581,0.0416326523,1.0000000000,73.3251,28.5063
000000131379.jpg,0.0024183784,0.0018935204,0.0030953155,0.0127067566,0.9999994040,72.3012,27.8939
000000131386.jpg,0.0003151391,0.0000000000,0.0009791635,0.0475175977,1.0000000000,32.6696,15.8973
000000131431.jpg,0.0014471482,0.0010025501,0.0020873463,0.0174140930,1.0000000000,32.6596,15.8718
000000131444.jpg,0.0024389967,0.0017812252,0.0030992192,0.0217089653,0.9999995828,72.9643,28.7967
000000131556.jpg,0.0010385319,0.0003857613,0.0018230721,0.0320609808,0.9999986887,32.5468,15.4328
000000131938.jpg,0.0016178431,0.0013351440,0.0020850070,0.0331348181,0.9999989271,80.6026,28.8899
000000132116.jpg,0.0016308367,0.0012064576,0.0022089696,0.0203413963,0.9999994040,49.5058,18.8300
000000132329.jpg,0.0023327547,0.0017294884,0.0031387198,0.0163925886,0.9999982715,32.7422,15.8653
000000132375.jpg,0.0011815960,0.0006908178,0.0018864276,0.0458065271,1.0000000000,72.1641,27.7208
000000132408.jpg,0.0008649047,0.0003178120,0.0014749679,0.0285035372,1.0000000000,32.9411,15.8066
000000132544.jpg,0.0014726609,0.0009644032,0.0021516732,0.0543562174,0.9999992847,32.6393,16.1394
000000132587.jpg,0.0015336735,0.0009553432,0.0022360124,0.0502805710,0.9999993443,32.6790,16.3712
000000132622.jpg,0.0016456146,0.0010254383,0.0023223762,0.0198395252,0.9999991059,71.1891,26.1900
000000132703.jpg,0.0009976716,0.0002484322,0.0017394577,0.0256469846,0.9999945164,32.6911,15.4873
000000132796.jpg,0.0011335738,0.0007437468,0.0017093376,0.0579977036,0.9999995828,33.7590,15.5478
000000132931.jpg,0.0011173846,0.0006464720,0.0017511377,0.0282160044,0.9999997020,32.4569,15.8464
000000133000.jpg,0.0016454099,0.0009216964,0.0025091621,0.0284407139,1.0000000000,33.1031,15.6882
000000133087.jpg,0.0020464291,0.0013988763,0.0029031644,0.0598243475,0.9999992251,33.5549,15.8388
000000133233.jpg,0.0006783200,0.0001771450,0.0013819417,0.0424752235,1.0000000000,35.2348,24.2055
000000133244.jpg,0.0015104426,0.0006961823,0.0023338671,0.0284171104,0.9999995828,27.0611,13.1138
000000133343.jpg,0.0019427498,0.0015261173,0.0031055354,0.1680493355,0.9999979138,35.4006,14.4922
000000133418.jpg,0.0014884667,0.0007421374,0.0023678881,0.0409965515,0.9999994636,33.3180,16.3146
000000133567.jpg,0.0015845859,0.0008711815,0.0026630270,0.0410475731,0.9999995828,33.2998,16.7786
000000133631.jpg,0.0011745922,0.0007715225,0.0016654995,0.0238902569,0.9999995828,33.2034,16.1208
000000133645.jpg,0.0011149285,0.0005821586,0.0022789342,0.1178449392,0.9999994636,33.9182,15.9329
000000133778.jpg,0.0014243302,0.0009500980,0.0020392076,0.0256903172,0.9999997020,72.6074,29.5649
000000133819.jpg,0.0013869018,0.0008280277,0.0021734124,0.0392609239,0.9999955893,34.0175,16.1682
000000133969.jpg,0.0014763409,0.0009603798,0.0020810619,0.0279254913,0.9999994636,33.2984,16.2013
000000134034.jpg,0.0011103430,0.0006995201,0.0017986610,0.0629299283,0.9999986291,48.5530,22.1745
000000134096.jpg,0.0020353135,0.0008697510,0.0030416027,0.0627427101,0.9999995828,72.0227,27.5246
000000134112.jpg,0.0012063899,0.0007953644,0.0017328801,0.0418155193,1.0000000000,34.1523,17.2787
000000134322.jpg,0.0004575666,0.0000000000,0.0009643739,0.0214700997,0.9999940991,72.5759,27.7031
000000134689.jpg,0.0006692935,0.0001499057,0.0012986829,0.0267976820,0.9999949336,32.3729,15.7842
000000134722.jpg,0.0012073460,0.0004296303,0.0022083498,0.0314388275,1.0000000000,73.3135,27.8077
000000134856.jpg,0.0009289208,0.0007150173,0.0015255628,0.0096435547,1.0000000000,73.3974,27.6138
000000134882.jpg,0.0016517265,0.0007660389,0.0025496306,0.0579671860,0.9999996424,48.2766,26.2814
000000134886.jpg,0.0003677454,0.0000000000,0.0009048347,0.0340089798,1.0000000000,72.4483,27.6132
000000135410.jpg,0.0019194087,0.0007597208,0.0031276003,0.0423741341,0.9999992251,74.2514,28.4674
000000135561.jpg,0.0019497328,0.0017521381,0.0024872806,0.0582904816,0.9999982715,72.8211,27.8517
000000135604.jpg,0.0011648327,0.0006399155,0.0017341352,0.0241668224,1.0000000000,32.7914,15.9610
000000135670.jpg,0.0012030546,0.0008704662,0.0016735697,0.0098452568,0.9999986291,39.0969,19.1071
000000135673.jpg,0.0005075459,0.0002165288,0.0009006339,0.0143489838,0.9999958277,32.7826,24.8729
000000135872.jpg,0.0013484826,0.0009133816,0.0019161970,0.0209075809,0.9999994040,32.6303,24.0891
000000135890.jpg,0.0008553158,0.0002033710,0.0014770516,0.0380613804,1.0000000000,32.9056,21.8667
000000135902.jpg,0.0013614437,0.0010064244,0.0019755710,0.0279194117,0.9999993443,32.9506,16.2525
000000136033.jpg,0.0012898679,0.0005874634,0.0021447905,0.0320997238,0.9999997020,33.1879,16.4664
000000136334.jpg,0.0012401526,0.0005118847,0.0020846734,0.0235333443,0.9999995828,73.2781,27.5682
000000136355.jpg,0.0015086909,0.0012266636,0.0022254225,0.0852482319,0.9999980927,32.7241,16.3993
000000136466.jpg,0.0017385697,0.0014705658,0.0022004992,0.0204741955,0.9999973774,33.0928,15.8844
000000136600.jpg,0.0025499540,0.0016758442,0.0036638016,0.0534510612,0.9999946952,81.0005,29.1509
000000136633.jpg,0.0023550836,0.0015861541,0.0032732121,0.0275892019,0.9999982119,32.8772,16.0625
000000136715.jpg,0.0012125948,0.0007205009,0.0018780631,0.0421915054,0.9999991655,33.7629,15.9792
000000136772.jpg,0.0021409192,0.0017834902,0.0028763765,0.0910981894,0.9999991059,33.0621,16.3148
000000136915.jpg,0.0010294951,0.0007450581,0.0016360662,0.0376560688,0.9999994040,32.8551,16.3642
000000137106.jpg,0.0020553917,0.0008563995,0.0036193742,0.0371670723,0.9999995232,32.8284,17.9764
000000137246.jpg,0.0011393548,0.0006871819,0.0017320731,0.0315887928,0.9999996424,34.1653,16.3754
000000137294.jpg,0.0015878412,0.0011043549,0.0023224088,0.0484925508,0.9999983311,32.9294,16.0685
000000137576.jpg,0.0017570799,0.0008336306,0.0026773845,0.0201668739,0.9999993443,61.4757,24.6190
000000137727.jpg,0.0011096463,0.0007535219,0.0016300377,0.0325710773,0.9999998808,27.2823,14.0422
000000137950.jpg,0.0002921690,0.0000000000,0.0007542440,0.0257687569,1.0000000000,33.8806,14.6583
000000138115.jpg,0.0016776698,0.0015016198,0.0021113039,0.0227143764,0.9999996424,79.3230,29.1982
000000138241.jpg,0.0029191980,0.0022554398,0.0036280532,0.0252894759,0.9999994636,73.1815,28.7749
000000138492.jpg,0.0010635921,0.0006880760,0.0016749246,0.0293600857,1.0000000000,33.0508,15.7156
000000138550.jpg,0.0015760660,0.0013251305,0.0020156258,0.0248637199,0.9999994636,33.0054,15.8572
000000138639.jpg,0.0012526498,0.0005512238,0.0021398680,0.0351257324,1.0000000000,72.3896,27.6314
000000138819.jpg,0.0012282097,0.0006979704,0.0019934559,0.0297188759,0.9999988675,72.7077,27.6331
000000138856.jpg,0.0021242639,0.0016601086,0.0027566312,0.0287002325,0.9999987483,72.6320,27.7798
000000138954.jpg,0.0015239622,0.0010817647,0.0020493316,0.0213949680,0.9999982715,49.1647,19.0373
000000138979.jpg,0.0012901949,0.0008897781,0.0018607267,0.0382308960,0.9999997616,34.4924,16.1898
000000139077.jpg,0.0011772237,0.0007886887,0.0017212175,0.0250959396,0.9999997616,39.3206,18.8926
000000139099.jpg,0.0014487100,0.0008054376,0.0022208842,0.0590078831,0.9999995232,81.3063,28.6724
000000139260.jpg,0.0013734717,0.0008735657,0.0020176289,0.0367143154,0.9999993443,48.4579,24.0777
000000139684.jpg,0.0016015944,0.0008280277,0.0025001881,0.0390448570,0.9999995828,32.1239,15.4240
000000139871.jpg,0.0009018679,0.0003440380,0.0017421267,0.1255795956,1.0000000000,32.6758,15.6889
000000139872.jpg,0.0016722692,0.0012719035,0.0022150357,0.0210206509,0.9999996424,72.8979,27.7317
000000139883.jpg,0.0007541066,0.0002701879,0.0013891893,0.0291717052,0.9999980330,33.0227,16.1442
000000140076.jpg,0.0012938018,0.0009769201,0.0017970873,0.0249295235,0.9999992251,39.6013,18.9399
000000140203.jpg,0.0016325311,0.0012197495,0.0022799151,0.0294666290,0.9999992847,72.4575,28.4116
000000140270.jpg,0.0013425166,0.0007524490,0.0020370334,0.0163500309,1.0000000000,33.5960,17.1608
000000140286.jpg,0.0016079994,0.0011204481,0.0022364133,0.0440138578,0.9999990463,69.2249,26.3831
000000140420.jpg,0.0009420549,0.0005722940,0.0015116294,0.0228042603,0.9999995828,32.8749,16.2130
000000140439.jpg,0.0017297631,0.0010241568,0.0025665266,0.0465841293,0.9999988675,32.8038,15.9165
000000140556.jpg,0.0010297619,0.0006030202,0.0016516041,0.0299992561,0.9999995232,83.0574,28.4940
000000140583.jpg,0.0015960627,0.0011500120,0.0022971253,0.0326290131,1.0000000000,73.5786,27.7839
000000140640.jpg,0.0017857426,0.0013775826,0.0024344365,0.0258301497,0.9999985695,32.9030,16.0940
000000140658.jpg,0.0013223140,0.0007324219,0.0020797851,0.0411516428,1.0000000000,73.5201,28.3733
000000140840.jpg,0.0011339707,0.0002854913,0.0019866989,0.0245733261,1.0000000000,27.6104,14.0347
000000140929.jpg,0.0014359035,0.0007393360,0.0023874647,0.0456293821,0.9999992251,31.5247,14.1497
000000140987.jpg,0.0017389096,0.0009534359,0.0027139138,0.0285611153,0.9999994636,32.6545,15.7531
000000141328.jpg,0.0015115782,0.0010390282,0.0021509621,0.0496391654,0.9999977350,72.2349,27.6122
000000141597.jpg,0.0014136372,0.0010280609,0.0019735491,0.0804460049,0.9999990463,32.8032,16.2626
000000141671.jpg,0.0019495186,0.0012073517,0.0028578532,0.0265276432,0.9999997020,24.7991,12.7673
000000141821.jpg,0.0017870663,0.0012302399,0.0025055441,0.0315957069,1.0000000000,72.6511,27.5277
000000142092.jpg,0.0021231922,0.0016925335,0.0027981878,0.0353656709,0.9999983907,72.8298,27.6116
000000142238.jpg,0.0011884135,0.0005300045,0.0019285120,0.0305721760,0.9999995828,33.4229,16.4526
000000142324.jpg,0.0017085747,0.0010046959,0.0024721217,0.0459370613,1.0000000000,73.0266,27.6557
000000142472.jpg,0.0007200076,0.0003151000,0.0015447631,0.0500599444,0.9999977946,72.7415,27.6594
000000142585.jpg,0.0015924642,0.0006768107,0.0029734450,0.1681437492,0.9999997616,39.3819,19.0669
000000142620.jpg,0.0014918485,0.0009031296,0.0022300868,0.0253820419,0.9999991059,33.1227,16.4162
000000142790.jpg,0.0010858338,0.0005545616,0.0017350109,0.0329145193,0.9999985695,39.6901,19.0144
000000142971.jpg,0.0013975427,0.0007205009,0.0020958465,0.0199244022,0.9999994636,32.8997,15.4805
000000143068.jpg,0.0004482238,0.0000000000,0.0010367415,0.0308156013,0.9999987483,14.5800,10.7550
000000143556.jpg,0.0011662841,0.0004642010,0.0020176314,0.0587825775,0.9999996424,73.3810,28.8154
000000143572.jpg,0.0012971507,0.0003649294,0.0028136794,0.0895230770,0.9999990463,36.5177,15.7705
000000143931.jpg,0.0026055523,0.0022063255,0.0034123941,0.0598037243,1.0000000000,72.7766,27.6123
000000143961.jpg,0.0017116728,0.0012181997,0.0024981762,0.1094210148,0.9999986887,28.9981,13.8663
000000143998.jpg,0.0020927356,0.0018818378,0.0025314370,0.0298738480,0.9999982119,49.2838,19.1264
000000144003.jpg,0.0020599244,0.0013647079,0.0028594995,0.0339446068,0.9999995828,39.5768,19.0494
000000144114.jpg,0.0006359639,0.0000055432,0.0016339574,0.0326291323,0.9999993443,32.7527,16.4629
000000144300.jpg,0.0019740630,0.0016345978,0.0026410136,0.0676864386,1.0000000000,32.8362,19.5496
000000144333.jpg,0.0015194959,0.0010173321,0.0022057616,0.0436935425,0.9999973178,34.0474,16.3522
000000144706.jpg,0.0004200004,0.0000706911,0.0008627789,0.0260214806,0.9999982715,73.0463,27.7119
000000144784.jpg,0.0021019056,0.0014426112,0.0029190537,0.0439039469,0.9999990463,39.0547,19.2231
000000144798.jpg,0.0019669526,0.0016293526,0.0025890432,0.0247647762,0.9999982119,32.6642,15.7348
000000144932.jpg,0.0010387795,0.0002913475,0.0018583110,0.0190628171,1.0000000000,33.1521,18.6413
000000144984.jpg,0.0024835137,0.0019245148,0.0032544483,0.0499024391,0.9999997020,32.7604,15.9854
000000145020.jpg,0.0021390878,0.0012450218,0.0031797441,0.0374041796,0.9999988079,27.6471,14.3395
000000145591.jpg,0.0009185777,0.0001736619,0.0016828837,0.0405709743,0.9999997616,72.7770,27.8321
000000145597.jpg,0.0021850783,0.0014123917,0.0030943088,0.0584962368,0.9999998808,74.1476,27.7356
000000145620.jpg,0.0017591689,0.0008451939,0.0030284130,0.0465844870,0.9999995232,83.8976,28.9926
000000145665.jpg,0.0021379720,0.0012941360,0.0029787149,0.0149495602,0.9999994636,33.2003,16.3818
000000145781.jpg,0.0024081033,0.0018272400,0.0032441707,0.0606918335,0.9999994040,73.5118,27.6730
000000146155.jpg,0.0017963730,0.0012350082,0.0025141053,0.0525336266,0.9999997020,70.2723,26.5742
000000146358.jpg,0.0013349293,0.0008778572,0.0019031186,0.0229258537,0.9999990463,27.8367,14.0446
000000146363.jpg,0.0010719482,0.0004655719,0.0018226099,0.0264978409,1.0000000000,39.2528,23.3477
000000146457.jpg,0.0022749719,0.0018992424,0.0029032452,0.0349714756,0.9999995232,73.5656,27.9958
000000146489.jpg,0.0017943780,0.0012264252,0.0025906863,0.0726496130,0.9999993443,72.9867,27.8396
000000146498.jpg,0.0009545197,0.0003070235,0.0018268334,0.0823832750,0.9999970198,72.5968,27.6820
000000146667.jpg,0.0016127641,0.0011587143,0.0023276363,0.0639798641,1.0000000000,63.2459,24.9018
000000146825.jpg,0.0014004781,0.0009660721,0.0020044725,0.0570955276,0.9999992251,24.3466,12.0486
000000146831.jpg,0.0012824325,0.0008435249,0.0018725268,0.0322315693,0.9999985099,33.5485,15.5687
000000147205.jpg,0.0026047558,0.0020323396,0.0032557759,0.0577408075,0.9999992847,82.8180,28.9666
000000147223.jpg,0.0024486780,0.0018320084,0.0032897822,0.0581538677,0.9999990463,29.3752,13.8632
000000147338.jpg,0.0012431360,0.0008010864,0.0020187777,0.0868232250,1.0000000000,73.5833,28.6263
000000147415.jpg,0.0022322461,0.0015233159,0.0031290802,0.0502328873,0.9999995232,72.1875,27.7497
000000147498.jpg,0.0004028149,0.0000000000,0.0009842787,0.0177456439,1.0000000000,72.8836,26.3207
000000147518.jpg,0.0011926057,0.0009059906,0.0016398688,0.0422975421,0.9999989271,73.4516,28.6609
000000147725.jpg,0.0011898931,0.0007433891,0.0019067598,0.0431101322,1.0000000000,31.6357,14.1297
000000147729.jpg,0.0023010264,0.0018506050,0.0029405737,0.0468912125,0.9999994636,39.2083,18.7033
000000147740.jpg,0.0013958552,0.0009273887,0.0020524210,0.0240532160,0.9999999404,73.3806,27.6887
000000147745.jpg,0.0013971602,0.0008678436,0.0022097954,0.0725139380,0.9999994040,72.5782,27.8227
000000148508.jpg,0.0014885103,0.0005462170,0.0028730310,0.0454552174,0.9999996424,33.2209,15.4645
000000148620.jpg,0.0020506876,0.0016655922,0.0026507340,0.0236944631,0.9999995828,39.1441,18.6203
000000148662.jpg,0.0023585039,0.0013101101,0.0036379285,0.0240689516,0.9999986291,72.3900,27.8859
000000148707.jpg,0.0011620590,0.0009789467,0.0015090497,0.0401847363,0.9999982715,73.0303,28.0582
000000148719.jpg,0.0014608757,0.0009946823,0.0020653459,0.0465393066,0.9999994636,72.9652,27.5835
000000148730.jpg,0.0008839149,0.0003588200,0.0014512755,0.0252847672,0.9999967813,33.6697,15.9598
000000148739.jpg,0.0017598456,0.0014660358,0.0023386616,0.0242896080,0.9999993443,32.6998,15.8059
000000148783.jpg,0.0014616635,0.0007640123,0.0023516801,0.0531934500,0.9999995828,82.3676,30.3895
000000148957.jpg,0.0021505840,0.0016843081,0.0028327596,0.0402729511,0.9999982715,72.8462,27.9154
000000148999.jpg,0.0007851778,0.0004708767,0.0012977746,0.0312831402,1.0000000000,36.8645,22.5158
000000149222.jpg,0.0027137534,0.0024253726,0.0033095519,0.0543231964,0.9999983907,38.8933,18.9026
000000149375.jpg,0.0009812717,0.0005340576,0.0015684549,0.0285773277,0.9999997020,72.8507,27.6835
000000149406.jpg,0.0009176084,0.0006108284,0.0014469946,0.0431046486,0.9999995828,49.0848,19.0203
000000149568.jpg,0.0016513265,0.0010402203,0.0023768747,0.0268661976,0.9999990463,62.0480,25.7958
000000149622.jpg,0.0010179440,0.0007294416,0.0014941581,0.0294219255,0.9999990463,80.8241,28.7849
000000149770.jpg,0.0022947260,0.0016761720,0.0031303607,0.0318076611,0.9999990463,35.4443,24.9781
000000150224.jpg,0.0011047651,0.0006830692,0.0018456915,0.0336353779,0.9999966025,32.4173,15.5799
000000150265.jpg,0.0017089919,0.0008583069,0.0028963818,0.0284439325,0.9999994040,74.8042,29.2795
000000150417.jpg,0.0017255603,0.0008232594,0.0026683924,0.0522017479,0.9999997616,72.4254,27.7200
000000150638.jpg,0.0017616877,0.0013508797,0.0023783993,0.0331983566,0.9999982119,73.6390,27.7317
000000150649.jpg,0.0012142017,0.0006793737,0.0019370005,0.0198945999,1.0000000000,31.3376,14.4270
000000150726.jpg,0.0012229438,0.0008091927,0.0017551307,0.0243802071,0.9999996424,73.5437,28.5922
000000150930.jpg,0.0015950841,0.0013606548,0.0019430320,0.0309108496,0.9999989867,33.6068,14.5936
000000151000.jpg,0.0009448117,0.0006735325,0.0013035598,0.0208816528,0.9999993443,33.5855,16.2356
000000151051.jpg,0.0018680880,0.0009714365,0.0028252890,0.0174231529,0.9999992251,73.7160,27.7667
000000151480.jpg,0.0015158546,0.0007501841,0.0024485965,0.0247936249,0.9999998212,73.0121,27.5738
000000151516.jpg,0.0012040165,0.0007922649,0.0017998161,0.0242044926,0.9999991059,32.5834,24.8219
000000151629.jpg,0.0008060442,0.0004147291,0.0013179848,0.0206354856,0.9999991655,32.6057,15.8818
000000151657.jpg,0.0011969331,0.0009562969,0.0015755604,0.0225901604,0.9999989271,28.1143,26.8488
000000151662.jpg,0.0018629873,0.0015666485,0.0023019230,0.0336065292,0.9999991655,71.9676,27.4778
000000151820.jpg,0.0016632553,0.0012602806,0.0023199359,0.0534341335,0.9999989867,34.9393,15.9366
000000151857.jpg,0.0019122884,0.0012879372,0.0026441142,0.0641262531,0.9999987483,80.9934,29.0068
000000151938.jpg,0.0037895048,0.0022151470,0.0056414953,0.0643272400,1.0000000000,74.4239,28.4867
000000151962.jpg,0.0030931206,0.0020222664,0.0046515111,0.0767731667,0.9999964833,72.7041,27.6130
000000152120.jpg,0.0014541382,0.0009415150,0.0020501986,0.0325978398,0.9999992847,33.1353,16.1624
000000152214.jpg,0.0016337077,0.0009660721,0.0023585814,0.0348904133,0.9999995828,73.4127,29.0796
000000152465.jpg,0.0013600958,0.0009107590,0.0020157003,0.0459599495,0.9999996424,70.0487,26.7879
000000152686.jpg,0.0007746070,0.0005699396,0.0010813505,0.0142974854,0.9999980927,31.7620,14.4936
000000152740.jpg,0.0013547352,0.0007586479,0.0020155928,0.0130329132,0.9999996424,24.8741,12.3925
000000152771.jpg,0.0011581783,0.0007004738,0.0019722776,0.0915718079,0.9999988675,72.5812,27.5402
000000152870.jpg,0.0008276358,0.0002753437,0.0014120769,0.0286966562,0.9999981523,71.1643,26.8872
000000153011.jpg,0.0013148555,0.0008323193,0.0020246650,0.0544667244,0.9999985695,72.6031,27.8471
000000153217.jpg,0.0012642290,0.0008342266,0.0018413092,0.0292395353,0.9999992847,40.0676,18.6355
000000153229.jpg,0.0009157044,0.0004285276,0.0015662723,0.0285105705,0.9999995232,80.7756,28.5412
000000153299.jpg,0.0009732125,0.0006586313,0.0014268906,0.0291593075,0.9999986887,48.1444,20.8045
000000153343.jpg,0.0015152624,0.0009593964,0.0022023295,0.0299466252,0.9999988079,72.6085,27.8161
000000153510.jpg,0.0012063296,0.0010507107,0.0014936434,0.0113949776,0.9999983311,34.3286,15.5888
000000153527.jpg,0.0014283770,0.0008696318,0.0020702814,0.0213670731,0.9999994636,39.2481,18.8558
000000153529.jpg,0.0017883931,0.0011632442,0.0024884758,0.0500373840,0.9999996424,73.7662,28.4886
000000153568.jpg,0.0020617920,0.0015716553,0.0031503048,0.0951609612,0.9999988079,42.3354,19.5075
000000153632.jpg,0.0018494281,0.0012800694,0.0025225566,0.0288445950,0.9999983311,72.3395,27.7631
000000153669.jpg,0.0012991427,0.0007828474,0.0019378117,0.0332843065,0.9999994040,41.3847,15.4107
000000153782.jpg,0.0008397889,0.0002592206,0.0020552347,0.0549582243,0.9999976158,31.4260,14.4092
000000153797.jpg,0.0022936121,0.0013008118,0.0032534110,0.0167044401,0.9999996424,43.6345,25.6048
000000154000.jpg,0.0012313760,0.0004832745,0.0020898834,0.0513538122,0.9999999404,72.4557,28.0192
000000154004.jpg,0.0011991635,0.0007476807,0.0017826145,0.0380542278,0.9999993443,33.2529,16.5318
000000154087.jpg,0.0007794791,0.0001924038,0.0014882026,0.0277783871,0.9999983311,73.7082,27.8461
000000154213.jpg,0.0030607835,0.0024747849,0.0037890554,0.0285243988,0.9999991059,39.8929,19.1568
000000154339.jpg,0.0033053707,0.0022852421,0.0046090162,0.1141276360,0.9999967813,33.4441,15.9160
000000154358.jpg,0.0013331980,0.0008294284,0.0021257123,0.0413088799,0.9999998808,32.9819,16.0543
000000154425.jpg,0.0012804981,0.0009909868,0.0017169535,0.0301351547,0.9999994636,33.4915,15.8002
000000154431.jpg,0.0016591412,0.0012273788,0.0022430550,0.0227050781,0.9999992251,82.2327,29.0582
000000154644.jpg,0.0017251809,0.0012207031,0.0025214951,0.0427395105,0.9999991059,50.7521,19.2602
000000154705.jpg,0.0010109723,0.0007715225,0.0013783574,0.0199718475,0.9999989271,78.9912,28.0463
000000154718.jpg,0.0018614681,0.0013169050,0.0028277969,0.0760598183,0.9999991655,39.1463,23.8659
000000154947.jpg,0.0010684569,0.0003622249,0.0018061297,0.0124301910,0.9999997616,48.9129,23.2639
000000155051.jpg,0.0092422506,0.0097589493,0.0099998815,0.0186994076,0.9999740720,73.0404,27.7721
000000155145.jpg,0.0011101427,0.0005596876,0.0016928716,0.0109295845,0.9999997616,39.1876,19.2162
000000155154.jpg,0.0028561531,0.0023339987,0.0037555555,0.0339360237,0.9999985099,39.7213,18.8512
000000155179.jpg,0.0036329783,0.0036420822,0.0042171725,0.0265429020,1.0000000000,78.5244,28.3424
000000155291.jpg,0.0016995720,0.0016379654,0.0021336558,0.0249746442,0.9999992847,33.5407,15.9147
000000155341.jpg,0.0011569083,0.0007572174,0.0017578275,0.0223352909,0.9999991059,72.9708,27.8493
000000155443.jpg,0.0011251734,0.0006417632,0.0016990289,0.0249224603,0.9999997020,31.8095,14.5796
000000155451.jpg,0.0009241438,0.0005105138,0.0015188273,0.0507836342,0.9999972582,72.6265,27.8302
000000155571.jpg,0.0018940739,0.0011434555,0.0027185811,0.0330855846,0.9999998212,55.4235,16.1402
000000156071.jpg,0.0011670134,0.0006245375,0.0018846422,0.0438923836,0.9999976754,72.0747,28.1590
000000156076.jpg,0.0021471009,0.0013478994,0.0030127347,0.0455413461,0.9999995828,73.6528,27.9345
000000156278.jpg,0.0019454337,0.0017231703,0.0024398232,0.0280292034,0.9999991059,33.5329,16.3065
000000156292.jpg,0.0010206650,0.0006158352,0.0016147572,0.0608458519,0.9999985695,33.3001,16.5354
000000156372.jpg,0.0008866320,0.0001647305,0.0016680781,0.0389879942,1.0000000000,32.9922,16.0817
000000156643.jpg,0.0022512779,0.0016388893,0.0031837649,0.0806987286,0.9999995828,72.8497,27.9028
000000156924.jpg,0.0012623335,0.0007463694,0.0018519475,0.0495519638,0.9999994040,38.5173,15.6419
000000157046.jpg,0.0009513579,0.0007082224,0.0013915912,0.0359973907,0.9999997616,39.0884,18.8521
000000157098.jpg,0.0016609898,0.0012313128,0.0022604121,0.0368991494,0.9999992251,33.1791,15.8831
000000157124.jpg,0.0016496932,0.0011782646,0.0022701512,0.0552339554,1.0000000000,33.4099,15.8479
000000157138.jpg,0.0026384653,0.0020997524,0.0032937550,0.0191512108,0.9999998212,34.4593,16.7205
000000157213.jpg,0.0014182631,0.0008487701,0.0020803032,0.0224695206,0.9999997020,27.4760,20.1748
000000157365.jpg,0.0014583587,0.0010711849,0.0019951090,0.0313682854,0.9999995828,32.7840,15.8668
000000157390.jpg,0.0013035842,0.0009174943,0.0019058824,0.0325818956,0.9999994040,72.9935,27.8397
000000157418.jpg,0.0019971358,0.0011635423,0.0028524126,0.0290658474,0.9999995828,74.1785,28.8030
000000157601.jpg,0.0034809029,0.0030236244,0.0044135661,0.1831727028,0.9999993443,49.0527,19.0563
000000157756.jpg,0.0011824197,0.0004813671,0.0020352544,0.0584986210,0.9999995232,74.3026,28.7395
000000157767.jpg,0.0014992104,0.0011012554,0.0020236976,0.0338580608,0.9999991059,36.8530,15.8905
000000157807.jpg,0.0012300512,0.0008174181,0.0016925880,0.0325512886,0.9999989867,33.1849,16.5669
000000157847.jpg,0.0003481802,0.0001662970,0.0007210141,0.0187537670,0.9999990463,28.5044,14.1531
000000157928.jpg,0.0015239397,0.0008065701,0.0023225755,0.0342354774,0.9999995828,72.7239,27.9484
000000158227.jpg,0.0012939862,0.0010083467,0.0017259385,0.0323092937,0.9999994636,35.2136,19.4567
000000158548.jpg,0.0025273224,0.0007002354,0.0045663654,0.0561701059,1.0000000000,72.5681,27.6854
000000158660.jpg,0.0017475943,0.0010173917,0.0025435074,0.0429577827,1.0000000000,49.3106,19.1577
000000158744.jpg,0.0018838680,0.0009016991,0.0030757412,0.0514092445,0.9999995232,33.9056,15.9398
000000158945.jpg,0.0014341212,0.0008597374,0.0021448571,0.0384838581,0.9999992847,74.7597,28.9993
000000158956.jpg,0.0012058045,0.0008277297,0.0016875120,0.0293595791,0.9999991655,32.8974,21.5410
000000159112.jpg,0.0021847396,0.0016968250,0.0028137090,0.0187239647,0.9999984503,82.6955,29.0311
000000159282.jpg,0.0013361272,0.0009455681,0.0019740451,0.0292454958,0.9999979138,33.2882,16.0368
000000159311.jpg,0.0013697939,0.0010157824,0.0019006899,0.0408874750,0.9999991059,32.7981,16.4304
000000159399.jpg,0.0009718801,0.0001907349,0.0019730511,0.0265507102,1.0000000000,73.2706,27.8119
000000159458.jpg,0.0009614173,0.0005652905,0.0014328682,0.0318644047,0.9999999404,73.3630,28.0662
000000159684.jpg,0.0011179971,0.0008244514,0.0015535494,0.0318279266,0.9999991059,30.2456,14.0519
000000159791.jpg,0.0033194085,0.0029854774,0.0039745243,0.0260632038,0.9999992251,39.1424,19.2952
000000159977.jpg,0.0012085764,0.0004651546,0.0020814925,0.0325014591,0.9999990463,33.6865,15.8581
000000160012.jpg,0.0016177093,0.0010484457,0.0023726625,0.0510387421,0.9999989271,78.6831,28.3505
000000160556.jpg,0.0019479556,0.0012984276,0.0029264197,0.0961484909,0.9999997020,33.0938,15.4927
000000160666.jpg,0.0020562487,0.0013313293,0.0028504380,0.0279161930,0.9999986887,72.6230,27.8907
000000160728.jpg,0.0007168321,0.0000914931,0.0014366156,0.0246958509,1.0000000000,35.9784,15.7024
000000160772.jpg,0.0011080614,0.0003604293,0.0020667163,0.0215597153,0.9999994040,70.3021,26.5061
000000160864.jpg,0.0010299083,0.0006063581,0.0015911835,0.0385502577,0.9999990463,28.9823,13.9770
000000161008.jpg,0.0029586288,0.0027122498,0.0036551720,0.0345613956,0.9999991655,72.9329,28.1723
000000161032.jpg,0.0014383459,0.0006227493,0.0027959263,0.0646677017,1.0000000000,73.8444,27.6572
000000161044.jpg,0.0020507553,0.0020315647,0.0023019172,0.0090789795,0.9999836087,35.0961,45.7977
000000161128.jpg,0.0006169225,0.0001199991,0.0013258179,0.0271043777,0.9999978542,39.2281,23.9659
000000161397.jpg,0.0012442372,0.0009765625,0.0017080129,0.0181412697,1.0000000000,72.5066,27.7145
000000161609.jpg,0.0018115280,0.0010401011,0.0025855929,0.0167942047,0.9999995232,73.1440,27.7301
000000161642.jpg,0.0012949845,0.0010186434,0.0017143299,0.0284268856,0.9999985099,73.7424,28.8276
000000161781.jpg,0.0011009361,0.0007221699,0.0016086843,0.0247049332,0.9999995828,33.3926,15.6835
000000161799.jpg,0.0011095892,0.0001179576,0.0020872217,0.0251812339,0.9999967813,32.7729,15.7656
000000161820.jpg,0.0014552964,0.0012133718,0.0018226209,0.0211501122,0.9999997616,32.7231,24.0799
000000161861.jpg,0.0014299832,0.0006691217,0.0022487661,0.0331463814,0.9999992847,38.9368,19.5739
000000161875.jpg,0.0019975228,0.0017895699,0.0027471585,0.0495625213,0.9999978542,33.3009,14.5004
000000161879.jpg,0.0015694057,0.0005667508,0.0026070825,0.0762915611,0.9999997020,61.3008,26.6472
000000161925.jpg,0.0018457946,0.0014512539,0.0024781874,0.0460641384,0.9999986887,73.6248,29.4641
000000161978.jpg,0.0016531349,0.0012063980,0.0022584468,0.0214288235,0.9999986887,34.4877,18.7049
000000162035.jpg,0.0019522011,0.0012960434,0.0033197964,0.1017987728,0.9999979734,39.4797,18.8691
000000162092.jpg,0.0020163655,0.0014386177,0.0028599259,0.1129677296,0.9999998212,48.8031,19.1820
000000162130.jpg,0.0008770899,0.0005579591,0.0013227303,0.0257865191,0.9999986887,73.3007,28.0298
000000162366.jpg,0.0042914953,0.0039677620,0.0053089433,0.0583977699,0.9999973178,82.6335,28.9655
000000162415.jpg,0.0011114253,0.0004498959,0.0018326860,0.0246137381,0.9999995828,64.5339,25.4141
000000162543.jpg,0.0020532319,0.0012008548,0.0031363161,0.0469641685,1.0000000000,33.5097,20.5605
000000162581.jpg,0.0013369910,0.0007193089,0.0021209030,0.0340280533,0.9999994040,73.3355,29.0201
000000162732.jpg,0.0010575298,0.0007277429,0.0015141818,0.0252137184,0.9999992847,33.3340,19.7452
000000162858.jpg,0.0015572024,0.0008275509,0.0024661382,0.0285495520,1.0000000000,32.9181,16.4855
000000163057.jpg,0.0010803408,0.0002657771,0.0021117560,0.0212765932,0.9999993443,72.7677,27.9222
000000163117.jpg,0.0008819331,0.0000399351,0.0018073763,0.0403904915,0.9999964833,39.9511,18.8597
000000163118.jpg,0.0019393115,0.0012342334,0.0026540202,0.0304718018,0.9999991655,32.8321,15.7547
000000163155.jpg,0.0012247919,0.0006768703,0.0018804630,0.0280880928,0.9999997616,32.6818,15.9446
000000163257.jpg,0.0014031236,0.0008542538,0.0021331445,0.0208761692,0.9999994040,33.2955,15.8947
000000163258.jpg,0.0017253296,0.0009238720,0.0030844447,0.0262088776,0.9999999404,72.9972,27.9694
000000163290.jpg,0.0008433447,0.0002064705,0.0015817279,0.0400825739,1.0000000000,73.6440,28.7748
000000163314.jpg,0.0010287699,0.0008134842,0.0013678387,0.0202345848,0.9999987483,32.9034,14.6063
000000163562.jpg,0.0011996406,0.0005128384,0.0019496747,0.0281265229,1.0000000000,32.6941,25.2802
000000163611.jpg,0.0018201753,0.0011513233,0.0025373329,0.0433712006,0.9999996424,72.8352,28.2232
000000163640.jpg,0.0019228896,0.0017528534,0.0023308673,0.0368139744,0.9999984503,81.0244,28.7244
000000163682.jpg,0.0016831509,0.0007635355,0.0026901972,0.0544161797,0.9999990463,33.5883,16.4179
000000163746.jpg,0.0008078158,0.0001800060,0.0014735634,0.0290130377,1.0000000000,73.1577,27.8072
000000163951.jpg,0.0018283459,0.0012931824,0.0025149113,0.0580765009,0.9999995232,36.1507,15.8444
000000164115.jpg,0.0014502852,0.0008511543,0.0021596064,0.0393402576,0.9999995232,48.5934,19.3141
000000164363.jpg,0.0014144550,0.0012152195,0.0017754111,0.0170319080,0.9999911785,55.8349,24.6365
000000164602.jpg,0.0022186765,0.0011342764,0.0034159399,0.0561964512,0.9999993443,73.2277,28.1391
000000164637.jpg,0.0008900387,0.0005726814,0.0013705783,0.0181686878,0.9999990463,74.4528,29.2647
000000164883.jpg,0.0018080403,0.0014815331,0.0027429874,0.1413918734,0.9999974966,39.0975,18.9917
000000164885.jpg,0.0023797706,0.0000000000,0.0046345382,0.0486226678,0.9999983311,33.6683,16.2437
000000164969.jpg,0.0014852243,0.0010867119,0.0020276206,0.0195391178,0.9999983907,33.0527,16.1665
000000165039.jpg,0.0016321020,0.0013895035,0.0022049181,0.0479979515,0.9999994040,34.2375,16.4310
000000165257.jpg,0.0014265351,0.0010697842,0.0019174337,0.0281158090,0.9999991655,27.6967,13.4793
000000165336.jpg,0.0017800328,0.0013159513,0.0024457092,0.0269644260,0.9999999404,73.3745,27.7142
000000165351.jpg,0.0016065835,0.0012915134,0.0020660684,0.0183000565,0.9999995828,50.1330,19.2251
000000165500.jpg,0.0011634473,0.0006144047,0.0017873663,0.0184087008,0.9999996424,73.0291,28.1747
000000165518.jpg,0.0010118550,0.0006614327,0.0014328649,0.0201236010,1.0000000000,49.9822,19.0345
000000165681.jpg,0.0012600076,0.0005865097,0.0021097830,0.0541677475,0.9999998808,82.7123,29.0817
000000165713.jpg,0.0014247699,0.0007848740,0.0021436554,0.0349466801,0.9999997616,33.4808,20.5433
000000165831.jpg,0.0016144654,0.0010159016,0.0023215103,0.0518732071,0.9999994040,72.4647,28.0891
000000166165.jpg,0.0011815283,0.0008010864,0.0017624031,0.0302135944,0.9999988675,64.7758,48.0098
000000166166.jpg,0.0022585923,0.0015413761,0.0030448991,0.0354572535,0.9999998212,38.6581,19.5479
000000166259.jpg,0.0013652178,0.0009195805,0.0019221152,0.0230193138,0.9999992847,34.9332,15.9035
000000166277.jpg,0.0023239839,0.0016586781,0.0034102309,0.0280930996,0.9999988675,73.7408,28.5795
000000166287.jpg,0.0007509284,0.0001661181,0.0013469219,0.0229027271,0.9999942183,73.0335,27.9277
000000166391.jpg,0.0003153368,0.0000000000,0.0008474485,0.0231235474,1.0000000000,33.1784,16.4359
000000166426.jpg,0.0017921299,0.0013065338,0.0023975694,0.0277669430,0.9999997616,58.1003,25.6357
000000166478.jpg,0.0017695582,0.0009542704,0.0029736566,0.0268301964,0.9999985099,33.8411,16.7915
000000166509.jpg,0.0012371620,0.0006439686,0.0023770768,0.0584774017,0.9999998212,82.6973,29.2190
000000166521.jpg,0.0010932583,0.0008850098,0.0015010553,0.0590866804,0.9999977946,32.9101,25.9013
000000166563.jpg,0.0009197616,0.0001651064,0.0018431814,0.0588835478,0.9999996424,31.5235,15.0472
000000166642.jpg,0.0016867330,0.0012028217,0.0022932861,0.0263977051,1.0000000000,73.6353,27.9110
000000166664.jpg,0.0015365870,0.0005986691,0.0026007772,0.0310343504,0.9999976754,33.2183,19.7034
000000166747.jpg,0.0009075952,0.0003349781,0.0015979228,0.0392258763,0.9999967813,39.0259,18.9977
000000166768.jpg,0.0030544680,0.0024564266,0.0041521890,0.2091871500,0.9999989867,32.8733,16.3248
000000166918.jpg,0.0013829399,0.0006349087,0.0023221015,0.0589184761,0.9999998212,74.1495,28.8230
000000167067.jpg,0.0019533525,0.0012657642,0.0028165760,0.0339833498,0.9999995232,40.6754,18.7812
000000167122.jpg,0.0022317823,0.0008309335,0.0037004137,0.0727673769,0.9999995232,72.4360,27.9456
000000167128.jpg,0.0013110308,0.0009043217,0.0018803475,0.0334763527,0.9999994040,33.4854,16.0751
000000167159.jpg,0.0026991467,0.0020852089,0.0034971072,0.0123775005,0.9999982715,39.4457,19.1128
000000167240.jpg,0.0009082957,0.0004644394,0.0015581041,0.0222809315,0.9999996424,32.6478,16.4744
000000167353.jpg,0.0024031780,0.0020760298,0.0029882758,0.0369191170,0.9999985099,74.4868,28.7176
000000167486.jpg,0.0016064087,0.0008103848,0.0027278115,0.0853495598,0.9999994040,73.0103,28.0814
000000167540.jpg,0.0001615505,0.0000000000,0.0005529866,0.0280435085,0.9999971390,32.8432,15.7137
000000167572.jpg,0.0019602182,0.0016900599,0.0023801757,0.0254423618,0.9999993443,33.0342,15.7726
000000167898.jpg,0.0010778968,0.0006991625,0.0019219117,0.0638494492,1.0000000000,72.7076,27.8609
000000167902.jpg,0.0010111216,0.0004849732,0.0016253993,0.0352885723,0.9999991655,39.8093,19.2373
000000168330.jpg,0.0017229329,0.0009585619,0.0029805317,0.0252189636,0.9999998212,32.2728,21.0447
000000168337.jpg,0.0017490637,0.0014629364,0.0023360136,0.0315196514,0.9999995232,72.5519,28.0775
000000168458.jpg,0.0013716338,0.0009151101,0.0019206929,0.0312471390,0.9999989271,32.8757,24.5933
000000168593.jpg,0.0012980970,0.0009000301,0.0017763615,0.0199093819,0.9999997020,72.9676,28.2442
000000168619.jpg,0.0008910485,0.0002287030,0.0019663125,0.1426650286,1.0000000000,72.7011,28.0033
000000168883.jpg,0.0013771334,0.0011210442,0.0017772088,0.0265414715,0.9999992251,73.7339,28.8308
000000168974.jpg,0.0016183300,0.0010864735,0.0023510943,0.0574214458,0.9999992847,40.9837,18.9421
000000169076.jpg,0.0019604056,0.0008054972,0.0033231671,0.1129975319,0.9999990463,51.2090,19.1497
000000169169.jpg,0.0014582702,0.0008571148,0.0023841818,0.0682775974,0.9999985099,73.3101,28.0581
000000169356.jpg,0.0015059789,0.0009298325,0.0021610961,0.0242508054,0.9999997020,72.8702,27.9320
000000169996.jpg,0.0012558490,0.0006451607,0.0019465087,0.0778672695,0.9999994040,73.1664,28.1714
000000170099.jpg,0.0015572181,0.0012351274,0.0020465518,0.0216393471,0.9999993443,74.2780,28.3193
000000170116.jpg,0.0024406756,0.0017883182,0.0032274681,0.0236887932,0.9999987483,72.5611,28.0246
000000170191.jpg,0.0014808842,0.0008103848,0.0022738425,0.0357289314,0.9999998808,69.7514,26.3345
000000170278.jpg,0.0022969281,0.0014586449,0.0030038138,0.0170459747,0.9999997020,72.6144,26.6938
000000170474.jpg,0.0008660755,0.0005660653,0.0014088704,0.0279545784,0.9999992251,73.7214,27.9783
000000170545.jpg,0.0009798483,0.0004167557,0.0019498075,0.0529315323,1.0000000000,73.6798,27.7034
000000170595.jpg,0.0028228865,0.0020890236,0.0037779196,0.0516822934,0.9999989867,52.9527,20.8177
000000170613.jpg,0.0015629540,0.0008301735,0.0028633918,0.0500341654,0.9999983311,85.2989,30.1416
000000170670.jpg,0.0023394634,0.0018252134,0.0030319192,0.0215153694,0.9999997616,33.5061,25.0890
000000170739.jpg,0.0018097555,0.0011732578,0.0025946766,0.0319997072,0.9999991059,70.4410,27.7409
000000170893.jpg,0.0026306384,0.0019640326,0.0033645544,0.0753059387,0.9999997616,72.7475,27.9392
000000170955.jpg,0.0012463122,0.0007363558,0.0018437515,0.0219640732,0.9999992847,34.5436,16.2645
000000171050.jpg,0.0008069572,0.0003451109,0.0015025390,0.0340209007,0.9999998808,74.3391,28.6209
000000171190.jpg,0.0015703588,0.0009273887,0.0023718209,0.0475718975,0.9999993443,72.5696,27.9704
000000171298.jpg,0.0016437923,0.0011405945,0.0022989050,0.0416791439,1.0000000000,72.8810,27.8806
000000171382.jpg,0.0014183610,0.0009033680,0.0021081502,0.0341435671,0.9999997616,35.4719,15.8279
000000171611.jpg,0.0007898862,0.0001699179,0.0018781364,0.0715680122,1.0000000000,82.1134,29.2070
000000171740.jpg,0.0013881022,0.0008487701,0.0020200268,0.0305414200,0.9999992847,73.0561,27.8926
000000171757.jpg,0.0020766398,0.0018459558,0.0026062930,0.0767561197,0.9999970198,73.4338,27.9409
000000171788.jpg,0.0015273396,0.0008838177,0.0022050950,0.0251026154,0.9999994636,33.6744,16.2246
000000172083.jpg,0.0026644424,0.0024390221,0.0032652437,0.0246095657,0.9999989867,28.1506,13.4074
000000172330.jpg,0.0016835559,0.0013794899,0.0021641783,0.0277270079,0.9999989271,72.9694,28.1724
000000172396.jpg,0.0019999894,0.0016016960,0.0026398124,0.0369520187,0.9999993443,26.8998,15.9320
000000172547.jpg,0.0008467823,0.0003082454,0.0014755847,0.0418558121,0.9999968410,73.1203,27.8712
000000172571.jpg,0.0019672536,0.0014982224,0.0025472511,0.0235834122,0.9999995232,27.4449,13.8986
000000172595.jpg,0.0016889599,0.0012328625,0.0023340832,0.0400421619,0.9999982119,28.2016,14.5991
000000172617.jpg,0.0031704134,0.0027799606,0.0037671223,0.0236411095,0.9999987483,39.3622,18.5683
000000172648.jpg,0.0015941807,0.0012044907,0.0021519302,0.0287988186,1.0000000000,72.3925,27.9129
000000172649.jpg,0.0017401365,0.0012245774,0.0023137797,0.0129793882,0.9999998212,32.9306,16.4770
000000172856.jpg,0.0003856876,0.0000000000,0.0011372125,0.0370901823,0.9999992847,73.2878,27.8781
000000172877.jpg,0.0017947378,0.0011434555,0.0025241561,0.0372147560,0.9999994040,73.0416,27.7817
000000172935.jpg,0.0008685942,0.0003696680,0.0016366072,0.0455045700,1.0000000000,39.1287,23.2414
000000172946.jpg,0.0015040507,0.0010941029,0.0020648355,0.0373411179,0.9999997616,32.7966,24.8986
000000172977.jpg,0.0010054914,0.0006681681,0.0015405798,0.0398485661,0.9999958873,72.4523,28.0727
000000173004.jpg,0.0022419908,0.0017414093,0.0029074873,0.0463523865,0.9999992847,73.5735,27.8870
000000173008.jpg,0.0015476892,0.0011415482,0.0021382244,0.0170743465,0.9999986291,73.2709,27.8214
000000173033.jpg,0.0024753870,0.0020470619,0.0031425117,0.0165410042,0.9999989271,74.5693,28.6222
000000173044.jpg,0.0006507752,0.0003676414,0.0010736437,0.0238161087,1.0000000000,27.7980,13.8999
000000173057.jpg,0.0012429291,0.0005304813,0.0021384896,0.0421180725,0.9999941587,74.0831,28.9617
000000173091.jpg,0.0017304252,0.0010448694,0.0029917543,0.0599010587,0.9999976158,49.6583,19.2813
000000173183.jpg,0.0007050872,0.0002937317,0.0012927456,0.0434417725,0.9999981523,73.0266,27.8080
000000173302.jpg,0.0018362909,0.0011227727,0.0026488332,0.0602807999,0.9999997616,34.9883,15.6549
000000173371.jpg,0.0022096320,0.0020372868,0.0026097663,0.0238707066,0.9999974966,48.8727,19.2282
000000173383.jpg,0.0017040167,0.0011583567,0.0023528903,0.0278542042,0.9999994636,33.1067,15.8531
000000173799.jpg,0.0013572592,0.0006418228,0.0021623881,0.0362012386,1.0000000000,69.7044,26.6817
000000173830.jpg,0.0015677860,0.0007414818,0.0026566891,0.0589814186,0.9999988079,57.0313,24.0759
000000174004.jpg,0.0012930352,0.0007436872,0.0018931136,0.0226238966,0.9999996424,73.3540,32.2486
000000174018.jpg,0.0022581022,0.0020778179,0.0027257309,0.0142579079,0.9999979734,34.3314,17.5447
000000174123.jpg,0.0025044749,0.0017312616,0.0033504397,0.0219783783,0.9999992251,41.6984,19.3081
000000174231.jpg,0.0014315954,0.0009897351,0.0019416497,0.0454100370,0.9999995232,38.9553,19.2331
000000174371.jpg,0.0013117753,0.0007697046,0.0020159618,0.0354349613,0.9999994040,69.9634,26.3744
000000174482.jpg,0.0010689129,0.0006105900,0.0017271689,0.0380183458,0.9999984503,28.2078,14.0663
000000175251.jpg,0.0020232375,0.0015664101,0.0027025836,0.0595812798,0.9999991059,50.7142,19.2774
000000175364.jpg,0.0016232526,0.0014315844,0.0020786030,0.0315885544,0.9999997020,73.0157,28.3644
000000175387.jpg,0.0016708161,0.0010216236,0.0025876509,0.0606360435,0.9999993443,40.5900,19.0936
000000175438.jpg,0.0011191560,0.0006370544,0.0017986243,0.0649577379,1.0000000000,79.7615,28.1844
000000175443.jpg,0.0017101390,0.0012145042,0.0024396135,0.0733777285,0.9999993443,74.1748,29.6505
000000175535.jpg,0.0021077376,0.0014133453,0.0028544108,0.0187296867,0.9999989867,75.6375,28.8161
000000176037.jpg,0.0013734852,0.0008654594,0.0021486711,0.0590257645,0.9999991059,33.0332,16.4655
000000176232.jpg,0.0015419992,0.0011314154,0.0021133292,0.0284390450,0.9999984503,74.6243,28.7451
000000176446.jpg,0.0020133364,0.0014777184,0.0027848766,0.0433490276,0.9999994636,73.0753,28.2628
000000176606.jpg,0.0019243549,0.0015234947,0.0024901717,0.0134167671,0.9999983907,73.6646,27.8877
000000176634.jpg,0.0016964037,0.0010285378,0.0025743973,0.0487689972,0.9999987483,73.4876,27.8488
000000176701.jpg,0.0008321084,0.0002517700,0.0017089180,0.0328083038,0.9999973178,72.7298,27.8112
000000176778.jpg,0.0011973769,0.0008214712,0.0017273305,0.0385434628,0.9999984503,32.9135,16.4960
000000176799.jpg,0.0014106871,0.0009871721,0.0020117774,0.0205075741,0.9999984503,37.2167,15.9996
000000176847.jpg,0.0011842945,0.0008597374,0.0017677569,0.0749815702,0.9999982715,73.1965,28.2105
000000176857.jpg,0.0017439064,0.0011397004,0.0024881023,0.0335913748,1.0000000000,39.9765,19.3978
000000176901.jpg,0.0020331496,0.0013487339,0.0027743562,0.0142245293,0.9999994040,27.7305,14.2056
000000177015.jpg,0.0018305960,0.0008193851,0.0030722562,0.0858235359,0.9999995232,73.6691,28.1705
000000177065.jpg,0.0013250870,0.0007138252,0.0021279638,0.0505609512,0.9999995828,62.7130,25.0321
000000177213.jpg,0.0023963100,0.0015972257,0.0033417253,0.0326471329,1.0000000000,28.9595,13.8406
000000177357.jpg,0.0014657329,0.0011103153,0.0019662559,0.0288357735,0.9999990463,31.7051,14.6435
000000177383.jpg,0.0012976100,0.0007255562,0.0027386954,0.0906419754,1.0000000000,32.8215,15.9523
000000177489.jpg,0.0019048676,0.0013036728,0.0026283136,0.0274810791,0.9999989867,73.7583,28.2526
000000177539.jpg,0.0016430097,0.0011854172,0.0023377449,0.0378732681,1.0000000000,33.2010,15.7298
000000177714.jpg,0.0018727594,0.0013470650,0.0024856359,0.0846467018,0.9999992847,31.8663,14.5509
000000177861.jpg,0.0011941283,0.0006016493,0.0019373008,0.0492498875,0.9999979734,73.5288,28.7984
000000177893.jpg,0.0014806099,0.0007026196,0.0026689039,0.0443480015,0.9999966025,34.4914,17.6730
000000177934.jpg,0.0012551795,0.0008745939,0.0018244348,0.0384316444,0.9999997020,80.0703,30.8243
000000177935.jpg,0.0016673923,0.0011875629,0.0022756229,0.0219435692,0.9999990463,78.5531,30.6288
000000178028.jpg,0.0040783393,0.0037131310,0.0046993694,0.0223946571,0.9999986291,41.0756,20.4025
000000178469.jpg,0.0017592227,0.0015196800,0.0022604286,0.0310059786,0.9999987483,34.3692,16.6693
000000178618.jpg,0.0011671120,0.0006089211,0.0019093633,0.0283358097,0.9999994636,86.6884,31.4494
000000178744.jpg,0.0015601338,0.0008549690,0.0023365887,0.0258355141,0.9999991059,36.6313,23.5794
000000178982.jpg,0.0018405548,0.0014007092,0.0025582865,0.0235930085,0.9999973178,33.1232,16.5464
000000179112.jpg,0.0010408727,0.0007727146,0.0014489010,0.0190839767,0.9999995828,39.9139,19.5732
000000179141.jpg,0.0021657655,0.0014500618,0.0030373754,0.0754733086,0.9999983311,73.0902,28.0112
000000179174.jpg,0.0019600112,0.0011820793,0.0028225605,0.0185804367,0.9999993443,34.9375,15.7029
000000179214.jpg,0.0022761915,0.0016350746,0.0032019052,0.0849511623,0.9999987483,33.3256,16.4019
000000179265.jpg,0.0012968562,0.0004367828,0.0026506772,0.0426919460,0.9999998808,33.2088,16.0462
000000179285.jpg,0.0016352404,0.0011413395,0.0023652271,0.0278091133,0.9999986887,33.2082,16.1839
000000179392.jpg,0.0025330689,0.0020151138,0.0032451090,0.0686383247,0.9999971986,75.5028,28.7453
000000179487.jpg,0.0014455924,0.0007214546,0.0022676622,0.0409290791,1.0000000000,71.0040,27.2345
000000179642.jpg,0.0015705982,0.0009310246,0.0023359046,0.0355569124,0.9999985099,34.0372,25.0023
000000179653.jpg,0.0012049186,0.0006576777,0.0020013771,0.0457220376,0.9999994636,73.4943,28.2893
000000179765.jpg,0.0013286154,0.0007569790,0.0019794314,0.0348404646,0.9999996424,73.1639,27.7233
000000179898.jpg,0.0012959430,0.0006604195,0.0021208201,0.0589647293,0.9999997020,73.0480,28.0051
000000180011.jpg,0.0011750601,0.0006676912,0.0018460642,0.0547592640,1.0000000000,73.9317,28.7602
000000180101.jpg,0.0014176281,0.0009225011,0.0020709876,0.0594773293,0.9999994636,72.3576,27.9627
000000180135.jpg,0.0027470172,0.0016709566,0.0054883361,0.1456243992,0.9999948740,34.0812,16.6923
000000180188.jpg,0.0014147806,0.0006567240,0.0033674699,0.0506750345,0.9999967813,76.1543,29.4181
000000180296.jpg,0.0021235549,0.0013662577,0.0029904516,0.0213403702,0.9999995232,28.4631,13.8172
000000180383.jpg,0.0012297534,0.0009276867,0.0017057456,0.0239401460,0.9999985099,74.3997,28.5039
000000180487.jpg,0.0017686648,0.0008363724,0.0029760632,0.0383915901,0.9999994040,43.4026,25.7333
000000180560.jpg,0.0025468343,0.0014843941,0.0036528702,0.1010408401,0.9999996424,32.8827,16.1741
000000180751.jpg,0.0014224336,0.0008015633,0.0021627296,0.0465729237,0.9999992251,73.0642,28.1078
000000180792.jpg,0.0015979357,0.0013008714,0.0020158708,0.0224406719,0.9999997616,42.5844,21.5366
000000180798.jpg,0.0022205077,0.0016326904,0.0028989168,0.0134806633,0.9999992251,42.7745,21.2063
000000180878.jpg,0.0028241288,0.0024902821,0.0032964668,0.0333453417,0.9999992251,36.2359,17.3195
000000181303.jpg,0.0011689244,0.0008218288,0.0016433232,0.0214831829,0.9999993443,29.3940,14.4072
000000181421.jpg,0.0011216903,0.0005465746,0.0017608083,0.0229891539,0.9999997616,88.3181,31.2842
000000181499.jpg,0.0023245662,0.0018570423,0.0030437992,0.0185173750,0.9999995828,74.6835,27.5611
000000181542.jpg,0.0015855541,0.0011973381,0.0022194509,0.0544366837,0.9999989867,57.1400,25.0185
000000181666.jpg,0.0009996097,0.0002687871,0.0017446789,0.0284175873,0.9999978542,34.2807,16.3820
000000181753.jpg,0.0011650876,0.0009078979,0.0016864013,0.0146839619,0.9999992251,32.5158,15.6467
000000181796.jpg,0.0022053809,0.0016236305,0.0029134648,0.0223293304,0.9999994636,36.8973,13.6297
000000181816.jpg,0.0013351912,0.0008088946,0.0018959086,0.0231065750,0.9999997616,73.5756,27.9036
000000181859.jpg,0.0023144304,0.0019683838,0.0030518747,0.0774636269,0.9999988079,33.4192,16.0809
000000181969.jpg,0.0026605541,0.0023210049,0.0032047357,0.0511549711,0.9999980927,58.3152,24.2309
000000182021.jpg,0.0010773039,0.0007807016,0.0016343292,0.0379903316,0.9999990463,30.4037,13.4332
000000182155.jpg,0.0012287687,0.0009694099,0.0016839460,0.0462085009,0.9999994636,32.8274,18.1408
000000182162.jpg,0.0016018618,0.0009382963,0.0025845908,0.0320906639,0.9999989867,33.1184,19.0073
000000182202.jpg,0.0019881097,0.0013246536,0.0027056676,0.0187593699,0.9999995828,28.7379,14.4301
000000182417.jpg,0.0024924772,0.0019373894,0.0033375029,0.0356796980,1.0000000000,73.4440,27.8626
000000182441.jpg,0.0010951357,0.0006408691,0.0016925818,0.0154151917,0.9999989271,31.3456,14.6981
000000182611.jpg,0.0023472509,0.0017285347,0.0031191309,0.0795236826,0.9999993443,74.0020,28.9728
000000182805.jpg,0.0011798415,0.0008340478,0.0016946818,0.0345855951,0.9999995232,27.5236,13.8741
000000182923.jpg,0.0015738691,0.0009513795,0.0023039854,0.0628639460,0.9999995232,39.1657,19.1431
000000183049.jpg,0.0016074076,0.0013844967,0.0020416926,0.0208275318,0.9999979734,36.5679,20.4617
000000183104.jpg,0.0015989814,0.0011277199,0.0022353104,0.0448403358,0.9999989271,73.7305,27.9471
000000183127.jpg,0.0014146834,0.0011326075,0.0019043748,0.0156881809,0.9999994040,32.7832,24.3834
000000183246.jpg,0.0010496756,0.0000250635,0.0022441663,0.0479962826,0.9999974966,41.6274,19.3526
000000183391.jpg,0.0011608554,0.0006173849,0.0018487553,0.0442082882,0.9999999404,49.8308,19.4801
000000183437.jpg,0.0015885254,0.0009342432,0.0023440411,0.0282717943,0.9999989867,32.9588,16.2682
000000183500.jpg,0.0007922693,0.0000401670,0.0016071182,0.0291313529,0.9999967813,34.2477,16.3731
000000183648.jpg,0.0012249065,0.0009069443,0.0018095016,0.0355653167,0.9999983907,33.0784,18.4119
000000183675.jpg,0.0008966446,0.0003727674,0.0015911220,0.0647923946,0.9999992847,33.9584,16.3054
000000183709.jpg,0.0018414396,0.0007523894,0.0030342566,0.0421869755,0.9999975562,80.8690,31.3068
000000183716.jpg,0.0021715912,0.0015926361,0.0029754038,0.0241364241,0.9999985695,36.0576,18.1519
000000183965.jpg,0.0026275204,0.0023680925,0.0032607233,0.0899987221,0.9999974966,77.3828,29.6439
000000184321.jpg,0.0010702219,0.0004406571,0.0018828847,0.0259072781,1.0000000000,76.2321,30.7251
000000184324.jpg,0.0010954550,0.0005679727,0.0018129526,0.0376067162,1.0000000000,34.0101,16.3968
000000184338.jpg,0.0014689441,0.0007838011,0.0023153895,0.0347160101,1.0000000000,33.4752,15.9830
000000184384.jpg,0.0014546053,0.0009171963,0.0021270434,0.0242195688,0.9999992847,73.3597,28.7046
000000184400.jpg,0.0006821272,0.0003385544,0.0011750781,0.0310356617,0.9999973178,73.5981,28.0954
000000184611.jpg,0.0018287599,0.0010962486,0.0026036901,0.0403008461,0.9999992847,73.1979,27.9617
000000184762.jpg,0.0023081761,0.0019817352,0.0028445648,0.0187466145,0.9999989271,40.6236,19.3597
000000184791.jpg,0.0022799335,0.0018794537,0.0029253550,0.0166773796,0.9999969602,72.9187,26.6919
000000184978.jpg,0.0014823060,0.0006687641,0.0025600502,0.0884180069,0.9999991655,84.4654,33.3731
000000185157.jpg,0.0008633467,0.0005055666,0.0014268586,0.0348989964,0.9999994636,38.7472,18.8064
000000185250.jpg,0.0013978282,0.0008736253,0.0021066191,0.0275480300,1.0000000000,33.9624,24.1610
000000185292.jpg,0.0010678257,0.0004395247,0.0016975076,0.0096864700,0.9999987483,32.8797,16.2379
000000185409.jpg,0.0012564164,0.0008735657,0.0018086545,0.0266049504,1.0000000000,36.2121,18.1826
000000185472.jpg,0.0012506767,0.0007976890,0.0018834019,0.0332212448,1.0000000000,78.9759,29.8327
000000185473.jpg,0.0021266043,0.0021116734,0.0022601262,0.0075712204,0.9999985099,46.8368,44.9411
000000185599.jpg,0.0032025834,0.0027918816,0.0043173055,0.3112452030,0.9999986887,72.2469,27.7449
000000185802.jpg,0.0020963163,0.0016885400,0.0027919256,0.0235745907,0.9999993443,75.0707,28.7434
000000185890.jpg,0.0016262925,0.0010075569,0.0023405096,0.0571228266,0.9999994636,72.2020,27.6828
000000185950.jpg,0.0009979764,0.0005355179,0.0015876646,0.0306568146,0.9999993443,32.8611,16.3593
000000186042.jpg,0.0015062086,0.0005310774,0.0025746101,0.0312623978,1.0000000000,28.0821,14.0607
000000186282.jpg,0.0014274189,0.0006742477,0.0022789624,0.0154926777,0.9999997616,32.8417,15.9755
000000186296.jpg,0.0009078535,0.0006012321,0.0013294679,0.0171797276,1.0000000000,73.1783,27.9741
000000186345.jpg,0.0005655173,0.0000000000,0.0012925706,0.0190650821,0.9999994040,36.1455,16.7131
000000186422.jpg,0.0014689177,0.0007285476,0.0022407754,0.0213156939,0.9999996424,33.8583,16.9583
000000186449.jpg,0.0013895018,0.0009884834,0.0018935143,0.0460913181,0.9999995828,88.2057,30.7180
000000186624.jpg,0.0017924311,0.0014053583,0.0024003587,0.0469889641,0.9999989867,65.0438,25.2202
000000186632.jpg,0.0013502374,0.0007065386,0.0020497490,0.0385878086,0.9999995828,75.3354,29.4411
000000186637.jpg,0.0014645590,0.0012234449,0.0018804773,0.0186343193,0.9999978542,35.3869,16.1092
000000186873.jpg,0.0011773773,0.0005855560,0.0020504997,0.0372829437,0.9999987483,50.6191,25.4359
000000186929.jpg,0.0020837591,0.0011131763,0.0029906093,0.0373840332,0.9999991655,32.6818,21.6966
000000186938.jpg,0.0010027066,0.0005276799,0.0016387622,0.0271105766,0.9999992251,33.2797,16.0841
000000186980.jpg,0.0015210370,0.0009958744,0.0021657252,0.0350856781,0.9999992847,83.1339,30.1038
000000187055.jpg,0.0015353620,0.0004398823,0.0027555346,0.0574035645,0.9999994636,33.0663,16.0755
000000187144.jpg,0.0013594704,0.0006473064,0.0021502408,0.0333133936,0.9999957085,72.9048,28.2341
000000187236.jpg,0.0021412994,0.0014094114,0.0030168938,0.0488567352,0.9999992251,73.4541,28.0821
000000187243.jpg,0.0029814476,0.0018502474,0.0048338249,0.0421068668,0.9999991655,79.2752,32.2881
000000187249.jpg,0.0035732810,0.0035164356,0.0041886475,0.1037588120,0.9999991059,79.8436,30.5511
000000187271.jpg,0.0013221822,0.0010614395,0.0017613873,0.0219036341,0.9999967217,78.9060,30.8997
000000187362.jpg,0.0011615207,0.0004924536,0.0020328742,0.0410795212,0.9999997020,35.4287,23.6427
000000187513.jpg,0.0011006198,0.0008205175,0.0015323457,0.0180621147,0.9999994040,33.9138,16.5987
000000187585.jpg,0.0017421943,0.0012530684,0.0023116092,0.0516985655,0.9999987483,87.4668,30.6720
000000187734.jpg,0.0023955137,0.0019567013,0.0029360985,0.0313324928,0.9999994040,74.5271,28.8472
000000187745.jpg,0.0001034384,0.0000000000,0.0005360146,0.0194554329,1.0000000000,73.9595,28.6968
000000187990.jpg,0.0014757243,0.0012623072,0.0018656643,0.0200155973,0.9999997020,40.2915,20.2972
000000188296.jpg,0.0011437904,0.0006675720,0.0017854476,0.0428285599,0.9999997020,56.8225,24.1189
000000188439.jpg,0.0009830873,0.0006329119,0.0014752252,0.0228328705,1.0000000000,32.0161,15.0458
000000188465.jpg,0.0012766505,0.0005661249,0.0021553494,0.0497298241,0.9999995828,81.7359,29.4848
000000188592.jpg,0.0018262436,0.0009685755,0.0026919965,0.0284197330,0.9999996424,81.2425,37.9165
000000188689.jpg,0.0011331205,0.0006151199,0.0018308762,0.0246186256,1.0000000000,36.5579,16.7606
000000188906.jpg,0.0025482643,0.0020227432,0.0032441767,0.0240322351,0.9999991059,35.4166,17.5017
000000189078.jpg,0.0022620067,0.0015919209,0.0030197264,0.0194076300,0.9999995828,33.7303,16.2787
000000189213.jpg,0.0018790244,0.0013957024,0.0024543910,0.0207011700,0.9999992847,39.4990,19.4848
000000189226.jpg,0.0013266352,0.0007941723,0.0020154095,0.0359158516,0.9999989867,37.8176,16.4804
000000189310.jpg,0.0018106819,0.0011155605,0.0037688043,0.2971677780,0.9999995232,73.3951,27.9976
000000189436.jpg,0.0023531762,0.0017287731,0.0032608737,0.0350471735,0.9999992251,74.4901,28.8930
000000189451.jpg,0.0023201574,0.0013949871,0.0032449374,0.0307873487,0.9999988079,33.6176,15.6893
000000189475.jpg,0.0014207346,0.0007595718,0.0021399138,0.0344216824,0.9999995232,39.4790,24.7556
000000189698.jpg,0.0012726842,0.0008295774,0.0019278685,0.0556335449,0.9999990463,35.4747,15.8289
000000189752.jpg,0.0017973282,0.0010821819,0.0025587063,0.0253074169,0.9999995232,73.0480,27.8106
000000189775.jpg,0.0012274765,0.0007127821,0.0018666600,0.0457446575,0.9999995828,80.4842,31.4538
000000189806.jpg,0.0011821227,0.0007648468,0.0018459900,0.0524024963,0.9999995828,44.1955,25.0582
000000189820.jpg,0.0018999749,0.0017561913,0.0024369699,0.0646176934,0.9999981523,34.4018,24.8768
000000189828.jpg,0.0017654812,0.0015568584,0.0022658394,0.0322213173,0.9999992251,51.3830,20.5908
000000190007.jpg,0.0012648070,0.0009827614,0.0016718678,0.0105541945,0.9999996424,39.6857,14.9546
000000190140.jpg,0.0011999788,0.0006659627,0.0018076019,0.0361027718,0.9999997616,33.8223,16.5802
000000190236.jpg,0.0017327805,0.0014576912,0.0022020738,0.0300223827,0.9999977350,32.9707,16.0438
000000190307.jpg,0.0013333464,0.0007138848,0.0019896836,0.0241198540,0.9999995232,66.0262,26.2859
000000190637.jpg,0.0017173293,0.0008025169,0.0026704469,0.0298733711,1.0000000000,33.6797,25.4343
000000190648.jpg,0.0013868612,0.0007702112,0.0022950063,0.0406103134,0.9999989867,73.5495,28.5135
000000190676.jpg,0.0011232946,0.0004786849,0.0023184065,0.1301591396,0.9999997616,19.8634,12.0939
000000190753.jpg,0.0011455724,0.0006222725,0.0018326129,0.0576772690,0.9999994040,74.4656,28.5749
000000190756.jpg,0.0003598061,0.0000000000,0.0009932476,0.0499647856,1.0000000000,73.9242,28.6546
000000190841.jpg,0.0015733071,0.0007225275,0.0026742786,0.0552647114,0.9999995828,33.4160,16.5577
000000190853.jpg,0.0013164351,0.0008471012,0.0019811871,0.0313093662,0.9999997020,29.1021,24.5515
000000190923.jpg,0.0011668639,0.0007956028,0.0017710953,0.0382180214,0.9999992251,39.3013,19.3253
000000191013.jpg,0.0007780898,0.0003927946,0.0013507667,0.0407862663,1.0000000000,77.5535,29.3680
000000191288.jpg,0.0011697930,0.0006674528,0.0018587786,0.0319378376,0.9999985099,34.8317,16.7161
000000191471.jpg,0.0012537036,0.0002765357,0.0022442758,0.0381069183,1.0000000000,74.8271,28.4563
000000191580.jpg,0.0034443540,0.0027694702,0.0042935545,0.0805649757,0.9999980927,77.0772,29.3937
000000191614.jpg,0.0009423766,0.0003083348,0.0017526302,0.0972259045,0.9999998808,51.6733,19.6049
000000191672.jpg,0.0010133472,0.0005455017,0.0016683688,0.0210583210,1.0000000000,34.0753,16.5596
000000191761.jpg,0.0015640238,0.0010852814,0.0022046543,0.0416607857,0.9999991059,40.1564,24.2056
000000191845.jpg,0.0012969036,0.0009098053,0.0019487180,0.0519618988,0.9999993443,28.2259,14.3771
000000192047.jpg,0.0013622952,0.0009551048,0.0019446447,0.0213723183,0.9999991655,74.5975,29.1155
000000192191.jpg,0.0018159525,0.0013554096,0.0024565707,0.0509829521,0.9999989271,73.6059,28.9047
000000192607.jpg,0.0017484910,0.0009186268,0.0025631387,0.0530099869,0.9999995232,33.1263,16.6090
000000192670.jpg,0.0015293735,0.0007057190,0.0023569602,0.0215991735,0.9999997616,33.6002,16.5476
000000192699.jpg,0.0013614041,0.0008702278,0.0019673773,0.0592677593,0.9999993443,82.0740,29.1620
000000192716.jpg,0.0014354113,0.0003249645,0.0025393229,0.0527568758,0.9999991059,71.7933,27.3215
000000192871.jpg,0.0021909759,0.0016748905,0.0030600210,0.0376073718,0.9999988079,33.5122,18.8664
000000192904.jpg,0.0034853485,0.0030794144,0.0041851681,0.0258703232,0.9999992847,100.1480,34.3689
000000192964.jpg,0.0012304463,0.0008950233,0.0017520606,0.0371205807,0.9999997020,36.6321,22.2863
000000193162.jpg,0.0011273831,0.0006422997,0.0017321606,0.0285485983,0.9999998212,36.0004,23.8187
000000193181.jpg,0.0013038693,0.0006708503,0.0020059107,0.0263319016,0.9999994040,35.0006,18.4409
000000193245.jpg,0.0007528423,0.0001262426,0.0014084990,0.0269224644,0.9999983907,41.6140,19.1335
000000193348.jpg,0.0018863061,0.0015473366,0.0023974597,0.0329696536,0.9999993443,33.1369,16.0546
000000193429.jpg,0.0012035337,0.0006175041,0.0018465605,0.0263384581,0.9999995232,32.9716,15.9121
000000193494.jpg,0.0011992072,0.0007967949,0.0017407566,0.0190739632,0.9999992251,32.9347,15.8838
000000193674.jpg,0.0010914374,0.0005812645,0.0017006116,0.0230660439,1.0000000000,72.9975,28.0336
000000193717.jpg,0.0011096963,0.0005822182,0.0018117726,0.0577681065,0.9999988675,71.1502,54.5024
000000193743.jpg,0.0017653512,0.0010454655,0.0026186004,0.0563139915,0.9999989867,35.5123,24.9998
000000193884.jpg,0.0010772882,0.0005255938,0.0017526092,0.0417783260,0.9999970198,73.7939,28.0744
000000193926.jpg,0.0019768234,0.0016953945,0.0025968531,0.0406010151,1.0000000000,74.2363,28.1460
000000194216.jpg,0.0016168066,0.0006759167,0.0026072811,0.0300345421,0.9999998212,38.6269,11.6416
000000194471.jpg,0.0009686476,0.0000000000,0.0018995440,0.0332442820,0.9999979734,33.0046,17.7623
000000194506.jpg,0.0013551943,0.0005919933,0.0026109051,0.0807273388,0.9999995232,77.5561,28.9317
000000194716.jpg,0.0012028695,0.0007524490,0.0018113243,0.0459885001,0.9999995232,34.2877,23.4569
000000194724.jpg,0.0017233921,0.0011692047,0.0024013119,0.0398989916,1.0000000000,76.4803,29.8168
000000194746.jpg,0.0015835800,0.0012080669,0.0021854276,0.0469284058,0.9999985695,40.1337,20.0721
000000194832.jpg,0.0016997096,0.0012483597,0.0022635031,0.0205537081,0.9999991059,33.8402,16.9318
000000194875.jpg,0.0020865165,0.0018178225,0.0026246300,0.0437865257,0.9999996424,59.7434,25.1907
000000194940.jpg,0.0016793382,0.0015242100,0.0021069220,0.0277638435,0.9999994040,40.6924,19.8645
000000195045.jpg,0.0011702437,0.0007848740,0.0017437818,0.0311211348,0.9999995828,75.6414,29.1324
000000195165.jpg,0.0017597217,0.0014739037,0.0022680040,0.0681214333,0.9999992251,77.0842,29.2235
000000195754.jpg,0.0013713754,0.0006814003,0.0022123475,0.0447402000,0.9999999404,33.9729,17.2299
000000195842.jpg,0.0010971744,0.0007991791,0.0015189886,0.0248804092,0.9999991655,75.3585,28.5038
000000195918.jpg,0.0018951168,0.0011484623,0.0029852302,0.0332596302,0.9999997616,36.3383,16.2967
000000196009.jpg,0.0015394583,0.0010223389,0.0021215668,0.0363868475,0.9999992251,73.7099,27.9456
000000196141.jpg,0.0012844626,0.0005486012,0.0020753222,0.0304946899,0.9999994040,33.5293,16.4712
000000196185.jpg,0.0003490660,0.0000000000,0.0008977297,0.0303238630,1.0000000000,33.5879,23.9316
000000196442.jpg,0.0003132910,0.0000021905,0.0007988561,0.0218808651,0.9999982119,33.3761,16.2365
000000196754.jpg,0.0016704159,0.0010846853,0.0025027012,0.0287666321,0.9999993443,39.6931,18.8917
000000196759.jpg,0.0012095511,0.0006134803,0.0019487796,0.0427901745,0.9999966621,73.0358,28.3854
000000196843.jpg,0.0016534858,0.0011695325,0.0022570146,0.0490363836,0.9999998808,72.6050,28.1632
000000197004.jpg,0.0017821384,0.0012454987,0.0024398298,0.0218828917,0.9999997020,33.3346,16.0151
000000197022.jpg,0.0027802552,0.0020022392,0.0036617692,0.0203623772,0.9999995232,75.3138,28.2603
000000197388.jpg,0.0012007514,0.0005128384,0.0020893826,0.0321702957,0.9999966025,31.6806,14.8440
000000197528.jpg,0.0015197152,0.0010294914,0.0020806512,0.0097937584,0.9999992847,79.4157,31.6536
000000197658.jpg,0.0011461528,0.0005874634,0.0017905926,0.0317611694,1.0000000000,61.5981,26.8927
000000197796.jpg,0.0020090078,0.0015909672,0.0025635629,0.0146553516,0.9999993443,81.1229,30.3218
000000197870.jpg,0.0014722323,0.0009765327,0.0021156294,0.0291961432,0.9999995828,35.0287,21.2847
000000198489.jpg,0.0013264021,0.0009217262,0.0018152648,0.0265741348,0.9999996424,36.5017,16.6099
000000198510.jpg,0.0017493702,0.0004447699,0.0031115250,0.0487844944,1.0000000000,51.9360,20.2830
000000198641.jpg,0.0014287680,0.0010213852,0.0019604494,0.0249166489,0.9999990463,77.0078,28.8920
000000198805.jpg,0.0012698495,0.0005344152,0.0020618329,0.0233590603,0.9999971390,32.1190,25.1350
000000198915.jpg,0.0004318894,0.0000000000,0.0010283326,0.0351479053,1.0000000000,31.7600,15.2156
000000198928.jpg,0.0009782016,0.0004200339,0.0018330995,0.0516521931,0.9999945760,75.5372,29.0092
000000198960.jpg,0.0015679683,0.0009223223,0.0024216396,0.0330409408,0.9999991655,33.5910,24.0827
000000199055.jpg,0.0010405912,0.0007427931,0.0014770722,0.0240765810,0.9999989867,73.7359,28.7971
000000199236.jpg,0.0010520556,0.0005981922,0.0015888057,0.0333626270,0.9999997020,33.5296,16.1867
000000199310.jpg,0.0010705186,0.0007235408,0.0015380958,0.0185930729,0.9999993443,33.2717,24.7544
000000199395.jpg,0.0003666295,0.0000000000,0.0009074715,0.0143916607,0.9999980927,32.7561,15.8611
000000199442.jpg,0.0011008191,0.0003900528,0.0018913436,0.0314521790,0.9999965429,33.3593,15.9585
000000199551.jpg,0.0015844600,0.0008342862,0.0024822594,0.0161685944,0.9999996424,32.9021,16.2419
000000199681.jpg,0.0028045233,0.0023207664,0.0038494135,0.0922415257,0.9999985099,75.8619,29.5555
000000199771.jpg,0.0013620199,0.0009357929,0.0019589087,0.0279521942,0.9999997020,33.5177,16.6098
000000199977.jpg,0.0004541909,0.0000000000,0.0010608980,0.0235615373,1.0000000000,77.5103,30.4265
000000200152.jpg,0.0039443541,0.0031315088,0.0053306296,0.0827784538,0.9999930859,33.7187,17.0656
000000200162.jpg,0.0010927508,0.0004913807,0.0019503692,0.0385977030,1.0000000000,34.0541,16.9001
000000200252.jpg,0.0015769685,0.0009717941,0.0022171084,0.0177218914,0.9999997616,40.2211,19.8425
000000200421.jpg,0.0016545524,0.0010063648,0.0025274064,0.0594446659,0.9999986887,74.1273,29.0643
000000200667.jpg,0.0015806726,0.0012190342,0.0021466059,0.0316638947,0.9999988675,33.5119,16.1687
000000200839.jpg,0.0015060263,0.0010899305,0.0021828341,0.0621113777,0.9999990463,74.6504,28.8431
000000200961.jpg,0.0012514126,0.0004834086,0.0019821518,0.0159249306,0.9999998212,34.4129,16.1343
000000201025.jpg,0.0017397330,0.0014177561,0.0022913974,0.0685815811,0.9999993443,33.4554,16.1450
000000201072.jpg,0.0012189418,0.0008144379,0.0017770411,0.0272256136,0.9999983907,32.8420,15.1959
000000201148.jpg,0.0009644111,0.0002834797,0.0022614938,0.0445597172,0.9999999404,28.9400,13.6608
000000201418.jpg,0.0012953727,0.0007791519,0.0018638558,0.0426373482,0.9999994040,40.1796,19.5918
000000201426.jpg,0.0017205847,0.0009951591,0.0024674914,0.0295860767,0.9999997616,73.2068,28.0933
000000201646.jpg,0.0017926138,0.0017493963,0.0021785405,0.0433166027,0.9999992847,35.6501,16.6091
000000201676.jpg,0.0013938078,0.0006823540,0.0021847002,0.0394985676,0.9999986887,75.2982,28.7640
000000201775.jpg,0.0008472431,0.0006650686,0.0011650743,0.0241320133,0.9999989867,40.3213,19.8435
000000201934.jpg,0.0014797439,0.0011172295,0.0020532436,0.0363775492,1.0000000000,40.3026,19.5760
000000202001.jpg,0.0012021603,0.0004832745,0.0020872320,0.0505051613,0.9999989867,48.7602,50.9626
000000202228.jpg,0.0012060845,0.0007395744,0.0019096225,0.0189495087,0.9999982715,75.3697,29.8268
000000202339.jpg,0.0013493468,0.0009816885,0.0020075561,0.0825880170,0.9999992251,77.0336,29.6590
000000202445.jpg,0.0019877595,0.0012557507,0.0029352480,0.0725178719,0.9999994636,52.1632,19.8555
000000203095.jpg,0.0025084021,0.0018010139,0.0032476916,0.0129513741,0.9999992847,75.0626,28.8853
000000203294.jpg,0.0016970051,0.0008759499,0.0027434377,0.0365115404,0.9999985099,76.0532,28.9308
000000203317.jpg,0.0014893904,0.0013967752,0.0017573141,0.0205118656,0.9999960065,62.7455,65.2256
000000203389.jpg,0.0010778605,0.0003202520,0.0018667106,0.0335340500,1.0000000000,73.6795,28.9804
000000203488.jpg,0.0010557632,0.0005812645,0.0016708591,0.0218486786,0.9999998212,74.6818,29.0548
000000203546.jpg,0.0014486202,0.0007010102,0.0021841200,0.0166796446,0.9999995828,85.0246,29.9088
000000203580.jpg,0.0014701723,0.0009467602,0.0020998982,0.0244032145,0.9999987483,34.0007,16.0558
000000203629.jpg,0.0015455126,0.0008102655,0.0026807364,0.0928721428,0.9999994636,33.6205,16.1656
000000203639.jpg,0.0014045391,0.0008263588,0.0023491313,0.0467159748,1.0000000000,75.7799,29.6145
000000203864.jpg,0.0011167395,0.0006379187,0.0017055413,0.0255148411,0.9999991059,73.5797,27.5389
000000203931.jpg,0.0009474900,0.0004837364,0.0015372250,0.0247814655,1.0000000000,33.8459,16.5593
000000204186.jpg,0.0012204834,0.0007581711,0.0017586359,0.0370113850,0.9999997020,72.5282,27.2381
000000204329.jpg,0.0011407004,0.0004162788,0.0019398701,0.0318332613,1.0000000000,34.3735,17.0390
000000204871.jpg,0.0012828771,0.0006635189,0.0020985079,0.0389626026,0.9999989867,51.6556,19.7151
000000205105.jpg,0.0011983454,0.0008012056,0.0018009329,0.0454697609,0.9999991059,33.8396,22.3367
000000205282.jpg,0.0006467049,0.0001643002,0.0013247213,0.0470292568,0.9999994636,74.6372,28.7040
000000205289.jpg,0.0019034325,0.0007345676,0.0035028241,0.0485607386,0.9999945760,84.1900,29.8833
000000205324.jpg,0.0016924100,0.0008451939,0.0025384533,0.0163047314,1.0000000000,34.5990,16.9851
000000205333.jpg,0.0021756862,0.0020376444,0.0024321736,0.0164430141,0.9999952912,39.5509,49.7155
000000205401.jpg,0.0008463913,0.0002146661,0.0015433740,0.0292651653,0.9999997616,31.3861,15.5780
000000205514.jpg,0.0015829772,0.0008361340,0.0023664634,0.0336053371,0.9999995828,33.7018,25.8691
000000205542.jpg,0.0020591179,0.0014880896,0.0027440835,0.0377311707,0.9999997020,73.9690,29.1339
000000205647.jpg,0.0009130773,0.0002431870,0.0015363512,0.0197458267,1.0000000000,33.3921,16.4089
000000205776.jpg,0.0010994624,0.0008246899,0.0015818438,0.0268640518,1.0000000000,33.1943,16.4435
000000205834.jpg,0.0014691646,0.0009715557,0.0021049622,0.0340523720,0.9999995828,33.2929,20.3166
000000206025.jpg,0.0016996714,0.0010418892,0.0025882937,0.0261096954,0.9999951720,33.3428,16.7056
000000206027.jpg,0.0019110362,0.0014648438,0.0025062072,0.0446966887,0.9999997020,74.2182,28.7657
000000206135.jpg,0.0007088119,0.0002481937,0.0013042520,0.0190792084,0.9999994636,36.5672,24.9311
000000206218.jpg,0.0019825364,0.0014177561,0.0026517916,0.0634160042,0.9999995232,74.5793,29.2066
000000206271.jpg,0.0009752732,0.0007007122,0.0013682143,0.0199942589,0.9999987483,26.9832,13.0693
000000206411.jpg,0.0013826620,0.0011799335,0.0018393868,0.0327513218,0.9999995828,78.8716,30.4685
000000206487.jpg,0.0011593488,0.0006091595,0.0019023023,0.0466260910,1.0000000000,76.4285,29.8450
000000206579.jpg,0.0024206880,0.0020847321,0.0030844647,0.0788466930,0.9999994636,76.8983,29.6021
000000206831.jpg,0.0008831630,0.0005208254,0.0013234232,0.0171320438,0.9999997020,44.3271,17.2004
000000206838.jpg,0.0007858264,0.0002914667,0.0014463323,0.0358490944,0.9999992251,77.2924,29.5934
000000206994.jpg,0.0011459447,0.0006931424,0.0017670696,0.0234156474,0.9999999404,34.3305,17.1742
000000207306.jpg,0.0017652954,0.0008144379,0.0027331111,0.0505158901,0.9999993443,41.0283,20.1469
000000207538.jpg,0.0020555218,0.0014925003,0.0027299451,0.0190805197,0.9999985099,40.6003,19.7665
000000207585.jpg,0.0019597469,0.0011548996,0.0029255883,0.0317222476,1.0000000000,75.0714,29.0085
000000207728.jpg,0.0012745744,0.0006749630,0.0019936010,0.0381927490,0.9999990463,35.1910,14.0864
000000207844.jpg,0.0012096653,0.0004301071,0.0020631345,0.0262057781,0.9999994636,74.2961,28.4209
000000208208.jpg,0.0005123665,0.0002240539,0.0010737322,0.0302695036,0.9999999404,74.0496,28.3558
000000208363.jpg,0.0014370050,0.0008616447,0.0022987006,0.0603668690,0.9999995828,75.4791,28.7346
000000208423.jpg,0.0003104035,0.0000000000,0.0010729542,0.0571126938,0.9999980927,75.5624,28.8486
000000208901.jpg,0.0001416529,0.0000000000,0.0004877532,0.0268769264,1.0000000000,34.0428,22.7269
000000209142.jpg,0.0013272741,0.0009422302,0.0020621577,0.0527830124,0.9999986291,33.4271,16.8255
000000209222.jpg,0.0012115426,0.0006909370,0.0018139903,0.0327301025,0.9999997020,35.8688,16.4509
000000209530.jpg,0.0014633748,0.0009388924,0.0021874658,0.0589106083,0.9999994636,34.4439,16.7137
000000209613.jpg,0.0013151650,0.0005152225,0.0021651066,0.0195951462,0.9999995232,33.9064,16.2630
000000209747.jpg,0.0016180819,0.0012335777,0.0022186416,0.0636816025,0.9999994040,35.0395,17.6668
000000209753.jpg,0.0015326531,0.0007901192,0.0023387612,0.0262980461,0.9999997616,82.1234,29.9891
000000209757.jpg,0.0036853768,0.0023028851,0.0052711051,0.0431704521,0.9999980330,44.3533,22.5379
000000209829.jpg,0.0011446814,0.0007467270,0.0016076544,0.0184168816,0.9999994636,72.9697,28.6229
000000209972.jpg,0.0009496030,0.0002973080,0.0017263957,0.0226087570,1.0000000000,26.7906,11.5872
000000210030.jpg,0.0023611570,0.0016317368,0.0031051168,0.0233464241,0.9999991655,41.1811,25.9579
000000210032.jpg,0.0024975659,0.0014858246,0.0041690026,0.0607275963,1.0000000000,31.2603,14.4652
000000210099.jpg,0.0018742888,0.0014939308,0.0025474117,0.0740187168,0.9999986291,63.2395,25.5412
000000210230.jpg,0.0015473091,0.0008879900,0.0025500103,0.0682642460,0.9999990463,84.7916,30.1962
000000210273.jpg,0.0024355846,0.0015521049,0.0034033495,0.0261607170,0.9999985695,41.6157,16.2027
000000210299.jpg,0.0013563776,0.0007383823,0.0020278217,0.0216097832,0.9999998212,74.6840,28.5308
000000210388.jpg,0.0004715853,0.0000000000,0.0012526857,0.0507624149,0.9999988079,33.6164,24.0584
000000210394.jpg,0.0012898016,0.0006389618,0.0022824381,0.0365288258,1.0000000000,73.9289,28.8688
000000210502.jpg,0.0023543481,0.0022277832,0.0028665382,0.0357301980,0.9999976158,74.7589,30.4576
000000210520.jpg,0.0035205435,0.0034992695,0.0039619515,0.0360816717,0.9999980927,49.1000,26.3003
000000210708.jpg,0.0014749141,0.0006802082,0.0024792673,0.1331775188,0.9999993443,33.1597,23.0360
000000210789.jpg,0.0009948367,0.0005707741,0.0016092102,0.0266003609,0.9999986291,34.7611,18.3490
000000210855.jpg,0.0018537615,0.0014683008,0.0033830581,0.1379365921,0.9999994636,34.8555,17.8153
000000210915.jpg,0.0013196361,0.0009624958,0.0018447003,0.0402014256,0.9999991059,78.8873,30.2280
000000211042.jpg,0.0015838894,0.0010896921,0.0022777757,0.0618906021,0.9999990463,89.0812,32.2827
000000211069.jpg,0.0012425589,0.0007278919,0.0019948806,0.0615592003,0.9999988675,77.6368,29.2819
000000211120.jpg,0.0019262814,0.0014333725,0.0025608945,0.0190410614,0.9999991059,40.0813,14.4477
000000211674.jpg,0.0012698139,0.0004428625,0.0022249380,0.0571173429,0.9999999404,32.7946,22.0440
000000211825.jpg,0.0015276369,0.0009792447,0.0021172916,0.0298643112,0.9999994636,74.5660,28.8407
000000212072.jpg,0.0009266989,0.0005042553,0.0016406793,0.0424427986,0.9999997020,40.0996,19.7650
000000212166.jpg,0.0020770833,0.0016095638,0.0027574345,0.0172297955,0.9999989271,50.1546,19.7909
000000212226.jpg,0.0019834905,0.0009169579,0.0046545858,0.1032714248,0.9999982715,33.8498,16.4021
000000212453.jpg,0.0015390976,0.0011320114,0.0021085741,0.0202960968,0.9999984503,75.8869,29.5394
000000212559.jpg,0.0018869636,0.0012069941,0.0026640939,0.0217556953,0.9999991059,71.2610,27.0759
000000212573.jpg,0.0015398539,0.0010519028,0.0021573594,0.0435578823,0.9999997020,63.3356,25.3657
000000212800.jpg,0.0012628265,0.0009442568,0.0016749573,0.0223600864,0.9999994636,33.6581,16.7019
000000212895.jpg,0.0004415694,0.0000571012,0.0009277661,0.0376436710,1.0000000000,76.0027,29.6720
000000213033.jpg,0.0011013106,0.0004718900,0.0018711170,0.0393379629,0.9999995232,75.9065,29.7576
000000213035.jpg,0.0016885577,0.0011552572,0.0024695701,0.1041884422,0.9999989271,35.5307,18.2579
000000213086.jpg,0.0012311984,0.0008130074,0.0017624391,0.0358700752,0.9999995232,43.7443,22.0270
000000213171.jpg,0.0014034030,0.0005223155,0.0023117769,0.0745159388,0.9999997616,43.7613,22.0122
000000213224.jpg,0.0017041295,0.0012559891,0.0024154445,0.0347545147,0.9999992251,36.0995,17.4338
000000213255.jpg,0.0016343166,0.0009942204,0.0026401016,0.2581689358,0.9999997020,80.8424,31.7102
000000213422.jpg,0.0015832068,0.0008968711,0.0024770775,0.0165529251,0.9999995232,34.9828,24.3092
000000213445.jpg,0.0013493503,0.0007767677,0.0020394600,0.0556271076,0.9999994636,42.2155,20.7694
000000213547.jpg,0.0020853574,0.0010775328,0.0031851537,0.0590032339,0.9999988079,78.1744,30.5268
000000213593.jpg,0.0006422180,0.0003463030,0.0012584610,0.0342175961,0.9999980927,34.0689,16.8146
000000213605.jpg,0.0011779575,0.0007643700,0.0019400424,0.0694370270,1.0000000000,76.9422,29.9910
000000213816.jpg,0.0022398834,0.0017597675,0.0028354465,0.0189738274,0.9999993443,76.0318,29.2255
000000213830.jpg,0.0013555817,0.0007286072,0.0021020782,0.0318136215,0.9999995828,34.1271,16.7946
000000213935.jpg,0.0025995970,0.0019793510,0.0033108343,0.0283203125,0.9999991655,34.4505,24.1044
000000214192.jpg,0.0016364832,0.0009510517,0.0024790999,0.0324190259,0.9999985695,87.4007,30.5194
000000214200.jpg,0.0008671249,0.0003781021,0.0015444017,0.0478881896,0.9999994636,33.2305,17.0565
000000214205.jpg,0.0002430233,0.0000000000,0.0006749136,0.0200377703,0.9999982715,88.0259,30.4263
000000214224.jpg,0.0011015080,0.0006877184,0.0015831424,0.0182580948,0.9999989867,34.3858,17.1320
000000214539.jpg,0.0013192251,0.0005437136,0.0021613752,0.0315208435,0.9999998808,34.2440,17.2979
000000214703.jpg,0.0014370143,0.0012187958,0.0018396094,0.0092480183,0.9999996424,33.8503,17.1209
000000214720.jpg,0.0018692181,0.0011290312,0.0026203694,0.0239427090,0.9999997616,40.4192,19.5591
000000214753.jpg,0.0013873324,0.0010594130,0.0018366541,0.0202143192,0.9999995828,36.5429,16.3982
000000214869.jpg,0.0019529494,0.0015401840,0.0025617434,0.0392549038,0.9999988079,74.6837,28.4634
000000215072.jpg,0.0012633959,0.0007028580,0.0019867942,0.0503767729,0.9999972582,84.4974,29.8203
000000215114.jpg,0.0021341476,0.0013960600,0.0029498381,0.0551192760,0.9999986291,65.5576,25.9928
000000215245.jpg,0.0010600837,0.0003821254,0.0017951811,0.0219731331,1.0000000000,74.1448,28.6145
000000215259.jpg,0.0013011842,0.0008226633,0.0019078517,0.0354320407,0.9999992847,33.9713,18.0871
000000215644.jpg,0.0011451173,0.0009058714,0.0015323900,0.0215816498,0.9999988675,80.4013,30.5835
000000215723.jpg,0.0029115204,0.0018994808,0.0042598550,0.1186916828,0.9999989867,76.4071,29.8758
000000215778.jpg,0.0020812089,0.0014858246,0.0029041702,0.0481433868,0.9999994636,34.4688,17.4317
000000216277.jpg,0.0016193251,0.0010638237,0.0022815764,0.0267436504,0.9999986887,76.1867,29.1141
000000216296.jpg,0.0020852385,0.0011478662,0.0029811689,0.0629732609,0.9999994636,35.0715,17.1336
000000216419.jpg,0.0010905298,0.0004678965,0.0017596591,0.0351045132,1.0000000000,82.3476,29.2504
000000216497.jpg,0.0017358050,0.0010430813,0.0024826499,0.0199108124,0.9999991655,75.2787,29.0846
000000216516.jpg,0.0013939220,0.0005438328,0.0023212766,0.0286543369,1.0000000000,76.8850,29.8685
000000216636.jpg,0.0025496359,0.0017120838,0.0035457055,0.0640389323,0.9999994040,38.3813,17.1587
000000216739.jpg,0.0005436076,0.0000000000,0.0011472492,0.0381706953,0.9999996424,34.2629,17.1009
000000217060.jpg,0.0003021787,0.0000000000,0.0008708804,0.0173494518,0.9999982715,87.6766,30.3865
000000217219.jpg,0.0014314200,0.0010423660,0.0019351228,0.0154049397,0.9999997616,34.9451,13.9135
000000217285.jpg,0.0012728992,0.0006809235,0.0020524368,0.1050810814,0.9999994040,32.9830,16.9901
000000217400.jpg,0.0018394575,0.0012518764,0.0025847442,0.0763939619,0.9999989271,74.1554,28.4621
000000217425.jpg,0.0014224466,0.0000478476,0.0028650388,0.0577765703,1.0000000000,73.9653,28.5598
000000217614.jpg,0.0010236541,0.0007122755,0.0014651362,0.0326964855,0.9999997020,74.8040,29.3319
000000217753.jpg,0.0027956788,0.0021629333,0.0035500685,0.0237631798,0.9999989271,74.8362,28.3189
000000217872.jpg,0.0005498339,0.0000000000,0.0015604197,0.0206053257,0.9999998808,33.7822,16.1038
000000217948.jpg,0.0027308164,0.0023632050,0.0034144053,0.0320522785,0.9999992251,33.3190,16.2050
000000217957.jpg,0.0008250112,0.0004816055,0.0016156011,0.0549716949,0.9999988079,75.0226,29.4360
000000218091.jpg,0.0015324728,0.0008312464,0.0024582599,0.0400381088,0.9999995232,35.2643,18.0715
000000218249.jpg,0.0021762138,0.0016698837,0.0028484212,0.0315222740,0.9999994040,37.3055,18.7660
000000218362.jpg,0.0023257264,0.0017488003,0.0029873296,0.0148000717,0.9999994636,35.9925,18.9817
000000218424.jpg,0.0012847563,0.0007658005,0.0018858702,0.0219614506,0.9999992251,80.7727,30.8742
000000218439.jpg,0.0020662297,0.0012836456,0.0029572009,0.0279822350,0.9999997020,81.4528,31.5424
000000218997.jpg,0.0016142592,0.0012564659,0.0021730554,0.0210969746,0.9999994040,58.1291,59.4746
000000219271.jpg,0.0005404402,0.0001652241,0.0010863594,0.0253953934,0.9999985695,34.0439,18.1777
000000219283.jpg,0.0016961982,0.0014319420,0.0021879938,0.0201767683,0.9999986291,53.1260,20.0027
000000219440.jpg,0.0013752214,0.0007607937,0.0022030508,0.0510826111,0.9999983311,33.9368,17.2846
000000219485.jpg,0.0013473796,0.0009342432,0.0019055516,0.0184297562,0.9999987483,32.6497,15.7587
000000219578.jpg,0.0023136635,0.0015780926,0.0030459096,0.0525479317,0.9999996424,33.9130,16.7875
000000220310.jpg,0.0017923738,0.0012750626,0.0024687466,0.0216598511,0.9999994040,33.5502,20.1320
000000220584.jpg,0.0012503273,0.0008864403,0.0016776874,0.0186966658,0.9999996424,33.4369,24.9592
000000220732.jpg,0.0014289474,0.0008760691,0.0022691577,0.0749835968,0.9999993443,74.0479,29.0538
000000220764.jpg,0.0010953792,0.0000000000,0.0022472795,0.0183341503,1.0000000000,34.6676,16.7489
000000220858.jpg,0.0011438479,0.0003778934,0.0019840866,0.0181660652,1.0000000000,35.9383,18.1778
000000221017.jpg,0.0012101915,0.0007300377,0.0017445215,0.0317635536,0.9999994636,74.3437,28.7975
000000221155.jpg,0.0013806903,0.0009055138,0.0019916575,0.0235500336,0.9999995828,83.8819,33.4417
000000221213.jpg,0.0011958587,0.0008084774,0.0017455096,0.0449838638,0.9999982119,92.1533,34.1665
000000221281.jpg,0.0011016595,0.0006177425,0.0016940937,0.0354285240,1.0000000000,33.4651,16.8590
000000221291.jpg,0.0003386620,0.0000000000,0.0008985832,0.0179209709,1.0000000000,38.1074,20.7530
000000221502.jpg,0.0012932735,0.0009355545,0.0017761744,0.0260746479,0.9999997020,26.9913,12.4439
000000221693.jpg,0.0010833781,0.0004982948,0.0019298046,0.0596258640,0.9999994040,33.4702,16.3325
000000221708.jpg,0.0014078324,0.0009446144,0.0019982101,0.0426630974,0.9999992251,74.4871,28.6301
000000221754.jpg,0.0009797242,0.0004434586,0.0018972082,0.0415284634,1.0000000000,33.6439,16.1464
000000221872.jpg,0.0018355865,0.0013186932,0.0024930674,0.0426070690,0.9999977350,33.2150,16.5803
000000222094.jpg,0.0008095867,0.0002431870,0.0014716757,0.0256686211,0.9999974370,39.4731,19.1503
000000222118.jpg,0.0021620051,0.0021060705,0.0023233998,0.0222387314,0.9999996424,33.5434,23.1628
000000222235.jpg,0.0010645369,0.0007313490,0.0015547007,0.0329365730,0.9999974966,33.1132,16.5665
000000222299.jpg,0.0018603273,0.0013706684,0.0024553859,0.0105299950,0.9999992847,39.6166,19.1714
000000222317.jpg,0.0014230200,0.0008676648,0.0022562600,0.0885353088,1.0000000000,84.0686,33.8665
000000222455.jpg,0.0033424972,0.0035073757,0.0038963573,0.0229648352,0.9999945760,58.2104,22.8522
000000222458.jpg,0.0014503511,0.0010385513,0.0019549129,0.0207943581,0.9999994040,37.4217,18.2965
000000222559.jpg,0.0008007879,0.0001978874,0.0014049445,0.0185608864,1.0000000000,35.5634,18.7181
000000222735.jpg,0.0022931856,0.0019302368,0.0029792208,0.0425672531,1.0000000000,85.2069,32.0864
000000222825.jpg,0.0019016543,0.0009152889,0.0037784420,0.0530791283,0.9999994040,34.3594,17.3679
000000222863.jpg,0.0010182657,0.0006189346,0.0016283882,0.0414507389,0.9999991655,35.1487,17.9899
000000222991.jpg,0.0013523106,0.0009541512,0.0019195260,0.0176641941,0.9999983311,79.2610,30.6522
000000223090.jpg,0.0020477592,0.0014768839,0.0027194887,0.0329628587,0.9999991655,76.9710,29.4368
000000223130.jpg,0.0008047646,0.0004025698,0.0014372624,0.0299949646,0.9999988079,37.2161,16.4701
000000223182.jpg,0.0012133617,0.0008854866,0.0016628117,0.0295376778,0.9999993443,65.7462,26.3829
000000223188.jpg,0.0013237435,0.0007374287,0.0021312067,0.0368911624,1.0000000000,39.2787,16.3354
000000223738.jpg,0.0007859433,0.0004120469,0.0012746903,0.0212145448,0.9999992847,52.2021,19.8126
000000223747.jpg,0.0024568432,0.0015482903,0.0035619724,0.0182335377,0.9999983311,35.9284,18.0693
000000223789.jpg,0.0020486503,0.0016803741,0.0026329246,0.0422484875,0.9999990463,35.2680,17.6891
000000223955.jpg,0.0013615241,0.0005948544,0.0021696028,0.0195510387,0.9999996424,34.9699,17.0698
000000223959.jpg,0.0017706400,0.0010499954,0.0026930976,0.0975370407,0.9999991059,77.0023,30.0791
000000224051.jpg,0.0009262073,0.0003817081,0.0016560453,0.0346300602,0.9999997616,34.3354,16.2123
000000224093.jpg,0.0012456521,0.0005602837,0.0020227027,0.0198523998,1.0000000000,25.0605,12.8451
000000224119.jpg,0.0027500289,0.0011702776,0.0044162339,0.1002607346,0.9999994636,33.5186,17.0395
000000224200.jpg,0.0013191135,0.0007411242,0.0019900217,0.0343592167,0.9999992251,50.6055,19.9203
000000224222.jpg,0.0010088164,0.0006246567,0.0015157928,0.0365788937,1.0000000000,33.9190,25.3752
000000224337.jpg,0.0018936478,0.0014376640,0.0026009697,0.0453621149,0.9999998808,33.8962,16.0775
000000224664.jpg,0.0011388279,0.0001806691,0.0020076972,0.0361101627,0.9999985099,73.5626,28.4569
000000224675.jpg,0.0014224475,0.0010085106,0.0019718376,0.0277934074,0.9999994040,40.3991,19.1668
000000224724.jpg,0.0016002002,0.0010831058,0.0022564610,0.0400042236,0.9999994040,75.3007,29.7959
000000224807.jpg,0.0016754512,0.0011041164,0.0024113078,0.0501098633,0.9999994040,33.3423,16.7250
000000225184.jpg,0.0012705793,0.0006828904,0.0019177765,0.0285592079,0.9999996424,84.5649,30.3921
000000225405.jpg,0.0014684793,0.0009207726,0.0021492064,0.0423293114,0.9999991655,74.4991,28.3886
000000225532.jpg,0.0005901936,0.0000855923,0.0014190760,0.0718278885,0.9999997020,41.3380,19.7028
000000225670.jpg,0.0013376627,0.0000813007,0.0025757535,0.0362811089,0.9999975562,33.9384,16.7134
000000225757.jpg,0.0017162680,0.0014848709,0.0021863354,0.0383121967,0.9999980330,36.7844,19.7524
000000225946.jpg,0.0010328740,0.0001883507,0.0021392654,0.0321458578,1.0000000000,86.4047,30.7944
000000226058.jpg,0.0018150711,0.0010728836,0.0029362882,0.0267486572,0.9999987483,77.1206,29.8684
000000226111.jpg,0.0013794724,0.0009850860,0.0019568999,0.0378129482,0.9999989271,78.1048,31.0486
000000226130.jpg,0.0022791813,0.0016036034,0.0030508242,0.0226542950,0.9999992847,34.3494,17.5641
000000226147.jpg,0.0019179054,0.0012979507,0.0028872024,0.0609905720,0.9999997616,78.8585,31.0511
000000226154.jpg,0.0009697605,0.0005173683,0.0015573499,0.0257725716,1.0000000000,76.1238,28.5157
000000226171.jpg,0.0018858847,0.0013341904,0.0026484765,0.0479493141,0.9999992847,77.2388,29.9033
000000226408.jpg,0.0033783349,0.0028576851,0.0044888486,0.0695056319,0.9999961853,77.8532,29.6767
000000226417.jpg,0.0013096982,0.0009187460,0.0018443420,0.0278553963,0.9999991655,40.5782,17.0215
000000226592.jpg,0.0017962609,0.0011537075,0.0025397639,0.0251853466,0.9999993443,77.3842,29.9917
000000226662.jpg,0.0013211061,0.0009312630,0.0019319091,0.0710275173,0.9999989271,85.1975,29.7441
000000226802.jpg,0.0013135206,0.0005030632,0.0022219508,0.0192602873,1.0000000000,28.1429,23.7541
000000226883.jpg,0.0012796046,0.0009302497,0.0017929587,0.0368249416,1.0000000000,74.6539,28.2945
000000226903.jpg,0.0019506387,0.0011413097,0.0030179902,0.1047930121,0.9999986887,73.9119,28.6717
000000226984.jpg,0.0012670025,0.0007638931,0.0018015289,0.0157620907,0.9999994636,33.5946,15.9683
000000227044.jpg,0.0014330586,0.0011234283,0.0019224361,0.0499789715,0.9999989271,73.9292,28.5111
000000227187.jpg,0.0010520135,0.0007655621,0.0015553086,0.0374372303,0.9999979734,87.9517,36.3376
000000227399.jpg,0.0015509456,0.0010564327,0.0022246852,0.0491589308,1.0000000000,95.3816,35.4811
000000227478.jpg,0.0017856098,0.0012383461,0.0024750200,0.0340070724,0.9999996424,87.8555,34.4203
000000227482.jpg,0.0011626645,0.0008939505,0.0016142216,0.0407309532,0.9999992847,77.4010,27.7410
000000227491.jpg,0.0014482809,0.0007793307,0.0023147797,0.0312652588,0.9999990463,73.5021,27.7190
000000227511.jpg,0.0009965169,0.0005395412,0.0016879517,0.0232127905,1.0000000000,43.6519,23.9191
000000227686.jpg,0.0010016843,0.0005476475,0.0016009832,0.0342903137,0.9999997020,32.8896,17.3057
000000227765.jpg,0.0030226314,0.0026893616,0.0035341477,0.0300533772,0.9999990463,78.8426,32.6656
000000227898.jpg,0.0013004143,0.0008504391,0.0018769939,0.0288176537,0.9999996424,36.3444,18.1308
000000227985.jpg,0.0019342137,0.0013477206,0.0025978638,0.0249013901,0.9999984503,82.3168,30.7849
000000228144.jpg,0.0037639253,0.0018610954,0.0063981488,0.1280279160,0.9999932051,35.9488,18.0412
000000228214.jpg,0.0014942306,0.0011467934,0.0021283841,0.0569304228,0.9999997020,35.1910,18.1001
000000228436.jpg,0.0012588307,0.0006399155,0.0020778624,0.0430240631,0.9999994040,77.9374,29.8550
000000228771.jpg,0.0012743144,0.0008373260,0.0018166169,0.0445032120,0.9999995828,35.6226,22.7874
000000228942.jpg,0.0020608595,0.0012307167,0.0029244057,0.0816910267,0.9999998808,25.1441,12.8326
000000228981.jpg,0.0013671896,0.0011657476,0.0017469015,0.0221521854,0.9999992847,75.7465,29.2945
000000229111.jpg,0.0018819493,0.0013949871,0.0025561850,0.0352737904,0.9999994636,40.2151,21.5985
000000229216.jpg,0.0014250731,0.0010533333,0.0019129335,0.0228192806,0.9999990463,33.5068,24.0243
000000229221.jpg,0.0011257146,0.0003097057,0.0021289373,0.0465600491,0.9999992251,32.9868,16.1896
000000229311.jpg,0.0013007656,0.0010125637,0.0017130758,0.0213932991,0.9999995232,39.7068,19.5196
000000229358.jpg,0.0023982227,0.0007250309,0.0039638299,0.0376553535,0.9999996424,33.5026,24.7253
000000229553.jpg,0.0022971223,0.0015666485,0.0031623263,0.0293103456,0.9999994040,73.5298,28.7869
000000229601.jpg,0.0012451495,0.0006551743,0.0019068386,0.0330262780,0.9999995828,35.2131,16.3651
000000229659.jpg,0.0019803972,0.0009163618,0.0029802653,0.0669097900,0.9999995828,74.7960,28.9666
000000229747.jpg,0.0001162581,0.0000000000,0.0005127870,0.0302058458,1.0000000000,64.7113,25.8898
000000229753.jpg,0.0004736938,0.0000000000,0.0011397767,0.0396218896,1.0000000000,33.6394,16.8252
000000229849.jpg,0.0010087789,0.0005431175,0.0016264726,0.0343124866,0.9999996424,33.6745,20.9197
000000229858.jpg,0.0014598249,0.0010113716,0.0022672915,0.0939698219,0.9999991059,63.4901,25.8099
000000229948.jpg,0.0020813185,0.0019037724,0.0025599527,0.0348987579,0.9999991059,33.3283,16.0302
000000229997.jpg,0.0019687300,0.0011694431,0.0027656711,0.0149399042,0.9999995232,33.9278,19.3939
000000230008.jpg,0.0017480713,0.0013237000,0.0023450069,0.0416649282,0.9999990463,28.1136,13.6958
000000230166.jpg,0.0011323870,0.0004551411,0.0018529245,0.0123982430,1.0000000000,33.7088,21.0126
000000230362.jpg,0.0005899915,0.0000000000,0.0011995324,0.0174120665,1.0000000000,74.4150,29.3002
000000230450.jpg,0.0017528191,0.0004681051,0.0032537857,0.0526468754,1.0000000000,72.7874,27.9825
000000230819.jpg,0.0012417047,0.0006357431,0.0018207022,0.0219693184,0.9999996424,34.5236,20.2725
000000230983.jpg,0.0014980336,0.0009779930,0.0022500204,0.0253829956,0.9999996424,40.0862,20.7114
000000230993.jpg,0.0022012200,0.0013506413,0.0034752677,0.0761957169,0.9999983311,38.8923,18.9841
000000231088.jpg,0.0008238921,0.0004739761,0.0013538377,0.0275065899,0.9999992251,39.9086,19.3236
000000231097.jpg,0.0027421177,0.0022125244,0.0033589809,0.0404496193,0.9999994040,86.6625,32.8708
000000231125.jpg,0.0017911284,0.0013353825,0.0024052162,0.0549716353,0.9999995232,43.2157,24.4873
000000231169.jpg,0.0017583211,0.0009198785,0.0026683370,0.0334300995,1.0000000000,81.2287,29.0525
000000231237.jpg,0.0007981713,0.0003232956,0.0015561348,0.0459632277,1.0000000000,33.2566,16.2763
000000231339.jpg,0.0012061537,0.0009100437,0.0016567537,0.0158963203,0.9999984503,75.0682,28.9907
000000231508.jpg,0.0014285333,0.0009145737,0.0020224578,0.0283517838,0.9999998808,33.4494,15.9324
000000231527.jpg,0.0027302918,0.0017704964,0.0036685118,0.0224928856,0.9999994040,32.9638,16.3662
000000231549.jpg,0.0019955926,0.0015950203,0.0026262521,0.0197169781,0.9999980330,73.5159,27.8829
000000231580.jpg,0.0014783421,0.0006852150,0.0025458275,0.1253037453,0.9999995828,76.8153,30.8047
000000231747.jpg,0.0014826795,0.0013027191,0.0018328453,0.0295574665,0.9999964833,33.2556,16.2093
000000231822.jpg,0.0020535483,0.0017466545,0.0025794785,0.0172766447,0.9999988079,37.6160,19.6755
000000231831.jpg,0.0025016076,0.0018479824,0.0037327975,0.0618064404,0.9999989867,78.1789,30.6218
000000231879.jpg,0.0014695389,0.0007455349,0.0022538225,0.0217344761,0.9999995828,35.7721,25.0858
000000232088.jpg,0.0011811807,0.0007790923,0.0017135607,0.0251948833,0.9999996424,76.3110,29.4276
000000232244.jpg,0.0020189390,0.0015611649,0.0027020886,0.0291616917,0.9999991655,42.4571,19.9810
000000232348.jpg,0.0015034251,0.0009839535,0.0020941754,0.0247473717,0.9999998212,75.0387,28.0879
000000232489.jpg,0.0017995777,0.0013341904,0.0024004146,0.0210945606,0.9999993443,50.4893,20.2158
000000232538.jpg,0.0010428749,0.0003981590,0.0020144393,0.0437999964,0.9999966025,77.3404,29.2559
000000232563.jpg,0.0021517281,0.0014815331,0.0031559747,0.0948305130,0.9999982119,78.1234,30.5171
000000232646.jpg,0.0009248251,0.0002020895,0.0016224227,0.0598304272,0.9999976158,73.9117,28.0565
000000232649.jpg,0.0013334368,0.0010939240,0.0017438259,0.0239272118,0.9999985695,41.0775,20.0795
000000232684.jpg,0.0049748495,0.0035796165,0.0070593162,0.2378659248,0.9999914169,34.6970,24.2969
000000232692.jpg,0.0013105049,0.0007829666,0.0018962887,0.0399606228,0.9999996424,33.9430,16.6601
000000233033.jpg,0.0011794055,0.0007982254,0.0017073142,0.0306106806,0.9999999404,76.1445,29.6481
000000233139.jpg,0.0015347657,0.0013527870,0.0018890972,0.0171241760,0.9999982119,35.1365,16.5404
000000233238.jpg,0.0015171799,0.0008215904,0.0025068272,0.0486977845,1.0000000000,76.8327,29.3460
000000233370.jpg,0.0021997476,0.0015016794,0.0029628493,0.0203261375,0.9999991655,35.1446,15.5043
000000233567.jpg,0.0017618621,0.0012760162,0.0023923938,0.0954186916,0.9999992251,74.0828,29.2895
000000233727.jpg,0.0016283010,0.0010770559,0.0022578374,0.0415991172,0.9999995828,33.6429,16.2749
000000233771.jpg,0.0013566591,0.0009021759,0.0021532737,0.0882143974,0.9999994040,50.5535,21.9073
000000233825.jpg,0.0011266442,0.0007463098,0.0017959254,0.0342650414,0.9999992847,82.8960,34.2722
000000234366.jpg,0.0007655449,0.0001628399,0.0014488676,0.0286970735,0.9999990463,88.0669,34.4999
000000234413.jpg,0.0011237171,0.0008969307,0.0014993750,0.0197658539,0.9999991059,82.8235,31.9708
000000234526.jpg,0.0010975703,0.0006291866,0.0016990280,0.0360074043,1.0000000000,53.2714,21.2089
000000234607.jpg,0.0012867838,0.0009906292,0.0017228923,0.0179136992,0.9999991059,45.2360,21.0286
000000234660.jpg,0.0013273486,0.0007457733,0.0022331413,0.0559902191,0.9999997616,80.1920,29.8312
000000234757.jpg,0.0014509626,0.0010356903,0.0020779928,0.0500752926,0.9999994636,76.4534,29.9830
000000234779.jpg,0.0017702257,0.0011107922,0.0025906423,0.0285367966,0.9999990463,34.7045,17.0483
000000234807.jpg,0.0007948962,0.0003099442,0.0015862064,0.0778362751,1.0000000000,82.6726,29.2760
000000235057.jpg,0.0011535486,0.0005608797,0.0019384621,0.0422778130,0.9999994636,76.3752,30.0519
000000235064.jpg,0.0010385468,0.0006585121,0.0015349997,0.0262991190,0.9999994040,75.2908,29.1951
000000235241.jpg,0.0004350047,0.0000000000,0.0010695701,0.0354397297,0.9999998212,33.4517,17.1234
000000235252.jpg,0.0009853396,0.0002628565,0.0018077374,0.0186504126,0.9999986291,33.9548,17.1494
000000235399.jpg,0.0013308401,0.0009577274,0.0030605632,0.1777458191,0.9999977350,40.5708,19.6421
000000235778.jpg,0.0017923550,0.0010611415,0.0027842505,0.0508270264,0.9999980330,25.5350,21.2100
000000235784.jpg,0.0008480970,0.0003234781,0.0015933117,0.0353932381,1.0000000000,83.3806,29.9710
000000235836.jpg,0.0018086440,0.0009734631,0.0026808237,0.0271077156,0.9999995232,34.2550,16.8261
000000235857.jpg,0.0015367656,0.0009036064,0.0022844682,0.0229861736,0.9999996424,34.2019,16.3900
000000236166.jpg,0.0021712207,0.0012538433,0.0031104244,0.0440573990,0.9999989867,33.7449,16.6482
000000236308.jpg,0.0007657282,0.0001488924,0.0014515891,0.0137419701,0.9999984503,31.2259,13.6927
000000236412.jpg,0.0021660654,0.0016179085,0.0028330658,0.0382127762,0.9999991655,75.5588,29.0156
000000236426.jpg,0.0014113806,0.0007252693,0.0023495378,0.0475087166,0.9999995232,33.8496,16.6397
000000236592.jpg,0.0020621784,0.0016727448,0.0027125482,0.0359530449,0.9999992847,75.4736,29.3701
000000236599.jpg,0.0009557782,0.0005091429,0.0015899696,0.0399367511,1.0000000000,35.1033,18.3917
000000236690.jpg,0.0018101777,0.0015251637,0.0023650478,0.0232639313,0.9999985695,33.1464,14.9460
000000236721.jpg,0.0021915673,0.0018548965,0.0028011736,0.0410066843,0.9999994040,75.5547,29.3382
000000236730.jpg,0.0017169303,0.0011385679,0.0025197787,0.0434827209,1.0000000000,76.6277,30.2195
000000236784.jpg,0.0014380171,0.0011945963,0.0018305352,0.0099723339,0.9999989271,42.6451,20.4749
000000236845.jpg,0.0013698521,0.0007596016,0.0021490646,0.0333740711,0.9999992251,75.3937,28.9451
000000236914.jpg,0.0020578525,0.0017049238,0.0028795379,0.1377599239,1.0000000000,86.5089,30.3218
000000237071.jpg,0.0009765073,0.0007996559,0.0013308144,0.0300004482,0.9999982715,33.4911,16.3592
000000237118.jpg,0.0014700298,0.0008814335,0.0029195200,0.0742273331,0.9999991059,59.5428,25.5559
000000237316.jpg,0.0019132477,0.0006450415,0.0031498063,0.0202403069,0.9999997616,41.2746,19.9331
000000237517.jpg,0.0018116680,0.0011715889,0.0026120364,0.0312457085,1.0000000000,78.0977,29.9241
000000237864.jpg,0.0009956647,0.0003960133,0.0016403941,0.0304591656,0.9999997616,34.4204,17.0226
000000237928.jpg,0.0010700992,0.0006855726,0.0016319203,0.0180499554,0.9999988675,86.6426,31.2323
000000237984.jpg,0.0016661780,0.0011773109,0.0022889595,0.0290875435,0.9999994636,37.3892,16.7434
000000238013.jpg,0.0011748193,0.0009973049,0.0015025637,0.0287737250,0.9999987483,33.6846,16.7817
000000238039.jpg,0.0008155653,0.0005007386,0.0014267061,0.0350675583,0.9999969006,75.6298,29.4659
000000238410.jpg,0.0013323175,0.0007734299,0.0020007372,0.0567493439,0.9999997616,81.6262,32.8226
000000238866.jpg,0.0019856803,0.0013548136,0.0026307332,0.0252372622,0.9999996424,96.9807,32.9377
000000239041.jpg,0.0032642784,0.0027499199,0.0038813062,0.0136344433,0.9999980927,43.1494,17.8293
000000239274.jpg,0.0009268839,0.0003953576,0.0015501168,0.0192062855,0.9999997616,63.2238,26.8538
000000239318.jpg,0.0018240217,0.0013771057,0.0024587128,0.0438551903,0.9999989271,40.4994,20.8874
000000239347.jpg,0.0019165409,0.0014810562,0.0024774349,0.0166912079,0.9999862909,78.3048,30.2898
000000239537.jpg,0.0018900272,0.0012114048,0.0026608827,0.0532839298,0.9999995232,89.2426,31.7342
000000239627.jpg,0.0017028429,0.0013566017,0.0022142236,0.0213544369,0.9999986887,35.0499,16.5609
000000239717.jpg,0.0016549657,0.0009102821,0.0024311061,0.0327205658,0.9999993443,65.0435,26.6094
000000239773.jpg,0.0009560873,0.0003840923,0.0021071464,0.0934677124,0.9999992847,35.0303,16.9317
000000239843.jpg,0.0003406335,0.0000000000,0.0008699005,0.0463738441,0.9999948144,40.7421,20.6163
000000239857.jpg,0.0011163239,0.0006208420,0.0016667166,0.0347884893,0.9999997020,34.2648,16.9513
000000240023.jpg,0.0012464711,0.0006073713,0.0019555471,0.0242469311,1.0000000000,78.6163,30.2816
000000240049.jpg,0.0023842799,0.0015052035,0.0033347625,0.0346596241,1.0000000000,34.1168,16.8576
000000240250.jpg,0.0016347812,0.0010814667,0.0023902126,0.0463833809,0.9999993443,51.0745,20.0680
000000240754.jpg,0.0015301756,0.0009973049,0.0024931319,0.0515229702,0.9999988675,33.9382,18.2850
000000240767.jpg,0.0019821627,0.0009480715,0.0036615734,0.1347077489,0.9999997020,41.1214,20.2100
000000240940.jpg,0.0015184097,0.0012876987,0.0019118505,0.0156278610,0.9999992847,40.1781,18.0274
000000241297.jpg,0.0010486866,0.0004305840,0.0017448047,0.0300095081,0.9999991655,34.2397,16.9430
000000241319.jpg,0.0043756003,0.0016332269,0.0076659974,0.0598292351,0.9999994636,76.9694,29.3701
000000241326.jpg,0.0015643031,0.0010740757,0.0021595960,0.0164269209,0.9999994636,40.5587,19.6639
000000241602.jpg,0.0009392343,0.0007009506,0.0013001901,0.0082073212,0.9999993443,34.2027,17.0231
000000241668.jpg,0.0014938028,0.0008518696,0.0022299963,0.0645707846,0.9999994636,83.1041,30.0402
000000241677.jpg,0.0015681724,0.0009176135,0.0023371598,0.0261206627,0.9999990463,79.4280,31.9446
000000242060.jpg,0.0020632416,0.0014591217,0.0027770812,0.0313490629,0.9999991655,89.4708,30.8355
000000242287.jpg,0.0013053060,0.0010728836,0.0016880303,0.0179953575,0.9999982715,34.5808,17.6294
000000242411.jpg,0.0010570389,0.0003585815,0.0022192686,0.0539162159,0.9999994636,34.3877,17.6776
000000242678.jpg,0.0012676325,0.0008463860,0.0019012870,0.0746812820,1.0000000000,76.8408,29.5347
000000242724.jpg,0.0008618478,0.0004057884,0.0013841724,0.0303336531,0.9999961853,76.1094,29.4930
000000242934.jpg,0.0015931805,0.0012161732,0.0020765022,0.0267970562,0.9999989271,22.1769,11.9902
000000242946.jpg,0.0018683001,0.0013470650,0.0026506477,0.0575881004,0.9999997020,75.5254,29.6593
000000243034.jpg,0.0007976520,0.0002201200,0.0017638629,0.0741073489,0.9999997020,35.5489,16.6022
000000243075.jpg,0.0017652592,0.0007994175,0.0026300666,0.0245475769,0.9999993443,59.5161,25.3756
000000243148.jpg,0.0021066039,0.0014300942,0.0031587533,0.1298017502,0.9999985099,28.4656,13.9651
000000243199.jpg,0.0022335993,0.0014891624,0.0031922858,0.0438601971,0.9999996424,34.7091,16.7957
000000243204.jpg,0.0018931536,0.0014882088,0.0024722798,0.0257296562,0.9999991059,77.2550,30.0069
000000243344.jpg,0.0013081209,0.0009205341,0.0018111289,0.0354263783,0.9999997020,76.0642,30.6748
000000243495.jpg,0.0011311569,0.0008640289,0.0015110568,0.0221844912,0.9999989867,39.5460,20.2910
000000243626.jpg,0.0034035533,0.0028190613,0.0041243574,0.0252032280,0.9999995232,42.4365,22.3384
000000243867.jpg,0.0018733535,0.0013141632,0.0027276708,0.0900555253,0.9999989867,36.1820,18.7217
000000243989.jpg,0.0007880055,0.0001536608,0.0014799336,0.0301265717,0.9999992251,53.2294,56.8540
000000244019.jpg,0.0010456322,0.0004434586,0.0017637232,0.0343217850,0.9999998212,33.5746,17.6038
000000244099.jpg,0.0015185239,0.0007886887,0.0023803159,0.0184303522,1.0000000000,35.7950,17.5592
000000244181.jpg,0.0025044498,0.0020658970,0.0031974418,0.0188119411,0.9999989271,79.0630,30.0322
000000244379.jpg,0.0005514846,0.0000021160,0.0010958133,0.0228503942,1.0000000000,84.3882,29.8782
000000244411.jpg,0.0013113578,0.0005171299,0.0021237440,0.0182508230,1.0000000000,76.3011,29.2747
000000244496.jpg,0.0018903539,0.0014731884,0.0024538524,0.0260177851,0.9999983907,39.2549,46.6746
000000244592.jpg,0.0013377127,0.0010662079,0.0018344044,0.0269326568,0.9999988079,38.7873,19.2712
000000244750.jpg,0.0013626277,0.0009146929,0.0021054642,0.0872555971,0.9999998212,60.8085,48.0661
000000244833.jpg,0.0016388517,0.0009132624,0.0025380112,0.0500568151,1.0000000000,33.4900,23.4802
000000245026.jpg,0.0013427113,0.0007051229,0.0021916833,0.0387983322,0.9999994040,33.1946,16.0715
000000245102.jpg,0.0014369379,0.0008406639,0.0021850418,0.0291199684,0.9999993443,34.4556,15.8346
000000245173.jpg,0.0010317786,0.0005912781,0.0015779595,0.0230079889,1.0000000000,76.1676,28.9168
000000245311.jpg,0.0019591423,0.0013196394,0.0027815588,0.0547208786,0.9999992251,50.8161,19.1533
000000245320.jpg,0.0038379049,0.0023875237,0.0053539723,0.0203137398,0.9999994040,33.9264,17.6005
000000245448.jpg,0.0012344267,0.0006368756,0.0019490167,0.0786757469,1.0000000000,77.4304,29.9441
000000245513.jpg,0.0011904755,0.0005638599,0.0020261547,0.0198689699,0.9999993443,41.5924,20.0867
000000245576.jpg,0.0020960823,0.0018104315,0.0026590119,0.0425364971,0.9999990463,77.5536,29.5362
000000245651.jpg,0.0024679371,0.0020265579,0.0031942483,0.0176601410,0.9999990463,40.4770,19.9617
000000245764.jpg,0.0015773374,0.0009188652,0.0028301997,0.0925917625,0.9999997616,75.4179,29.1264
000000245915.jpg,0.0015067111,0.0008000135,0.0022612060,0.0208964348,0.9999996424,33.9329,16.4607
000000246308.jpg,0.0011421955,0.0007908344,0.0016816244,0.0373415947,0.9999990463,76.7310,29.8388
000000246436.jpg,0.0020452274,0.0014932156,0.0027395030,0.0479705334,0.9999986887,76.5485,29.8447
000000246454.jpg,0.0015114173,0.0009102821,0.0023016052,0.0504713058,0.9999989271,52.5103,19.8162
000000246522.jpg,0.0013090045,0.0004903376,0.0021732124,0.0395870209,0.9999959469,33.7406,16.8742
000000246883.jpg,0.0007288068,0.0000591278,0.0014013635,0.0155041218,0.9999980927,73.3352,27.7837
000000246963.jpg,0.0011835576,0.0007200241,0.0017092674,0.0270304680,0.9999996424,33.0314,23.1769
000000246968.jpg,0.0017173467,0.0012319088,0.0023756744,0.0349452496,0.9999990463,34.0506,17.0107
000000247806.jpg,0.0007691491,0.0000324249,0.0014725038,0.0392107666,1.0000000000,79.1792,30.4410
000000247838.jpg,0.0011350168,0.0003754795,0.0020511704,0.0152544975,1.0000000000,34.8996,17.2422
000000247917.jpg,0.0015909796,0.0010144711,0.0023761322,0.0496335030,1.0000000000,53.5546,20.2714
000000248111.jpg,0.0012281614,0.0007433891,0.0019766656,0.0179975033,0.9999988079,34.5685,16.8832
000000248112.jpg,0.0012853197,0.0007237196,0.0022825657,0.0671854019,0.9999986291,76.1084,30.0184
000000248284.jpg,0.0012139807,0.0008802414,0.0016815363,0.0235654116,0.9999995232,36.3972,16.6730
000000248314.jpg,0.0023512824,0.0018546581,0.0030463135,0.0335371494,0.9999993443,76.6017,29.6978
000000248334.jpg,0.0011230872,0.0006479025,0.0017209126,0.0244903564,0.9999997616,40.7911,20.1684
000000248400.jpg,0.0014797001,0.0010776520,0.0020950176,0.0411415100,0.9999993443,34.5263,16.6948
000000248616.jpg,0.0010565758,0.0006113052,0.0016861258,0.0654399395,0.9999994636,33.9687,23.4105
000000248631.jpg,0.0020487905,0.0014370084,0.0028438733,0.0998363495,0.9999994636,76.1621,29.4085
000000248752.jpg,0.0015604208,0.0009874105,0.0022462467,0.0387171507,0.9999995828,40.8578,19.9391
000000248810.jpg,0.0009788576,0.0006181002,0.0014719995,0.0266561508,0.9999993443,40.2582,20.3440
000000248980.jpg,0.0029380769,0.0024197102,0.0037007176,0.0334534645,0.9999977350,40.5864,20.1933
000000249025.jpg,0.0014884144,0.0010677576,0.0021186674,0.0315097570,0.9999994636,41.7064,20.4111
000000249129.jpg,0.0017788112,0.0010738373,0.0025414624,0.0333070755,0.9999993443,34.5215,16.6318
000000249180.jpg,0.0014141358,0.0010805130,0.0020022250,0.0435101986,1.0000000000,33.9481,24.2096
000000249219.jpg,0.0013272114,0.0008602142,0.0019553769,0.0556069016,0.9999983311,73.0146,27.9373
000000249550.jpg,0.0014050336,0.0010862350,0.0019567516,0.0158891678,0.9999998808,32.6601,15.7127
000000249643.jpg,0.0016016898,0.0012550354,0.0021971664,0.0302912593,1.0000000000,79.1361,28.4947
000000249786.jpg,0.0006392565,0.0001006722,0.0013022029,0.0200352967,1.0000000000,33.0508,16.4770
000000250127.jpg,0.0012981077,0.0009541512,0.0017413152,0.0229238272,0.9999982715,56.9431,24.9086
000000250137.jpg,0.0018722634,0.0012712479,0.0026309004,0.0400547981,0.9999997616,102.6732,38.4271
000000250205.jpg,0.0010532660,0.0004200935,0.0016698434,0.0337995291,0.9999995232,108.3795,38.2077
000000250282.jpg,0.0016960932,0.0015633106,0.0020545933,0.0214134455,0.9999992847,36.9035,16.3712
000000250619.jpg,0.0010196228,0.0004992485,0.0016888239,0.0368883610,0.9999989271,73.8427,27.8080
000000250758.jpg,0.0013004214,0.0007195473,0.0019632373,0.0365045071,0.9999997616,72.8352,28.0139
000000250766.jpg,0.0024640111,0.0020079613,0.0031898604,0.0482409000,0.9999982715,41.0736,19.3136
000000250901.jpg,0.0020597936,0.0015468597,0.0027152484,0.0239080191,0.9999988675,32.6752,16.5078
000000251065.jpg,0.0012379279,0.0009145737,0.0016933436,0.0390683413,0.9999985099,74.0938,28.6593
000000251119.jpg,0.0014961227,0.0011782646,0.0019548999,0.0239596367,0.9999983907,39.4448,19.2006
000000251140.jpg,0.0012325214,0.0010151863,0.0015823219,0.0194940567,0.9999987483,40.1296,20.4914
000000251537.jpg,0.0015167457,0.0014246106,0.0017517578,0.0149977207,0.9999982715,52.5321,20.5717
000000251572.jpg,0.0010161556,0.0007324219,0.0014539592,0.0326368809,0.9999992251,34.9346,16.9149
000000251824.jpg,0.0019859429,0.0012490749,0.0027866771,0.0192804337,0.9999990463,41.2371,20.7053
000000252216.jpg,0.0012127896,0.0004792213,0.0021759623,0.0458991528,1.0000000000,86.2131,31.0838
000000252219.jpg,0.0013808447,0.0009849072,0.0019744816,0.0658767223,0.9999979138,36.0530,17.2011
000000252294.jpg,0.0022927797,0.0019080341,0.0028076239,0.0154566765,0.9999998212,41.3717,20.4479
000000252332.jpg,0.0017265062,0.0012462139,0.0023676183,0.0292205811,0.9999997020,75.6087,29.3089
000000252507.jpg,0.0008231590,0.0001147091,0.0016367974,0.0163131952,0.9999986887,40.8898,25.1348
000000252559.jpg,0.0011394332,0.0007965565,0.0017029726,0.0361170769,1.0000000000,76.5969,30.0814
000000252701.jpg,0.0013848477,0.0010790825,0.0018303574,0.0138245821,0.9999991059,29.8065,14.6946
000000252716.jpg,0.0009340124,0.0003378391,0.0016041305,0.0263801850,0.9999980330,33.8025,17.1984
000000252776.jpg,0.0012329438,0.0005708933,0.0019278195,0.0230708122,0.9999997020,35.3639,15.6057
000000253002.jpg,0.0032146552,0.0030238628,0.0036396200,0.0101861954,0.9999868870,33.9697,17.1756
000000253386.jpg,0.0013925098,0.0009586811,0.0019538580,0.0331164598,0.9999989271,34.3421,17.0629
000000253433.jpg,0.0022037788,0.0016875267,0.0028955934,0.0185027719,0.9999992847,89.0461,36.9553
000000253452.jpg,0.0019445603,0.0014638305,0.0025479360,0.0303955078,0.9999991655,44.1823,21.8230
000000253695.jpg,0.0016515835,0.0009059906,0.0025813407,0.0365968943,0.9999992847,41.9144,20.4775
000000253742.jpg,0.0015292782,0.0009511709,0.0021854306,0.0399513245,0.9999993443,91.7457,35.0165
000000253819.jpg,0.0012280926,0.0005249977,0.0020751774,0.0593135357,0.9999977350,38.2160,16.6677
000000253835.jpg,0.0014549681,0.0005665123,0.0026273155,0.1813467741,1.0000000000,73.5262,28.2132
000000254016.jpg,0.0039514620,0.0035743713,0.0046797148,0.0401263237,1.0000000000,75.0302,28.9446
000000254368.jpg,0.0017382869,0.0012602806,0.0023744430,0.0171862841,0.9999995232,31.2637,14.2616
000000254516.jpg,0.0009649039,0.0006400943,0.0014659645,0.0299530029,0.9999994636,33.5381,25.5456
000000254814.jpg,0.0017841443,0.0010704994,0.0025200918,0.0398426056,0.9999995232,74.6851,29.5920
000000255165.jpg,0.0017052245,0.0013117790,0.0025375977,0.1583454609,0.9999976754,76.2563,29.4550
000000255401.jpg,0.0012564406,0.0007028580,0.0019327074,0.0224018097,0.9999998212,46.3359,45.8921
000000255483.jpg,0.0014554780,0.0011465549,0.0019120527,0.0220336914,0.9999995232,50.9729,50.8722
000000255536.jpg,0.0011187355,0.0008835793,0.0015941574,0.0204906464,1.0000000000,50.0155,20.0359
000000255664.jpg,0.0015081487,0.0010001659,0.0021517824,0.0419831276,0.9999994636,41.0715,19.9657
000000255718.jpg,0.0011442605,0.0005380511,0.0023185771,0.2169425488,0.9999991655,78.3684,31.8514
000000255747.jpg,0.0017318851,0.0011854172,0.0023475899,0.0290892124,0.9999992251,76.8660,29.2747
000000255749.jpg,0.0026434071,0.0017256737,0.0045462726,0.2609815598,0.9999977946,33.3980,16.5104
000000255824.jpg,0.0020107091,0.0014791489,0.0026746176,0.0207557678,0.9999994040,77.3518,29.2711
000000255912.jpg,0.0026608238,0.0021376610,0.0033643800,0.0243489742,0.9999985099,28.9165,20.6384
000000255917.jpg,0.0010511787,0.0006616116,0.0017829627,0.0709410906,0.9999992251,35.2196,18.3295
000000255965.jpg,0.0013539155,0.0005543232,0.0021764776,0.0354175568,0.9999996424,35.7184,17.7947
000000256192.jpg,0.0017389902,0.0010528564,0.0025629760,0.0554361343,0.9999994636,79.6483,30.9879
000000256195.jpg,0.0015472956,0.0011124611,0.0021104168,0.0279681683,0.9999993443,35.2528,18.1192
000000256407.jpg,0.0038823686,0.0032947063,0.0048374073,0.0151176453,0.9999997020,79.4717,30.7819
000000256518.jpg,0.0025667045,0.0016343594,0.0046710502,0.0451111794,0.9999967217,34.0044,17.5974
000000256775.jpg,0.0007867748,0.0000000000,0.0016353069,0.0484116673,1.0000000000,76.7833,29.7267
000000256868.jpg,0.0014424493,0.0007822514,0.0021255643,0.0682702065,0.9999995828,34.8035,17.1156
000000256916.jpg,0.0023631363,0.0018148422,0.0031171539,0.0560270548,0.9999989867,76.5866,29.0774
000000256941.jpg,0.0016303507,0.0015074611,0.0020944702,0.0416944027,0.9999994636,34.1192,25.8308
000000257084.jpg,0.0013882422,0.0008611679,0.0020827414,0.0229904652,0.9999991059,33.5543,16.7071
000000257169.jpg,0.0021873422,0.0018116236,0.0027573474,0.0253211260,0.9999991059,76.0672,30.0720
000000257370.jpg,0.0015157345,0.0012328029,0.0019504996,0.0331387520,0.9999991059,74.9204,29.1223
000000257478.jpg,0.0016277250,0.0009372234,0.0024136046,0.0236802101,0.9999992251,40.5452,20.1980
000000257566.jpg,0.0012586061,0.0007684827,0.0018469545,0.0216368437,0.9999995828,74.7654,28.9523
000000257624.jpg,0.0023353237,0.0017331839,0.0032047702,0.0300108790,1.0000000000,34.7532,24.2157
000000257865.jpg,0.0006401259,0.0003925562,0.0010167620,0.0255243778,0.9999991059,33.4998,16.4294
000000257896.jpg,0.0016030221,0.0008485317,0.0025059651,0.0985162258,0.9999997020,80.7421,33.4297
000000258388.jpg,0.0013772101,0.0006774664,0.0023698825,0.1205227375,0.9999992251,36.9520,18.8530
000000258541.jpg,0.0015761867,0.0012283325,0.0021171970,0.0338279009,0.9999994040,44.5682,22.1287
000000258793.jpg,0.0014249234,0.0003604889,0.0034067719,0.0436401367,0.9999995828,81.6003,31.0024
000000258883.jpg,0.0021610886,0.0017158985,0.0029099057,0.0191812515,0.9999982715,34.7517,24.9016
000000258911.jpg,0.0015870054,0.0008209944,0.0026325819,0.0602607727,0.9999996424,34.2284,17.3358
000000259097.jpg,0.0005960042,0.0000000000,0.0013412135,0.0154415369,1.0000000000,34.4428,24.0506
000000259382.jpg,0.0011550410,0.0005648136,0.0019073718,0.0413351059,1.0000000000,76.8320,29.1837
000000259571.jpg,0.0013207429,0.0010070801,0.0018330996,0.0387045145,0.9999991059,29.9413,25.5593
000000259597.jpg,0.0020262725,0.0011786222,0.0029168145,0.0443252325,0.9999978542,24.4753,12.2167
000000259625.jpg,0.0016515660,0.0005537868,0.0037399936,0.0606155396,0.9999988675,33.5624,16.0946
000000259640.jpg,0.0011671950,0.0007712841,0.0017101867,0.0298440754,1.0000000000,33.3400,24.2726
000000259690.jpg,0.0012583206,0.0006783530,0.0019281773,0.0428342819,0.9999989867,75.6153,28.7785
000000259830.jpg,0.0013472219,0.0010586977,0.0017973005,0.0316193104,0.9999993443,36.6093,23.9367
000000259854.jpg,0.0005358749,0.0000000000,0.0011861954,0.0299437046,0.9999986887,84.3216,32.5468
000000260105.jpg,0.0024441609,0.0018191338,0.0032007159,0.0179512501,0.9999983907,81.6610,31.1398
000000260106.jpg,0.0009654781,0.0004028361,0.0016591609,0.0394121408,0.9999995828,35.5456,17.7353
000000260261.jpg,0.0020464554,0.0014965534,0.0027553632,0.0393614769,0.9999985695,34.9476,17.3548
000000260266.jpg,0.0003911501,0.0000000000,0.0010227052,0.0303379297,0.9999982119,80.7117,30.9486
000000260470.jpg,0.0020943338,0.0015325546,0.0027921223,0.0280282497,0.9999997616,35.2038,16.6482
000000260657.jpg,0.0006388210,0.0001165867,0.0012709693,0.0264003873,1.0000000000,29.7758,26.1181
000000260925.jpg,0.0028104794,0.0025510788,0.0035717809,0.0431883335,0.9999994040,74.6143,29.5533
000000261036.jpg,0.0013670321,0.0006929040,0.0022836041,0.0389237404,1.0000000000,34.7338,17.7837
000000261061.jpg,0.0013407710,0.0006443858,0.0022338100,0.0689758658,0.9999992251,35.8117,18.0921
000000261097.jpg,0.0011748180,0.0007248372,0.0023378064,0.1086368561,0.9999996424,35.3607,18.0644
000000261116.jpg,0.0021212187,0.0021028519,0.0024653547,0.0303748250,0.9999976754,43.4290,24.5797
000000261161.jpg,0.0010623168,0.0007231236,0.0018797010,0.1174023747,0.9999935627,33.9277,17.0514
000000261318.jpg,0.0018681776,0.0008296967,0.0029028936,0.0334999561,0.9999988079,36.0415,16.5300
000000261535.jpg,0.0013972906,0.0010039248,0.0019869078,0.0209418535,0.9999994636,33.7643,16.4702
000000261706.jpg,0.0021793260,0.0016374588,0.0029567052,0.0267443657,0.9999989867,76.8284,29.9542
000000261712.jpg,0.0011087264,0.0005743504,0.0017538754,0.0375931263,0.9999998808,77.2877,29.0412
000000261732.jpg,0.0011843550,0.0007110834,0.0017442821,0.0336252451,0.9999997020,87.7898,30.9589
000000261796.jpg,0.0015555546,0.0008399487,0.0026009453,0.1117213964,0.9999988675,73.6868,28.6782
000000261888.jpg,0.0008319718,0.0002851486,0.0015579652,0.0244743824,0.9999997616,34.2426,18.2258
000000261982.jpg,0.0014305804,0.0009727478,0.0020026565,0.0658233166,0.9999998808,87.5545,31.5154
000000262048.jpg,0.0015572549,0.0009799004,0.0027123909,0.0648876429,1.0000000000,50.5270,19.8424
000000262227.jpg,0.0020496461,0.0015220642,0.0029923627,0.0461382866,0.9999998212,78.2874,29.7554
000000262440.jpg,0.0011609928,0.0006365776,0.0019499066,0.0247304440,0.9999994040,32.1497,22.7471
000000262487.jpg,0.0015279285,0.0007882118,0.0023523986,0.0224189758,0.9999995828,75.0733,28.8188
000000262587.jpg,0.0015591680,0.0008287430,0.0026869201,0.0194246173,0.9999971986,74.6759,28.9973
000000262631.jpg,0.0021330107,0.0010499954,0.0031853130,0.0425990820,0.9999988675,76.7534,29.7081
000000262682.jpg,0.0010582370,0.0006585121,0.0015683954,0.0271649361,0.9999997616,34.5617,19.2508
000000262895.jpg,0.0030142912,0.0026712418,0.0036995972,0.0330440998,0.9999992251,38.3814,18.8874
000000262938.jpg,0.0032782003,0.0028700829,0.0040451526,0.0198459625,0.9999980927,85.3027,31.9933
000000263068.jpg,0.0014401827,0.0010154210,0.0019782588,0.0211066604,0.9999997616,34.9770,24.2494
000000263299.jpg,0.0015044578,0.0008113980,0.0024776780,0.0169143677,0.9999989867,34.7917,18.5415
000000263403.jpg,0.0013296993,0.0006690025,0.0020772205,0.0344578028,1.0000000000,34.2097,16.3100
000000263425.jpg,0.0014782888,0.0009461641,0.0021614293,0.0335090160,0.9999991059,35.5952,17.8361
000000263463.jpg,0.0021108668,0.0010567158,0.0032978796,0.0541324615,0.9999994636,38.8585,17.0284
000000263474.jpg,0.0014205434,0.0009326935,0.0020390477,0.0869770050,0.9999994636,79.2959,30.3558
000000263594.jpg,0.0012610065,0.0007367134,0.0018681138,0.0208365917,1.0000000000,40.6488,20.2508
000000263644.jpg,0.0013082395,0.0007289648,0.0020435720,0.0625433922,0.9999992847,77.6117,29.6862
000000263679.jpg,0.0008333889,0.0001823902,0.0015536838,0.0286843553,1.0000000000,33.5351,17.0964
000000263796.jpg,0.0019869781,0.0011053085,0.0029587392,0.0178737640,0.9999993443,75.6373,28.7533
000000263860.jpg,0.0013926415,0.0009577274,0.0021085208,0.0439376831,0.9999977946,32.9709,15.7818
000000263966.jpg,0.0017143564,0.0011839867,0.0024572895,0.0452382565,1.0000000000,33.6312,15.8042
000000263969.jpg,0.0015697387,0.0010318756,0.0037274642,0.4198681712,0.9999955893,64.2545,30.8425
000000264335.jpg,0.0002237040,0.0000000000,0.0007582918,0.0274729729,1.0000000000,95.7981,36.8096
000000264441.jpg,0.0015850891,0.0012679100,0.0020737597,0.0271251202,0.9999989867,44.5433,23.0639
000000264535.jpg,0.0013332881,0.0009397864,0.0018592410,0.0477972031,0.9999996424,58.5757,22.9274
000000264968.jpg,0.0014118770,0.0007726252,0.0021728126,0.0266799331,0.9999993443,38.1652,18.4736
000000265108.jpg,0.0016094754,0.0011699200,0.0022199731,0.0169589520,0.9999972582,37.1289,18.5330
000000265518.jpg,0.0029874234,0.0028893948,0.0032047448,0.0321396589,0.9999985695,55.1960,22.1367
000000265777.jpg,0.0014679471,0.0007605255,0.0022031520,0.0328341722,0.9999997616,54.5572,21.3973
000000265816.jpg,0.0011721645,0.0007100105,0.0017342556,0.0198507309,0.9999988675,34.1223,16.4866
000000266082.jpg,0.0010416231,0.0003297329,0.0019567076,0.0497814715,0.9999998808,42.1449,20.3939
000000266206.jpg,0.0013800998,0.0011196136,0.0018238194,0.0322197676,0.9999985695,33.9150,17.5071
000000266400.jpg,0.0018723611,0.0014653206,0.0026187252,0.0593481064,0.9999992251,32.9720,18.5681
000000266409.jpg,0.0018327913,0.0009729862,0.0029160785,0.0291349888,1.0000000000,75.3725,29.3790
000000266768.jpg,0.0014801570,0.0009362698,0.0021452513,0.0319437981,0.9999996424,51.1670,19.9126
000000266892.jpg,0.0010919834,0.0006039143,0.0017310354,0.0286412239,0.9999997020,34.3706,24.0003
000000266981.jpg,0.0009140454,0.0003756285,0.0015835443,0.0208990574,0.9999990463,33.8775,16.5710
000000267169.jpg,0.0015551213,0.0009479523,0.0022419039,0.0273692608,0.9999998808,34.2844,16.5760
000000267191.jpg,0.0015329771,0.0010447502,0.0021948221,0.0415539742,1.0000000000,75.6335,29.2159
000000267300.jpg,0.0019207267,0.0012524128,0.0026413901,0.0164632797,0.9999993443,74.8345,29.1982
000000267351.jpg,0.0003487087,0.0000000000,0.0008589625,0.0418372154,0.9999939799,36.4240,23.5249
000000267434.jpg,0.0012341149,0.0007264614,0.0019408456,0.0378339291,0.9999990463,87.9989,33.7107
000000267537.jpg,0.0016518361,0.0010916591,0.0024888234,0.0587992668,0.9999992251,84.2361,31.9405
000000267670.jpg,0.0010111246,0.0006335974,0.0015894322,0.0383443832,0.9999990463,43.8411,21.9815
000000267903.jpg,0.0012833257,0.0009183884,0.0017834356,0.0152578354,0.9999985695,37.9406,18.2753
000000267933.jpg,0.0010055800,0.0004015863,0.0016224144,0.0146582723,1.0000000000,33.4780,16.4892
000000267940.jpg,0.0007238181,0.0001078136,0.0012836868,0.0242998973,0.9999991059,80.2214,30.2421
000000267946.jpg,0.0014569158,0.0006537437,0.0027011693,0.0821000934,0.9999979734,34.5860,17.3804
000000268000.jpg,0.0014627844,0.0007741451,0.0023411678,0.0266790390,0.9999990463,29.3173,14.9113
000000268375.jpg,0.0011064021,0.0007456243,0.0016180245,0.0423199534,0.9999995232,34.2469,17.3141
000000268378.jpg,0.0014251512,0.0008717775,0.0020998030,0.0366804600,0.9999995828,28.8889,14.2989
000000268729.jpg,0.0013232019,0.0006232262,0.0020021400,0.0301321745,0.9999998808,75.7757,29.1952
000000268831.jpg,0.0018511044,0.0010004044,0.0028518580,0.0427808762,0.9999998212,40.3342,20.9037
000000268996.jpg,0.0013943175,0.0005775690,0.0026043071,0.0616137981,0.9999983907,41.1952,19.7320
000000269113.jpg,0.0014754832,0.0008726120,0.0021262893,0.0317735672,0.9999997616,84.6173,30.8170
000000269121.jpg,0.0016936653,0.0009718537,0.0024239968,0.0328335762,0.9999999404,76.9026,30.0450
000000269196.jpg,0.0021153756,0.0015997887,0.0029607431,0.0328152180,0.9999991059,33.6937,26.0866
000000269314.jpg,0.0004947645,0.0000740290,0.0010225701,0.0340828896,0.9999932647,75.3389,29.1985
000000269316.jpg,0.0009335235,0.0004751086,0.0014442380,0.0195078850,0.9999994636,34.3121,25.2353
000000269632.jpg,0.0015026097,0.0008523464,0.0028126885,0.1024370193,0.9999977946,33.4383,16.8678
000000269682.jpg,0.0002778961,0.0000000000,0.0008618202,0.0343105197,1.0000000000,76.5631,29.1375
000000269866.jpg,0.0024384295,0.0019071698,0.0032282108,0.0952022076,0.9999983311,34.7250,16.3910
000000269932.jpg,0.0011203137,0.0006878376,0.0017519206,0.0383726358,1.0000000000,40.5077,20.1533
000000269942.jpg,0.0008071344,0.0001218915,0.0017591924,0.0496256351,0.9999983907,76.8574,30.1451
000000270066.jpg,0.0015796868,0.0013098717,0.0020810293,0.0451436043,0.9999989271,76.7788,29.6177
000000270122.jpg,0.0012758261,0.0007696152,0.0019158002,0.0245572329,0.9999975562,42.6172,24.4057
000000270244.jpg,0.0008443100,0.0003032684,0.0014440041,0.0236012936,0.9999997616,38.6981,19.9906
000000270297.jpg,0.0011158080,0.0006315708,0.0016497275,0.0211138725,1.0000000000,38.3139,20.1538
000000270386.jpg,0.0022530444,0.0020879507,0.0027137599,0.0268075466,0.9999985099,44.7783,24.5386
000000270402.jpg,0.0012122809,0.0007236004,0.0018147256,0.0302963257,0.9999995232,36.5067,18.4735
000000270474.jpg,0.0008996709,0.0005971789,0.0013517613,0.0208461285,0.9999993443,44.1705,24.6354
000000270677.jpg,0.0023024182,0.0018311143,0.0029194644,0.0278903842,0.9999993443,53.1993,21.5110
000000270705.jpg,0.0063063055,0.0009357929,0.0122609613,0.0912569463,0.9999862313,83.2291,31.6243
000000270883.jpg,0.0019625463,0.0014369488,0.0026243730,0.0147168636,0.9999994636,32.9219,15.4832
000000270908.jpg,0.0032115150,0.0023589134,0.0041165780,0.0267987251,0.9999993443,29.8698,14.7078
000000271116.jpg,0.0015147880,0.0009353161,0.0021688726,0.0239971876,0.9999996424,34.4500,17.1755
000000271402.jpg,0.0012097148,0.0006961823,0.0019265190,0.0280861855,1.0000000000,34.8473,16.4913
000000271457.jpg,0.0011872273,0.0007433295,0.0017100127,0.0291953087,0.9999994040,34.9166,16.3565
000000271471.jpg,0.0024060246,0.0014514923,0.0032496403,0.0214521885,0.9999998808,33.9999,17.2933
000000271728.jpg,0.0017735750,0.0010390282,0.0025886998,0.0516242981,0.9999994636,34.0918,16.7779
000000271997.jpg,0.0019225567,0.0014691353,0.0025253643,0.0163840055,0.9999990463,77.2893,31.0360
000000272049.jpg,0.0014678900,0.0007888079,0.0023071389,0.0440359116,1.0000000000,34.2899,17.1940
000000272136.jpg,0.0013731659,0.0009453297,0.0020859379,0.0474157333,0.9999998212,34.1808,16.9286
000000272148.jpg,0.0009197454,0.0003232360,0.0016524879,0.0091919899,1.0000000000,29.1514,24.2675
000000272212.jpg,0.0009360150,0.0000455379,0.0017798507,0.0118551254,1.0000000000,75.3487,29.2011
000000272364.jpg,0.0007960694,0.0004414618,0.0013894220,0.0376175642,0.9999994636,41.8762,23.9268
000000272416.jpg,0.0012051797,0.0007953644,0.0018027491,0.0186467171,0.9999996424,73.6285,28.0119
000000272566.jpg,0.0024007026,0.0018663406,0.0030503252,0.0327262878,0.9999993443,83.5631,29.0778
000000273132.jpg,0.0014495770,0.0007956326,0.0022311958,0.0679361820,0.9999990463,57.3218,27.7640
000000273198.jpg,0.0013733421,0.0010533333,0.0018270877,0.0273816586,0.9999994636,47.3728,24.1521
000000273232.jpg,0.0006382241,0.0001080036,0.0012292524,0.0388779640,0.9999976158,38.6203,18.8454
000000273420.jpg,0.0012356549,0.0009741783,0.0017252440,0.0227575302,0.9999992251,46.8629,22.3938
000000273493.jpg,0.0011406578,0.0004416108,0.0019336428,0.0202751160,0.9999994636,37.9585,25.3354
000000273551.jpg,0.0011848117,0.0003932118,0.0019466381,0.0284461975,0.9999961257,90.6712,31.9020
000000273617.jpg,0.0004839578,0.0000000000,0.0012395967,0.0518565178,0.9999985695,38.1126,17.9656
000000273642.jpg,0.0023106900,0.0014989376,0.0033235857,0.0408115387,0.9999982715,42.7167,20.6222
000000273711.jpg,0.0018530282,0.0011060238,0.0030557185,0.1479322910,0.9999992251,78.3795,29.8732
000000273712.jpg,0.0016817632,0.0012964606,0.0022012820,0.0257062912,0.9999990463,77.4649,30.3133
000000273715.jpg,0.0012470137,0.0006775856,0.0024041394,0.0956420302,0.9999984503,39.9623,20.5989
000000273760.jpg,0.0021204432,0.0013871193,0.0029068508,0.0256528854,0.9999992251,82.1930,29.7427
000000274066.jpg,0.0015364726,0.0006947517,0.0023960962,0.0378561020,0.9999994040,33.9164,16.8904
000000274219.jpg,0.0016994381,0.0009876788,0.0024210298,0.0184159279,0.9999993443,82.1492,29.0758
000000274272.jpg,0.0011050255,0.0004814267,0.0018919853,0.0484538078,1.0000000000,73.0803,28.0037
000000274411.jpg,0.0008292533,0.0005583763,0.0012391804,0.0136914253,0.9999995828,33.8906,18.0728
000000274460.jpg,0.0010388697,0.0004288256,0.0016823893,0.0461685061,1.0000000000,91.2457,32.2781
000000274687.jpg,0.0013667016,0.0010758638,0.0018861067,0.0393662453,0.9999991059,80.6406,31.7223
000000274708.jpg,0.0037896349,0.0030847788,0.0052490812,0.0546665192,0.9999991059,54.2878,21.5267
000000275058.jpg,0.0016763728,0.0008276105,0.0025940957,0.0234134197,0.9999997020,35.9333,23.6523
000000275198.jpg,0.0018450539,0.0013523102,0.0025308619,0.0651824474,0.9999988079,80.6756,31.2838
000000275392.jpg,0.0012134656,0.0005006790,0.0027326776,0.1756707430,0.9999971390,79.7787,31.3187
000000275727.jpg,0.0015115344,0.0010395050,0.0020958430,0.0280311704,0.9999992847,79.0533,30.0989
000000275749.jpg,0.0021140068,0.0016372204,0.0028209377,0.0277180672,0.9999980330,41.2130,20.8893
000000275791.jpg,0.0009598071,0.0003882200,0.0016556521,0.0180141926,1.0000000000,34.6758,19.7985
000000276018.jpg,0.0011380381,0.0006771088,0.0019454646,0.0664305687,1.0000000000,34.5319,18.0804
000000276024.jpg,0.0011271165,0.0008047819,0.0016136187,0.0215000920,1.0000000000,78.3430,30.5888
000000276055.jpg,0.0016216738,0.0014748573,0.0022682617,0.0878082514,0.9999992847,41.7895,20.8248
000000276284.jpg,0.0013259064,0.0005776882,0.0021824352,0.0315318108,1.0000000000,78.3145,29.7177
000000276285.jpg,0.0024583824,0.0016851425,0.0032405602,0.0209427029,0.9999994636,34.2630,17.3848
000000276434.jpg,0.0012860278,0.0010116100,0.0017261379,0.0219433308,0.9999989271,34.8307,17.6353
000000276707.jpg,0.0017120573,0.0011130571,0.0033896193,0.2577745914,0.9999992251,77.6540,29.3585
000000276720.jpg,0.0011346027,0.0008068085,0.0016732735,0.0493822098,0.9999953508,76.9511,29.2970
000000276804.jpg,0.0011010256,0.0003288984,0.0020594124,0.0268796682,0.9999998212,74.8480,28.7138
000000276921.jpg,0.0023656897,0.0018818378,0.0030070187,0.0388309956,0.9999986291,79.3877,30.3862
000000277005.jpg,0.0014036315,0.0010255575,0.0019966015,0.0410866737,0.9999992251,33.9077,17.4303
000000277020.jpg,0.0040201279,0.0035449266,0.0051343744,0.1238124371,1.0000000000,29.0477,14.4822
000000277051.jpg,0.0013028402,0.0008463860,0.0020033545,0.0482811928,1.0000000000,35.1554,17.0499
000000277197.jpg,0.0010644394,0.0007035732,0.0015500711,0.0258755684,0.9999991655,36.3348,18.5693
000000277584.jpg,0.0029307327,0.0028104782,0.0034842701,0.0392568111,0.9999940991,77.0095,29.4962
000000277689.jpg,0.0007572057,0.0000026555,0.0015484425,0.0323985815,0.9999953508,35.1564,17.1000
000000278006.jpg,0.0008520368,0.0005434752,0.0013531742,0.0337677002,1.0000000000,34.1312,17.1726
000000278353.jpg,0.0016929598,0.0010459423,0.0024159835,0.0408966541,0.9999985695,60.2599,25.7874
000000278463.jpg,0.0019016439,0.0015482903,0.0024433150,0.0289576054,0.9999989271,76.6932,28.9294
000000278705.jpg,0.0013084024,0.0007912517,0.0020686763,0.0519970655,0.9999997616,74.1935,29.0897
000000278749.jpg,0.0019750348,0.0011017323,0.0029989271,0.0340164900,0.9999991059,40.1547,16.4022
000000278848.jpg,0.0016252997,0.0010887384,0.0023613947,0.0654456615,0.9999989271,76.0473,29.7537
000000278973.jpg,0.0012857442,0.0008108616,0.0018523772,0.0241335034,0.9999993443,34.8656,21.7553
000000279145.jpg,0.0017643953,0.0007798672,0.0030111303,0.0715308189,0.9999988079,100.4054,36.8914
000000279278.jpg,0.0020981289,0.0013590455,0.0038190980,0.2089520693,0.9999986291,42.2837,21.2164
000000279541.jpg,0.0019897274,0.0014576912,0.0028033429,0.0646167994,0.9999994636,74.8693,28.8774
000000279714.jpg,0.0012040728,0.0003395975,0.0025281408,0.0480825901,1.0000000000,32.8845,19.0416
000000279730.jpg,0.0024817288,0.0019814968,0.0031632916,0.0384085178,0.9999996424,37.2913,18.9803
000000279769.jpg,0.0024143928,0.0017669201,0.0031794009,0.0184841156,0.9999998808,86.2075,32.2667
000000279774.jpg,0.0016088709,0.0008041859,0.0024733709,0.0276153088,0.9999996424,48.2352,23.3146
000000279887.jpg,0.0016583733,0.0010313094,0.0025372729,0.0365048945,0.9999997020,35.4721,17.9328
000000279927.jpg,0.0009109971,0.0002734065,0.0016751240,0.0623197556,0.9999995232,91.4135,31.5088
000000280325.jpg,0.0011797812,0.0009981394,0.0015277634,0.0391285419,0.9999982715,41.1107,20.8938
000000280710.jpg,0.0014243083,0.0006891787,0.0025609168,0.1070164442,0.9999974370,77.9607,29.3932
000000280779.jpg,0.0012312839,0.0007693768,0.0018264637,0.0217826366,0.9999997020,77.9185,27.9739
000000280891.jpg,0.0015520625,0.0012421608,0.0021614535,0.0315839946,0.9999992251,34.3606,16.9651
000000280918.jpg,0.0019031676,0.0015537739,0.0024728754,0.0321226120,0.9999986887,77.3057,29.5821
000000280930.jpg,0.0029373635,0.0023243427,0.0039719515,0.0794947147,0.9999951124,38.2846,20.6787
000000281032.jpg,0.0015905229,0.0010340214,0.0022243117,0.0258088112,0.9999993443,39.7948,20.3545
000000281179.jpg,0.0020144731,0.0010004044,0.0031415280,0.0353500843,0.9999997020,88.5520,32.9172
000000281409.jpg,0.0011984620,0.0006521642,0.0018279892,0.0252361298,0.9999995232,36.5042,19.1528
000000281414.jpg,0.0014944468,0.0011045933,0.0021686908,0.0641825199,0.9999983311,95.8065,33.6409
000000281447.jpg,0.0008662313,0.0002350807,0.0016444492,0.0519961119,0.9999996424,35.2781,16.3520
000000281687.jpg,0.0011294626,0.0004795343,0.0019956112,0.0319821835,1.0000000000,43.1357,21.1757
000000281693.jpg,0.0010662620,0.0004091263,0.0019065308,0.0395075157,0.9999977350,78.3688,30.2986
000000281754.jpg,0.0012599415,0.0009689927,0.0017580290,0.0372023582,0.9999981523,35.3472,16.2702
000000281759.jpg,0.0007075953,0.0003056526,0.0014313383,0.0726596117,0.9999976158,34.5003,17.2529
000000281929.jpg,0.0012803997,0.0009227991,0.0018311500,0.0341197886,0.9999993443,76.0049,27.8481
000000282037.jpg,0.0018195109,0.0005697012,0.0033950382,0.0455946922,0.9999997020,85.2768,30.0216
000000282046.jpg,0.0012047986,0.0005260706,0.0019706695,0.0253769159,0.9999986887,38.5697,21.3616
000000282296.jpg,0.0016867062,0.0013098717,0.0022131253,0.0287634134,0.9999992251,75.2934,29.4440
000000282298.jpg,0.0020653638,0.0014984608,0.0027254864,0.0502617359,0.9999992847,73.9848,28.8710
000000282912.jpg,0.0008252023,0.0002751350,0.0014498181,0.0366258621,0.9999995232,79.2720,31.3859
000000283037.jpg,0.0015922784,0.0009703040,0.0025108603,0.0439611673,0.9999995232,34.7289,18.2294
000000283038.jpg,0.0012269954,0.0006365776,0.0020312245,0.0480632782,0.9999994040,29.6560,15.8510
000000283070.jpg,0.0012625058,0.0010657310,0.0015897880,0.0228688717,0.9999992251,35.2496,17.9638
000000283113.jpg,0.0028492298,0.0023436546,0.0036749281,0.0215770602,0.9999992251,80.7083,31.4640
000000283268.jpg,0.0019581246,0.0013470650,0.0027916080,0.0244567394,0.9999997020,35.4366,22.2386
000000283318.jpg,0.0012163834,0.0007672310,0.0019002085,0.0401637554,0.9999992847,35.0329,17.1502
000000283412.jpg,0.0025646901,0.0017547607,0.0036720657,0.0282649994,0.9999971986,34.6117,17.5301
000000283520.jpg,0.0015871814,0.0009753108,0.0023233746,0.0241377354,0.9999988079,35.6081,24.6963
000000283717.jpg,0.0023104355,0.0015878677,0.0030846871,0.0416221619,0.9999987483,75.9966,30.2894
000000283785.jpg,0.0013475037,0.0007129759,0.0021965399,0.0437102318,0.9999988079,33.7622,17.0419
000000284106.jpg,0.0013660626,0.0008611679,0.0020022320,0.0220769644,0.9999982715,33.3319,21.8245
000000284279.jpg,0.0011882704,0.0006922483,0.0018528805,0.0388760567,0.9999993443,73.5176,27.2461
000000284282.jpg,0.0014400483,0.0010234118,0.0020375063,0.0314199924,0.9999995828,38.7439,16.4990
000000284296.jpg,0.0011060362,0.0005197525,0.0016992098,0.0137004852,0.9999987483,34.4729,16.6606
000000284445.jpg,0.0011696869,0.0004961491,0.0019826363,0.0319731236,0.9999995828,58.7655,25.8077
000000284623.jpg,0.0015787377,0.0009357929,0.0025869552,0.0200539231,1.0000000000,78.8379,30.0549
000000284698.jpg,0.0010046372,0.0002873391,0.0019373309,0.0479388237,0.9999992847,41.0633,20.7022
000000284725.jpg,0.0016092382,0.0008068085,0.0026054648,0.0473532677,1.0000000000,35.7332,17.7167
000000284743.jpg,0.0019021234,0.0013507605,0.0046826894,0.3003482819,0.9999958277,35.2109,17.2831
000000284762.jpg,0.0017157648,0.0011768341,0.0023258615,0.0451993942,0.9999995232,34.8482,25.5993
000000284764.jpg,0.0033731048,0.0017638206,0.0051891040,0.0648621321,0.9999979138,37.2480,17.4559
000000284991.jpg,0.0016517437,0.0008931160,0.0025161488,0.0269503593,1.0000000000,35.2650,17.2338
000000285047.jpg,0.0015572811,0.0011265278,0.0022427249,0.0300033092,0.9999983311,34.9205,25.6904
000000285349.jpg,0.0014902942,0.0010685921,0.0020542848,0.0428721905,0.9999992847,40.3279,20.5108
000000285788.jpg,0.0014078693,0.0008747578,0.0021117583,0.0226464272,0.9999997020,78.5555,30.1139
000000285894.jpg,0.0011603750,0.0003727674,0.0020352341,0.0388431549,1.0000000000,56.7089,15.1273
000000286182.jpg,0.0018272309,0.0011457205,0.0026669796,0.0559628010,0.9999996424,79.5380,31.3426
000000286422.jpg,0.0005687422,0.0000000000,0.0013598055,0.0357704163,1.0000000000,35.0990,16.8492
000000286458.jpg,0.0023863397,0.0021337271,0.0029342358,0.0212488174,0.9999976754,34.8382,17.1763
000000286503.jpg,0.0011051318,0.0005615093,0.0019301028,0.0435945988,0.9999994040,34.9063,16.9850
000000286507.jpg,0.0009990553,0.0004670620,0.0016977262,0.0168972015,0.9999977350,34.3422,17.6663
000000286523.jpg,0.0016317056,0.0012133121,0.0022638058,0.0351800919,0.9999994040,76.1968,28.4084
000000286553.jpg,0.0017862670,0.0012969971,0.0024320064,0.0630939007,0.9999991059,80.1268,30.3100
000000286660.jpg,0.0016258351,0.0012814999,0.0021792077,0.0453259945,0.9999992251,37.5620,18.8321
000000286708.jpg,0.0015489076,0.0010888577,0.0021430033,0.0290571451,0.9999988675,78.4156,30.1320
000000286849.jpg,0.0012972108,0.0009317398,0.0017823066,0.0388538837,0.9999995828,33.9955,17.4039
000000286907.jpg,0.0016089458,0.0010957718,0.0022109689,0.0187962055,0.9999993443,80.1520,30.9537
000000286908.jpg,0.0018708803,0.0016739368,0.0022579432,0.0206696987,0.9999980927,54.0377,20.6573
000000286994.jpg,0.0008457843,0.0003833771,0.0014026711,0.0130739212,1.0000000000,79.8410,30.3046
000000287291.jpg,0.0013870705,0.0008336306,0.0024279424,0.0678355694,0.9999994636,41.9714,20.5679
000000287347.jpg,0.0016133154,0.0008506775,0.0025005699,0.0371065140,0.9999995828,80.7637,31.0309
000000287527.jpg,0.0018929347,0.0013856888,0.0024875964,0.0179284811,0.9999981523,53.0384,20.6652
000000287545.jpg,0.0017542009,0.0013586283,0.0022414241,0.0205533504,0.9999995828,78.5880,30.2530
000000287649.jpg,0.0013989193,0.0010409355,0.0019034392,0.0433266163,0.9999987483,78.0177,30.4832
000000287667.jpg,0.0026395163,0.0020246506,0.0034197264,0.0219573975,0.9999990463,78.1117,30.2172
000000287714.jpg,0.0016416153,0.0011878014,0.0022519070,0.0202561617,0.9999993443,78.1798,30.2004
000000287874.jpg,0.0010773131,0.0005595684,0.0017621510,0.0678849816,0.9999959469,35.3416,17.6635
000000287959.jpg,0.0016719373,0.0011885166,0.0022508691,0.0275384188,0.9999989271,77.3131,29.3196
000000288042.jpg,0.0015190836,0.0003798008,0.0031053640,0.0867872238,0.9999998808,75.3676,29.6463
000000288062.jpg,0.0011007198,0.0009076595,0.0014436936,0.0260553360,0.9999997616,77.7389,30.4006
000000288391.jpg,0.0015088948,0.0010099411,0.0021963783,0.0255408287,0.9999981523,35.4942,18.4597
000000288430.jpg,0.0009882189,0.0003037453,0.0017128881,0.0207235813,1.0000000000,42.6995,23.6016
000000288584.jpg,0.0013239370,0.0008175373,0.0019493583,0.0682611465,0.9999990463,34.3702,17.8377
000000288685.jpg,0.0010335691,0.0005623102,0.0016696901,0.0243126899,0.9999994636,90.9681,31.6590
000000288762.jpg,0.0014331840,0.0012891293,0.0017944956,0.0311664343,0.9999983907,35.1453,17.8013
000000288862.jpg,0.0019217064,0.0016059875,0.0026970289,0.0743901134,0.9999996424,35.2096,17.3382
000000288882.jpg,0.0009901274,0.0006107092,0.0017309065,0.0566375256,0.9999995828,29.1240,14.1289
000000289059.jpg,0.0010707363,0.0005350113,0.0018163892,0.0568073988,0.9999991655,78.5006,30.4637
000000289222.jpg,0.0015401365,0.0009378195,0.0024092805,0.0511164665,0.9999995232,76.3687,29.6458
000000289229.jpg,0.0014959157,0.0012806058,0.0019965796,0.0268015862,0.9999996424,35.9710,18.6599
000000289343.jpg,0.0020482182,0.0010146499,0.0030899376,0.0923659801,0.9999991059,73.2957,28.3137
000000289393.jpg,0.0013896538,0.0009148121,0.0019705587,0.0197081566,0.9999993443,75.6346,29.8557
000000289415.jpg,0.0027420344,0.0021876246,0.0035508557,0.0388159752,0.9999989271,36.7577,19.9766
000000289417.jpg,0.0025524171,0.0017578155,0.0034611740,0.0217653513,0.9999994040,48.1341,24.2627
000000289516.jpg,0.0010289429,0.0005565882,0.0016057951,0.0343232155,0.9999995232,29.2226,14.8680
000000289586.jpg,0.0009896751,0.0005556345,0.0017282821,0.0389590263,0.9999992847,38.0156,18.9327
000000289594.jpg,0.0013947890,0.0009431839,0.0022157363,0.1002309322,0.9999997616,83.9873,31.6491
000000289659.jpg,0.0012085519,0.0008544922,0.0017219053,0.0285682678,0.9999992251,35.8025,17.8595
000000289702.jpg,0.0020757825,0.0016326904,0.0026711449,0.0510458946,0.9999971390,36.1063,18.2562
000000289741.jpg,0.0010107452,0.0003262758,0.0018332286,0.0513954163,1.0000000000,81.9850,30.7959
000000289938.jpg,0.0013542281,0.0007002950,0.0024373399,0.0696758032,0.9999992847,44.2687,24.4807
000000289960.jpg,0.0003303436,0.0000000000,0.0009260999,0.0291443765,0.9999972582,77.5420,30.5062
000000289992.jpg,0.0014279358,0.0013012290,0.0017642268,0.0298407078,0.9999990463,34.6700,17.3025
000000290081.jpg,0.0026840614,0.0021086931,0.0035703999,0.0258626938,0.9999998212,52.5231,20.7883
000000290163.jpg,0.0021840772,0.0014793873,0.0029818425,0.0254564285,0.9999994040,75.8725,28.8502
000000290179.jpg,0.0008321170,0.0000262856,0.0014996373,0.0157644749,1.0000000000,34.3810,17.2523
000000290248.jpg,0.0013243894,0.0009747744,0.0019560258,0.0673768520,0.9999967813,77.3181,29.6634
000000290293.jpg,0.0012434009,0.0009579659,0.0017323066,0.0376234055,0.9999994040,26.2608,13.4141
000000290592.jpg,0.0022029723,0.0017187595,0.0028786294,0.0188591480,0.9999994636,33.9075,17.0905
000000290619.jpg,0.0026533038,0.0016670227,0.0035491402,0.0376904011,0.9999995232,76.6641,29.3596
000000290768.jpg,0.0016207293,0.0010831356,0.0022377835,0.0434403419,0.9999996424,51.5396,20.3623
000000290771.jpg,0.0012558743,0.0008211136,0.0019074981,0.0385293961,0.9999995828,86.6494,33.9917
000000290833.jpg,0.0012106332,0.0008809566,0.0017247506,0.0348594189,1.0000000000,45.8518,18.9161
000000290843.jpg,0.0018896665,0.0010766983,0.0027147818,0.0344240665,0.9999998808,36.1024,18.4898
000000291490.jpg,0.0014291418,0.0010509491,0.0019142294,0.0172657967,0.9999998212,35.2791,16.5283
000000291551.jpg,0.0009724604,0.0004540682,0.0016201010,0.0361700058,0.9999988675,35.9710,20.5163
000000291619.jpg,0.0016566790,0.0011900663,0.0023098460,0.0210530758,0.9999998808,35.1802,18.2520
000000291634.jpg,0.0014796709,0.0008768439,0.0021944814,0.0375370979,0.9999994040,35.1081,21.4610
000000291664.jpg,0.0014864826,0.0009083748,0.0021031871,0.0315520763,0.9999995828,61.5403,26.0433
000000291791.jpg,0.0015062980,0.0011005402,0.0021772627,0.0486971140,0.9999990463,77.0741,28.6791
000000291861.jpg,0.0013757744,0.0005868077,0.0022728508,0.0311456323,0.9999994636,36.2546,16.5649
000000292005.jpg,0.0011607567,0.0008683205,0.0015377075,0.0312108994,0.9999991059,76.1133,30.0880
000000292024.jpg,0.0014624201,0.0011051893,0.0019889539,0.0344544649,0.9999994636,50.9985,19.8953
000000292060.jpg,0.0011539408,0.0006934404,0.0018219613,0.0368452668,0.9999982715,33.9638,16.7708
000000292082.jpg,0.0015190655,0.0009508133,0.0022038822,0.0251569748,0.9999997020,51.7022,25.4405
000000292155.jpg,0.0009330199,0.0005699396,0.0014908429,0.0320253372,0.9999997616,75.4525,29.2340
000000292225.jpg,0.0010044106,0.0004830956,0.0017466905,0.0417882502,0.9999994040,40.7589,24.9266
000000292236.jpg,0.0014365695,0.0008145869,0.0022000135,0.0773882866,0.9999995232,33.8096,20.5852
000000292330.jpg,0.0017620967,0.0015387535,0.0022023509,0.0200169086,0.9999994636,73.7937,27.6231
000000292415.jpg,0.0011885804,0.0000596046,0.0022378603,0.0288966894,1.0000000000,33.8408,16.3515
000000292446.jpg,0.0019148957,0.0013146400,0.0026991444,0.0553479195,0.9999994636,57.7397,26.8931
000000292456.jpg,0.0028838119,0.0026619434,0.0034978013,0.0167052746,0.9999970794,46.3683,23.6757
000000292488.jpg,0.0015779092,0.0006324053,0.0024870376,0.0286136866,1.0000000000,39.3863,19.1427
000000292908.jpg,0.0012785908,0.0010821819,0.0017391219,0.0094070435,1.0000000000,31.5011,16.3741
000000292997.jpg,0.0014073497,0.0005588531,0.0026017390,0.0610678196,1.0000000000,84.8168,34.4311
000000293044.jpg,0.0015463075,0.0011444092,0.0020939976,0.0278096199,0.9999983907,35.4750,14.7107
000000293071.jpg,0.0011107615,0.0005590916,0.0018108649,0.0580959320,0.9999996424,34.8630,18.0326
000000293200.jpg,0.0009576180,0.0004718304,0.0016550170,0.0341649055,1.0000000000,36.1856,18.0026
000000293245.jpg,0.0015745295,0.0009182692,0.0023139385,0.0482788086,0.9999995828,78.4421,29.9324
000000293300.jpg,0.0016437742,0.0008742809,0.0027846051,0.0390733778,0.9999983907,34.7569,24.2347
000000293324.jpg,0.0005361045,0.0000000000,0.0013137881,0.0121717453,1.0000000000,32.7750,15.4872
000000293390.jpg,0.0015313737,0.0010614395,0.0021450217,0.0269043446,0.9999990463,76.3626,29.1829
000000293474.jpg,0.0022297530,0.0020408630,0.0026564226,0.0349502563,0.9999995232,34.8343,16.7563
000000293625.jpg,0.0012974649,0.0006746054,0.0020893067,0.0588378906,0.9999993443,76.2711,29.3259
000000293794.jpg,0.0014163947,0.0009471178,0.0020299982,0.0370025635,0.9999995828,34.2986,19.7459
000000293804.jpg,0.0017409320,0.0012328625,0.0024053408,0.0275235176,0.9999994636,34.1852,16.9314
000000293858.jpg,0.0021379269,0.0015561581,0.0029260791,0.0218039751,0.9999993443,50.5560,55.1047
000000294162.jpg,0.0025565741,0.0017242432,0.0034506756,0.0202131271,0.9999990463,75.2740,29.5226
000000294163.jpg,0.0004743219,0.0000000000,0.0012015756,0.0445979238,0.9999936819,33.7644,16.5838
000000294350.jpg,0.0016173334,0.0009844303,0.0024390584,0.0474853516,0.9999995828,34.2430,16.7373
000000294695.jpg,0.0008901950,0.0001785830,0.0016976505,0.0447318554,0.9999991059,33.8412,25.0223
000000294783.jpg,0.0012889617,0.0009098053,0.0017821784,0.0278122425,0.9999988675,32.9242,16.7840
000000294831.jpg,0.0024228094,0.0018569231,0.0031825183,0.0291032791,0.9999992847,28.3478,14.3372
000000294855.jpg,0.0019399170,0.0009298325,0.0030058231,0.0325448513,0.9999989867,41.3265,22.6318
000000295138.jpg,0.0012852136,0.0009222031,0.0018128214,0.0243518353,0.9999993443,36.3113,17.4312
000000295231.jpg,0.0015533095,0.0010305643,0.0022279329,0.0362210274,1.0000000000,86.1692,32.9343
000000295316.jpg,0.0017509493,0.0009312630,0.0029666948,0.0196087360,0.9999972582,80.0697,31.0899
000000295420.jpg,0.0011327007,0.0005462170,0.0018879499,0.0266265869,0.9999979138,78.8361,29.9150
000000295478.jpg,0.0015020628,0.0012826920,0.0019065795,0.0687049627,0.9999994636,77.2742,29.4113
000000295713.jpg,0.0016094056,0.0012164116,0.0021955695,0.0309753418,0.9999989867,34.4992,17.3353
000000295797.jpg,0.0005091390,0.0000000000,0.0010311641,0.0293358564,0.9999933839,34.7704,17.2557
000000295809.jpg,0.0026431216,0.0011539459,0.0041260547,0.0216941833,0.9999995232,74.9926,28.1331
000000296222.jpg,0.0011698626,0.0006374121,0.0019297841,0.0384182930,0.9999986887,77.3717,29.4648
000000296224.jpg,0.0015026996,0.0011215210,0.0022398995,0.1043281555,0.9999975562,76.5535,29.3090
000000296231.jpg,0.0013270186,0.0009806156,0.0017809902,0.0162113905,1.0000000000,76.1779,29.5720
000000296284.jpg,0.0015728854,0.0012283325,0.0020960390,0.0277388096,0.9999988675,42.7630,21.6771
000000296317.jpg,0.0010167881,0.0004058778,0.0017879725,0.0190615654,0.9999982119,81.4967,31.4011
000000296634.jpg,0.0016473021,0.0012656450,0.0023170761,0.0541713238,0.9999985695,89.0285,31.1884
000000296649.jpg,0.0011146134,0.0004192293,0.0023394346,0.0476961136,0.9999991655,36.3820,19.7776
000000296657.jpg,0.0017728658,0.0010912418,0.0026511920,0.0517183542,0.9999991655,36.3344,17.1247
000000296969.jpg,0.0015564826,0.0007386208,0.0026352161,0.0542974472,0.9999994040,35.0093,17.2992
000000297022.jpg,0.0012615195,0.0006811619,0.0020772342,0.1267803907,0.9999982119,77.7233,33.5674
000000297084.jpg,0.0015083770,0.0008847713,0.0024652518,0.0627763867,0.9999998212,52.3818,20.7974
000000297085.jpg,0.0011139923,0.0007598996,0.0016489981,0.0388488770,0.9999992847,42.3764,20.8469
000000297147.jpg,0.0018691318,0.0013895035,0.0025788094,0.0569128990,0.9999997020,76.9678,29.6818
000000297343.jpg,0.0014535066,0.0012335777,0.0018142156,0.0230171680,0.9999981523,36.5566,16.9629
000000297353.jpg,0.0014790926,0.0005486608,0.0026838435,0.1141099930,0.9999994636,51.1608,20.1240
000000297396.jpg,0.0029201556,0.0026868582,0.0035934539,0.0278042555,0.9999990463,41.2941,20.1161
000000297427.jpg,0.0019580990,0.0014863014,0.0026658033,0.0290460587,0.9999997616,59.8091,25.7343
000000297562.jpg,0.0022850975,0.0009549856,0.0035194030,0.0410509109,0.9999991059,76.2844,29.5306
000000297578.jpg,0.0058138804,0.0031132698,0.0099113686,0.0463302135,0.9999901652,28.9218,14.6920
000000297595.jpg,0.0012087231,0.0004973412,0.0019283047,0.0195572376,0.9999998808,34.2548,17.5357
000000297681.jpg,0.0017778610,0.0011456609,0.0026184111,0.0331289768,0.9999997616,34.3494,17.5083
000000297698.jpg,0.0002502210,0.0000000000,0.0007446259,0.0261722803,0.9999936223,87.5079,30.0905
000000297830.jpg,0.0010695262,0.0006363392,0.0016698318,0.0292073488,0.9999995828,72.8885,27.8291
000000298251.jpg,0.0015501837,0.0012401342,0.0019696834,0.0066077709,0.9999980330,18.8239,11.1556
000000298396.jpg,0.0012410140,0.0006256104,0.0020590923,0.0310051441,0.9999995232,77.3256,30.8090
000000298697.jpg,0.0014378191,0.0004726052,0.0027021086,0.0178442001,0.9999995232,79.3504,30.6288
000000298738.jpg,0.0014240331,0.0009911060,0.0020218052,0.0271155834,0.9999988079,39.6191,17.1198
000000298904.jpg,0.0010657108,0.0006701946,0.0017592250,0.0345199108,0.9999992251,80.5087,31.4621
000000298994.jpg,0.0017999999,0.0012123585,0.0025247643,0.0214961767,0.9999983907,35.0789,17.5985
000000299355.jpg,0.0030349432,0.0024833679,0.0038529160,0.0223402977,0.9999993443,42.3178,22.0148
000000299553.jpg,0.0004108720,0.0000000000,0.0010482096,0.0278807878,1.0000000000,42.1017,20.9551
000000299609.jpg,0.0008488754,0.0002086163,0.0016287589,0.0137634277,0.9999976158,79.6208,30.8207
000000299720.jpg,0.0015641156,0.0004431605,0.0026503673,0.0246798992,1.0000000000,35.6813,17.5345
000000299887.jpg,0.0014448349,0.0009472370,0.0021461251,0.0335254669,0.9999994040,77.3983,29.6363
000000300039.jpg,0.0037418515,0.0031135082,0.0052162078,0.2941915989,0.9999952316,41.2705,20.2441
000000300155.jpg,0.0012876216,0.0007032156,0.0021234581,0.0843694210,0.9999984503,34.3339,17.6139
000000300233.jpg,0.0017250015,0.0014792085,0.0021728496,0.0318161249,0.9999992847,75.9272,28.6572
000000300276.jpg,0.0013668661,0.0008568764,0.0020834752,0.0391438007,0.9999989271,39.1875,13.8698
000000300341.jpg,0.0011051894,0.0008015633,0.0015281350,0.0260589123,0.9999992847,33.6471,17.1239
000000300659.jpg,0.0011661461,0.0008315444,0.0015899064,0.0162588358,0.9999983311,28.6975,14.9763
000000300842.jpg,0.0014544785,0.0007975996,0.0021861894,0.0567849874,0.9999992847,35.0626,17.6845
000000300913.jpg,0.0019851765,0.0014089644,0.0027274704,0.0257019997,0.9999988675,41.2105,20.3053
000000301061.jpg,0.0018367216,0.0008986592,0.0027468367,0.0190339088,1.0000000000,78.2473,30.7859
000000301135.jpg,0.0014014971,0.0010880232,0.0018957005,0.0389310718,0.9999994636,35.8895,17.4275
000000301376.jpg,0.0008752597,0.0004584789,0.0018043736,0.1200016737,1.0000000000,34.6537,17.4305
000000301421.jpg,0.0014137941,0.0010443926,0.0019673856,0.0521874428,0.9999986291,34.4307,17.5646
000000301563.jpg,0.0013953665,0.0008980334,0.0022093530,0.0412697792,1.0000000000,34.9317,17.6436
000000301718.jpg,0.0014661076,0.0010485649,0.0020081042,0.0294238329,0.9999992251,78.4768,30.5065
000000301867.jpg,0.0014426814,0.0011355877,0.0019220205,0.0386368036,0.9999982119,75.8116,29.7762
000000301981.jpg,0.0008479335,0.0004022121,0.0016080426,0.0448503494,0.9999992847,76.3404,29.2539
000000302030.jpg,0.0023450411,0.0015628338,0.0032799747,0.0534925461,0.9999994636,28.7829,14.2331
000000302107.jpg,0.0011579873,0.0005054474,0.0018731945,0.0265123844,0.9999997020,33.6155,16.2179
000000302165.jpg,0.0014655935,0.0008705258,0.0021503964,0.0262185335,0.9999997020,76.2553,29.0598
000000302452.jpg,0.0016514012,0.0011335015,0.0023210165,0.0211186409,0.9999994040,53.1339,19.9261
000000302536.jpg,0.0012729566,0.0010039806,0.0016822991,0.0208888054,0.9999992847,41.3278,19.8096
000000302760.jpg,0.0015352790,0.0010583401,0.0021592502,0.0166478157,0.9999994040,40.3277,20.2396
000000302882.jpg,0.0017512137,0.0013427734,0.0025958614,0.0581593513,0.9999989867,42.9929,20.3106
000000302990.jpg,0.0013373198,0.0008496046,0.0018721684,0.0258052349,0.9999994636,46.5345,21.2158
000000303305.jpg,0.0016700110,0.0011668205,0.0024737814,0.0851085186,0.9999970794,98.8537,36.9634
000000303499.jpg,0.0017548329,0.0011346340,0.0025968051,0.0316772461,1.0000000000,43.7607,21.4010
000000303566.jpg,0.0015250557,0.0010329485,0.0021931769,0.0327193737,1.0000000000,41.9276,21.6961
000000303653.jpg,0.0014476040,0.0010681152,0.0019987621,0.0323259830,0.9999993443,42.1607,18.3651
000000303713.jpg,0.0009682014,0.0004950762,0.0017276037,0.0731067657,0.9999995232,33.5206,16.0375
000000303818.jpg,0.0023480742,0.0012235641,0.0038056227,0.0618165731,1.0000000000,75.5089,28.7143
000000303863.jpg,0.0016368118,0.0010685325,0.0024293682,0.0369629860,0.9999996424,38.1620,18.3478
000000303893.jpg,0.0021484420,0.0011961460,0.0030258815,0.0319464207,0.9999995232,37.0004,23.4201
000000303908.jpg,0.0013412117,0.0009798408,0.0020328322,0.0762510300,0.9999997616,35.5692,18.3859
000000304180.jpg,0.0018505643,0.0018281937,0.0021744887,0.0495858192,0.9999969602,35.0082,16.0153
000000304291.jpg,0.0010148294,0.0004751682,0.0016389241,0.0302083492,0.9999992847,34.9748,18.0203
000000304365.jpg,0.0008670167,0.0004035234,0.0014022931,0.0157549381,1.0000000000,35.0024,17.6297
000000304396.jpg,0.0007830906,0.0004591942,0.0012913133,0.0353469849,1.0000000000,37.0637,17.2755
000000304404.jpg,0.0014304926,0.0010042191,0.0019637290,0.0280158520,1.0000000000,34.4190,17.6823
000000304545.jpg,0.0020264678,0.0018122196,0.0025182730,0.0277787447,0.9999972582,72.4406,28.1837
000000304560.jpg,0.0014960334,0.0008167028,0.0022111437,0.0239856243,0.9999995828,33.9580,17.5199
000000304812.jpg,0.0007905029,0.0000184774,0.0015676368,0.0164480209,1.0000000000,34.5115,17.3878
000000304817.jpg,0.0010781549,0.0008444786,0.0014629964,0.0163717270,0.9999988675,77.9347,29.7175
000000304984.jpg,0.0021877582,0.0014825463,0.0029941374,0.0272573233,0.9999995232,41.4035,20.3208
000000305309.jpg,0.0012914021,0.0005309582,0.0021284714,0.0384368896,0.9999995828,32.9971,16.1887
000000305317.jpg,0.0003452817,0.0000000000,0.0010136383,0.0156109929,1.0000000000,33.9309,16.6868
000000305343.jpg,0.0014103688,0.0007499456,0.0021484327,0.0209783316,0.9999992847,34.9507,18.7212
000000305609.jpg,0.0015456855,0.0012383461,0.0020170568,0.0224814415,0.9999995828,53.0175,20.2635
000000305695.jpg,0.0012975057,0.0006667376,0.0024638451,0.0806026459,0.9999997616,78.3430,29.7981
000000306136.jpg,0.0021564066,0.0014677048,0.0035756445,0.0736684799,0.9999969006,52.1912,16.8543
000000306139.jpg,0.0013614197,0.0008351803,0.0020097143,0.0239100456,0.9999997020,34.2749,17.7974
000000306437.jpg,0.0019046186,0.0007551908,0.0032320688,0.0386800766,0.9999993443,34.8746,24.9068
000000306582.jpg,0.0011765884,0.0006852150,0.0028226001,0.2229238153,0.9999984503,76.9011,29.7728
000000306700.jpg,0.0020475655,0.0010130405,0.0029825873,0.0208587646,0.9999997616,79.9543,30.6723
000000306733.jpg,0.0020065410,0.0014419556,0.0027204813,0.0264768600,0.9999980927,34.1966,17.1552
000000306893.jpg,0.0013431982,0.0009638071,0.0019284660,0.0633237362,0.9999988675,36.9432,18.4636
000000307074.jpg,0.0005433891,0.0000000000,0.0015265085,0.0583534241,1.0000000000,34.4569,26.2264
000000307145.jpg,0.0013361877,0.0009198189,0.0019229612,0.0347290039,0.9999994040,40.4878,20.4180
000000307172.jpg,0.0026155005,0.0015668869,0.0035904914,0.0309777260,0.9999992847,33.9362,16.5924
000000307598.jpg,0.0006035891,0.0000882149,0.0012662832,0.0320947170,1.0000000000,33.8409,17.9824
000000307658.jpg,0.0017763413,0.0012893677,0.0024724805,0.0384956598,0.9999995232,58.3737,25.1436
000000308165.jpg,0.0016394203,0.0001236945,0.0031007612,0.0302459821,0.9999959469,34.1456,16.3044
000000308193.jpg,0.0010191755,0.0006084442,0.0017322772,0.0451849699,0.9999997616,76.1753,30.7036
000000308328.jpg,0.0017332165,0.0010581017,0.0025268053,0.0785403252,0.9999994636,78.3175,30.4135
000000308391.jpg,0.0018475847,0.0006651878,0.0060869534,0.2928326130,0.9999958873,35.2038,17.0937
000000308394.jpg,0.0018023980,0.0015087128,0.0023668481,0.0226213932,0.9999986887,35.2055,17.2405
000000308430.jpg,0.0013911350,0.0009856224,0.0021315969,0.0397224426,0.9999986887,78.3087,30.2390
000000308466.jpg,0.0018949601,0.0015316010,0.0024883687,0.0400514603,0.9999984503,78.6333,30.2963
000000308476.jpg,0.0019319938,0.0013527870,0.0026072729,0.0353059769,0.9999995232,78.8622,30.1483
000000308531.jpg,0.0014395749,0.0006339550,0.0023516826,0.0373321772,0.9999992847,30.9182,14.2978
000000308545.jpg,0.0011698510,0.0007129312,0.0017609693,0.0293776989,0.9999993443,35.0439,17.4808
000000308587.jpg,0.0015993331,0.0002156496,0.0031831763,0.0223407745,1.0000000000,79.4475,31.8390
000000308631.jpg,0.0015119395,0.0012123585,0.0019997703,0.0331305265,0.9999987483,37.3250,17.6266
000000308753.jpg,0.0016148500,0.0014760494,0.0019163649,0.0281594992,0.9999991655,78.7602,30.2176
000000308793.jpg,0.0013844916,0.0005550385,0.0025453931,0.0438771248,0.9999985099,78.5640,30.5142
000000308799.jpg,0.0011967075,0.0008199215,0.0016958262,0.0360267162,0.9999995828,44.3953,20.3704
000000309173.jpg,0.0019019998,0.0012856647,0.0027721478,0.0328176022,0.9999994636,35.0146,17.5747
000000309391.jpg,0.0012260716,0.0007729530,0.0018569974,0.0434925556,0.9999989867,30.9240,14.6109
000000309452.jpg,0.0015072530,0.0012866259,0.0019964734,0.0421688557,0.9999980330,78.4788,30.4384
000000309467.jpg,0.0007800366,0.0000000000,0.0016271222,0.0202600956,1.0000000000,29.2372,16.1317
000000309484.jpg,0.0018798746,0.0014410019,0.0024920802,0.0340503454,0.9999988079,68.3593,27.9721
000000309495.jpg,0.0010249183,0.0007367730,0.0014037046,0.0210616589,0.9999994040,33.2227,15.7543
000000309655.jpg,0.0010497721,0.0003566146,0.0018974767,0.0259275436,1.0000000000,77.8687,30.2858
000000309678.jpg,0.0022880367,0.0018785000,0.0029854516,0.0476299524,0.9999994636,33.6508,16.2929
000000309938.jpg,0.0023047924,0.0018219948,0.0029360168,0.0362164378,0.9999986291,78.7712,30.1630
000000309964.jpg,0.0014221062,0.0011529922,0.0019099627,0.0506911874,0.9999989867,36.0135,18.0201
000000310072.jpg,0.0015594044,0.0011446476,0.0021249310,0.0260725021,0.9999993443,29.8326,15.9597
000000310200.jpg,0.0023060518,0.0015847683,0.0031210769,0.0289440155,0.9999991655,78.8599,30.1707
000000310622.jpg,0.0009761440,0.0004220009,0.0016648552,0.0403511524,0.9999989867,35.4852,17.7110
000000310862.jpg,0.0014779766,0.0010871887,0.0020303600,0.0468291044,1.0000000000,53.0028,20.6815
000000310980.jpg,0.0028573379,0.0027234554,0.0032211919,0.0359581709,0.9999994636,35.0368,17.4497
000000311002.jpg,0.0013145356,0.0002804995,0.0027107075,0.0555582047,0.9999996424,35.0018,17.3877
000000311081.jpg,0.0014956987,0.0010225177,0.0021015601,0.0330376625,0.9999994040,80.3471,31.4090
000000311180.jpg,0.0011065339,0.0005400181,0.0017739779,0.0220584869,0.9999998212,79.8963,31.2896
000000311190.jpg,0.0022240838,0.0017557144,0.0029949422,0.0772962570,0.9999989271,41.5699,20.2265
000000311295.jpg,0.0008263449,0.0003080368,0.0014409391,0.0202946663,0.9999995828,34.0232,17.5044
000000311303.jpg,0.0022913958,0.0015316010,0.0032905424,0.0559158325,1.0000000000,34.8536,16.8322
000000311392.jpg,0.0015552677,0.0009979010,0.0022617625,0.0548863411,0.9999997616,33.9186,16.7133
000000311394.jpg,0.0019367874,0.0014672279,0.0025234977,0.0245873928,0.9999996424,77.2708,30.7439
000000311518.jpg,0.0011550908,0.0007047653,0.0016992504,0.0118169785,0.9999993443,34.2294,16.6824
000000311789.jpg,0.0021739583,0.0017000437,0.0028441960,0.0317502022,0.9999991059,35.6015,17.0566
000000311883.jpg,0.0007144978,0.0000486374,0.0013335092,0.0220480561,0.9999989271,21.1591,12.3612
000000311909.jpg,0.0018399725,0.0013538003,0.0025020347,0.0333523750,0.9999997020,71.5140,26.8732
000000311928.jpg,0.0009649281,0.0006226301,0.0015398085,0.0253835917,0.9999994636,35.8882,18.1275
000000311950.jpg,0.0016581696,0.0016822815,0.0019292196,0.0193300247,0.9999992251,106.8133,37.8787
000000312192.jpg,0.0025121206,0.0019763112,0.0032103830,0.0147123337,0.9999989867,86.6250,33.5243
000000312213.jpg,0.0021360717,0.0013914108,0.0030045584,0.0455283523,0.9999986291,83.4438,31.3646
000000312237.jpg,0.0007522565,0.0000213832,0.0016547942,0.0301243067,0.9999989271,35.6903,18.2961
000000312263.jpg,0.0016739814,0.0008300543,0.0040240083,0.1916828752,0.9999978542,77.0239,29.7641
000000312278.jpg,0.0010678993,0.0008091927,0.0016400022,0.0419181585,1.0000000000,22.1357,13.5560
000000312340.jpg,0.0014844753,0.0012621880,0.0018596989,0.0166711807,0.9999989867,34.3025,18.1478
000000312406.jpg,0.0024826957,0.0017485619,0.0033272144,0.0380587578,0.9999989867,77.7949,29.3963
000000312421.jpg,0.0017383897,0.0010040998,0.0030413524,0.1366056204,0.9999995232,43.5608,16.4466
000000312489.jpg,0.0011285353,0.0006937981,0.0017286296,0.0211454630,0.9999997616,34.5078,16.9913
000000312549.jpg,0.0009480036,0.0003410578,0.0016848757,0.0353852212,0.9999967813,76.7608,29.6083
000000312552.jpg,0.0029125563,0.0027611256,0.0034106376,0.0139514208,0.9999965429,40.8774,25.8337
000000312586.jpg,0.0016528449,0.0009349585,0.0024075762,0.0154418945,0.9999994636,33.6056,17.2343
000000312720.jpg,0.0003218529,0.0000000000,0.0010252662,0.0262771286,1.0000000000,34.6299,17.4372
000000313034.jpg,0.0011387953,0.0008051395,0.0016132809,0.0297245979,0.9999998212,77.3565,29.4775
000000313130.jpg,0.0022150367,0.0021660328,0.0025398072,0.0267734528,0.9999974370,77.6807,29.4928
000000313182.jpg,0.0014763976,0.0006709099,0.0038497509,0.2980827093,0.9999970198,34.3872,19.1939
000000313454.jpg,0.0012151502,0.0006852150,0.0019410078,0.0515943766,0.9999987483,40.9994,15.8076
000000313562.jpg,0.0016925706,0.0011191368,0.0023418593,0.0201158524,0.9999994636,82.8487,32.0664
000000313588.jpg,0.0012764896,0.0006259084,0.0020913999,0.0371503830,0.9999992847,83.6487,33.5809
000000313783.jpg,0.0019178167,0.0014336109,0.0025339394,0.0193715096,0.9999992251,43.8696,21.3439
000000314034.jpg,0.0014887201,0.0008411407,0.0025589420,0.0751756430,0.9999988675,79.9579,30.8190
000000314177.jpg,0.0028917687,0.0028882027,0.0031600150,0.0133569241,0.9999980927,81.1361,33.2619
000000314182.jpg,0.0016983066,0.0010488033,0.0023975624,0.0277491808,0.9999991655,41.0692,25.4031
000000314251.jpg,0.0012320738,0.0006978512,0.0019221635,0.0560574532,0.9999994040,76.1812,29.0332
000000314264.jpg,0.0012834846,0.0009982586,0.0017003343,0.0235919952,0.9999994040,78.1552,29.8797
000000314294.jpg,0.0017446437,0.0010557175,0.0025264686,0.0232198238,0.9999996424,49.7253,14.5331
000000314541.jpg,0.0011392145,0.0006415844,0.0017262321,0.0182641149,1.0000000000,36.1107,18.2890
000000314709.jpg,0.0013844009,0.0007364750,0.0020705401,0.0173070431,0.9999997616,37.4265,19.3835
000000314914.jpg,0.0014969943,0.0010880232,0.0021055622,0.0565567017,0.9999994636,85.4774,33.1744
000000315001.jpg,0.0011176405,0.0005102158,0.0021269792,0.1033976525,1.0000000000,55.4054,21.6810
000000315187.jpg,0.0009388898,0.0003104210,0.0017253149,0.0360515118,1.0000000000,91.5189,32.0160
000000315219.jpg,0.0012992785,0.0005482733,0.0021984288,0.0381460190,0.9999997616,36.0083,17.7016
000000315257.jpg,0.0013636007,0.0008141994,0.0020457453,0.0519747734,0.9999995828,75.6824,28.5311
000000315450.jpg,0.0017238455,0.0011763573,0.0024307666,0.0335863829,1.0000000000,39.9659,16.7852
000000315492.jpg,0.0017205988,0.0014034510,0.0022414313,0.0444496870,0.9999992847,52.5015,26.7189
000000316015.jpg,0.0021787544,0.0015635490,0.0029367404,0.0226697922,0.9999986887,43.3318,20.9800
000000316054.jpg,0.0007846515,0.0000000000,0.0016091355,0.0311436653,0.9999985099,90.0957,31.5901
000000316404.jpg,0.0013755459,0.0011630058,0.0018016251,0.0340931416,0.9999991059,87.9610,31.2494
000000316666.jpg,0.0023175569,0.0017423630,0.0031029796,0.0308268070,0.9999957681,77.6008,29.9681
000000317024.jpg,0.0013930881,0.0010762215,0.0018964609,0.0627117157,0.9999997020,77.7478,30.0070
000000317433.jpg,0.0010740330,0.0007019043,0.0015956421,0.0284318924,0.9999994636,34.8405,25.1109
000000317999.jpg,0.0018127544,0.0011924505,0.0025208597,0.0215759277,0.9999998212,51.7255,20.7543
000000318080.jpg,0.0012194908,0.0007309914,0.0017530764,0.0290746689,0.9999997020,76.2491,29.2913
000000318114.jpg,0.0017490790,0.0011770725,0.0024207006,0.0270013809,0.9999991655,43.0075,25.5933
000000318138.jpg,0.0011495373,0.0007491112,0.0017985802,0.0701514482,0.9999992847,74.1421,28.8622
000000318238.jpg,0.0018348118,0.0015439987,0.0023197173,0.0235508084,0.9999992251,74.7971,29.0180
000000318455.jpg,0.0014828342,0.0009822845,0.0020973787,0.0382273197,0.9999992251,73.1592,27.8748
000000318908.jpg,0.0029450473,0.0012950897,0.0050922581,0.0294661522,0.9999930263,33.7590,21.6869
000000319100.jpg,0.0012279882,0.0008304119,0.0017401251,0.0130808353,0.9999992251,46.5631,24.6127
000000319184.jpg,0.0013197440,0.0007838607,0.0019978103,0.0238479376,1.0000000000,38.8818,19.2651
000000319369.jpg,0.0015295311,0.0011217594,0.0022472586,0.0440251827,1.0000000000,44.7479,21.7995
000000319534.jpg,0.0016290736,0.0011622906,0.0022548891,0.0335328579,0.9999986291,96.8486,36.8367
000000319607.jpg,0.0011910610,0.0005090237,0.0031086311,0.2466861010,0.9999979734,61.0104,24.0641
000000319617.jpg,0.0023569856,0.0018374920,0.0030758830,0.0251388550,0.9999989867,48.6741,24.3859
000000319696.jpg,0.0014120877,0.0008866787,0.0020992209,0.0212752819,0.9999988675,37.9255,16.4659
000000319721.jpg,0.0015147290,0.0010147095,0.0021529582,0.0697946548,0.9999994636,74.0972,28.6135
000000319935.jpg,0.0016881827,0.0011029243,0.0023987507,0.0377588272,0.9999993443,31.7444,23.2697
000000320232.jpg,0.0008137142,0.0003967285,0.0015319696,0.0532116890,1.0000000000,39.2570,19.2089
000000320425.jpg,0.0015563163,0.0008519888,0.0023995342,0.0618958473,0.9999994636,72.7078,27.9225
000000320490.jpg,0.0010800440,0.0008115768,0.0016085658,0.0269632339,0.9999990463,35.7912,19.7094
000000320554.jpg,0.0012716142,0.0008869171,0.0018139721,0.0232865810,0.9999991655,46.8500,23.8091
000000320632.jpg,0.0016366419,0.0011053085,0.0024013671,0.0360150337,0.9999989271,88.1055,32.6035
000000320642.jpg,0.0012013485,0.0009150505,0.0016644365,0.0347409248,0.9999989271,44.2269,16.6130
000000320664.jpg,0.0026713773,0.0021634102,0.0033963779,0.0216360092,0.9999989271,81.6824,30.8929
000000320696.jpg,0.0012056422,0.0008310080,0.0017274042,0.0183984041,0.9999976754,35.4989,24.2864
000000320706.jpg,0.0028568646,0.0022490025,0.0036910947,0.0347599983,0.9999992847,79.5555,30.9587
000000320743.jpg,0.0018127394,0.0013682842,0.0024436312,0.0328081846,0.9999991059,31.5342,14.6969
000000321118.jpg,0.0014369690,0.0008918047,0.0021423723,0.0363821983,0.9999994040,34.4951,18.2457
000000321214.jpg,0.0015952997,0.0012040138,0.0021525293,0.0307376385,0.9999998808,78.0528,30.2128
000000321333.jpg,0.0018370871,0.0013756752,0.0024873898,0.0190365314,0.9999982119,37.9963,15.2927
000000321557.jpg,0.0015836568,0.0013144016,0.0021173698,0.0589413643,0.9999992251,65.8994,27.1248
000000321790.jpg,0.0008781196,0.0005494356,0.0013933259,0.0224528313,0.9999988675,34.5686,17.6032
000000321887.jpg,0.0012908236,0.0008431673,0.0019049522,0.0452464819,0.9999998808,34.7250,18.0045
000000322163.jpg,0.0012752988,0.0007362366,0.0019148350,0.0306549072,0.9999997020,78.5517,30.0159
000000322211.jpg,0.0032284451,0.0026594400,0.0039920681,0.0230562687,0.9999986887,76.8585,30.3056
000000322352.jpg,0.0013718887,0.0009676814,0.0019133996,0.0313484669,0.9999990463,41.7021,20.8478
000000322429.jpg,0.0011846140,0.0009071827,0.0016155699,0.0368103981,0.9999983907,80.2223,31.3868
000000322574.jpg,0.0017048143,0.0012626648,0.0022508735,0.0203428268,0.9999991059,78.8621,30.5078
000000322610.jpg,0.0023124255,0.0013248920,0.0034344483,0.0464206934,0.9999989271,78.8478,30.2944
000000322724.jpg,0.0004147268,0.0000000000,0.0009595412,0.0234957933,0.9999991059,35.1578,18.0279
000000322829.jpg,0.0012354789,0.0008597374,0.0017624411,0.0210711956,0.9999994040,34.8698,17.9079
000000322844.jpg,0.0023914289,0.0019028187,0.0032059799,0.0291576385,0.9999994040,80.1492,31.3523
000000322864.jpg,0.0010742695,0.0005497932,0.0018788893,0.0644445419,0.9999997020,35.1876,17.0383
000000322895.jpg,0.0011538786,0.0007486343,0.0016355064,0.0235099792,0.9999997616,78.6707,30.6551
000000322944.jpg,0.0019505535,0.0010151863,0.0029677192,0.0598659515,0.9999994040,89.9381,33.2974
000000322959.jpg,0.0016509617,0.0014097691,0.0020978535,0.0373992920,0.9999990463,51.9462,20.7096
000000322968.jpg,0.0007659022,0.0002706051,0.0014467787,0.0423023701,0.9999994636,80.2032,31.2519
000000323151.jpg,0.0016301968,0.0011582375,0.0022387658,0.0197353363,0.9999989867,79.1960,31.8015
000000323202.jpg,0.0026388268,0.0019602776,0.0034613379,0.0386755466,0.9999989867,80.2320,31.2245
000000323263.jpg,0.0019461263,0.0015745163,0.0025209868,0.0129432678,0.9999988079,88.3870,31.3747
000000323355.jpg,0.0013184643,0.0007833242,0.0019750909,0.0281615257,0.9999995828,79.5246,31.4671
000000323496.jpg,0.0015241482,0.0009641647,0.0021919135,0.0238543749,0.9999994636,42.2649,21.0714
000000323571.jpg,0.0009152352,0.0001320392,0.0019344486,0.0375854969,0.9999973178,80.9573,31.2708
000000323709.jpg,0.0004331468,0.0000000000,0.0008945730,0.0206010342,1.0000000000,29.1106,15.4921
000000323751.jpg,0.0012786619,0.0009114742,0.0018707711,0.0452275276,0.9999992847,34.0993,17.8620
000000323799.jpg,0.0014882787,0.0008447170,0.0022343295,0.0250736177,0.9999994636,79.2699,31.0105
000000323828.jpg,0.0014680491,0.0009330809,0.0020880154,0.0322887897,0.9999998808,35.1357,17.5244
000000323895.jpg,0.0018050983,0.0011286736,0.0025094820,0.0278120041,0.9999995828,78.4005,30.2827
000000324158.jpg,0.0011127881,0.0006554127,0.0016881109,0.0257880092,0.9999994040,35.4926,17.3612
000000324258.jpg,0.0013997835,0.0006896257,0.0025349155,0.0353559256,0.9999986291,78.7562,30.1789
000000324614.jpg,0.0019901446,0.0016610622,0.0026057509,0.0321125984,0.9999968410,34.7561,17.8785
000000324715.jpg,0.0023250044,0.0021988750,0.0027078099,0.0248124599,0.9999995828,35.9491,22.3491
000000324818.jpg,0.0010863470,0.0007815361,0.0015387528,0.0254440308,0.9999994040,35.0047,16.9634
000000324927.jpg,0.0016527434,0.0009791851,0.0024163330,0.0217950344,0.9999988079,79.3262,31.4983
000000325031.jpg,0.0027263612,0.0025238991,0.0035910604,0.0482029915,1.0000000000,59.1419,25.8881
000000325114.jpg,0.0011116165,0.0006783009,0.0016750898,0.0286462307,1.0000000000,78.1703,30.4040
000000325306.jpg,0.0014756524,0.0007928908,0.0022311504,0.0521762371,0.9999991655,78.5679,30.3624
000000325347.jpg,0.0026069966,0.0017933846,0.0035184866,0.0362939835,0.9999998808,34.0177,18.7043
000000325483.jpg,0.0012447609,0.0007948279,0.0017513033,0.0373764038,0.9999994040,95.1380,35.8686
000000325527.jpg,0.0024498634,0.0018154383,0.0032049094,0.0189318657,0.9999994636,45.5506,23.3216
000000325838.jpg,0.0018980815,0.0012860298,0.0025863431,0.0611419678,0.9999998212,88.0331,33.4836
000000325991.jpg,0.0007323077,0.0003867745,0.0012688353,0.0211855769,0.9999997020,37.8415,23.9097
000000326082.jpg,0.0012979521,0.0006507635,0.0020421117,0.0280406475,0.9999993443,36.0033,18.7581
000000326128.jpg,0.0012017097,0.0003087521,0.0021236837,0.0369442701,0.9999988675,82.8732,31.6714
000000326174.jpg,0.0008824074,0.0002437234,0.0015260273,0.0220904350,0.9999956489,78.8044,30.6504
000000326248.jpg,0.0016822810,0.0010098219,0.0024699047,0.0195169449,0.9999995232,34.7167,17.7508
000000326462.jpg,0.0028632940,0.0016272068,0.0043195267,0.0391433239,0.9999976158,52.4561,20.5466
000000326541.jpg,0.0022275855,0.0016927719,0.0031343848,0.0408535004,0.9999992847,29.2778,14.9444
000000326542.jpg,0.0007551873,0.0000000000,0.0017560319,0.0227918625,0.9999980330,77.6856,29.7582
000000326627.jpg,0.0006176597,0.0003255606,0.0013319025,0.0604333878,1.0000000000,77.9562,30.1724
000000326970.jpg,0.0014716898,0.0009641647,0.0021277298,0.0316741467,0.9999999404,80.7267,31.1980
000000327306.jpg,0.0013258826,0.0009875298,0.0018112529,0.0572242737,0.9999995828,34.5584,16.7230
000000327592.jpg,0.0009929450,0.0006203055,0.0014458986,0.0279770195,0.9999990463,29.7105,15.2756
000000327601.jpg,0.0014402628,0.0009367466,0.0020407923,0.0205570459,0.9999995232,35.4634,25.4027
000000327605.jpg,0.0013473850,0.0005608797,0.0021866246,0.0246859193,0.9999970198,77.7591,29.9651
000000327617.jpg,0.0009922363,0.0005092621,0.0016998507,0.0482462049,0.9999974370,37.1452,15.3050
000000327701.jpg,0.0007147662,0.0002883673,0.0015393154,0.0608053207,0.9999986887,34.9030,17.7961
000000327769.jpg,0.0012493203,0.0009095669,0.0017157422,0.0274124146,0.9999990463,34.7076,18.0532
000000327780.jpg,0.0026391540,0.0021295547,0.0033700734,0.0211899281,0.9999964833,79.0321,29.9892
000000327890.jpg,0.0014530225,0.0008828640,0.0021858891,0.0500531569,0.9999985695,78.9967,30.0488
000000328030.jpg,0.0020452905,0.0014774799,0.0034872745,0.1792092323,0.9999975562,34.6120,17.2612
000000328117.jpg,0.0020777115,0.0015612841,0.0027562913,0.0310950279,0.9999991655,78.8851,30.1010
000000328238.jpg,0.0012995517,0.0006668568,0.0020206203,0.0238001347,0.9999994636,33.1112,16.7449
000000328286.jpg,0.0007479271,0.0002786964,0.0013684829,0.0279614925,0.9999990463,33.7105,16.6154
000000328337.jpg,0.0011570678,0.0008766651,0.0016004404,0.0179383755,0.9999986291,35.7464,18.9750
000000328430.jpg,0.0011474058,0.0008212328,0.0016808575,0.0263919178,0.9999968410,36.4634,20.9387
000000328601.jpg,0.0011443743,0.0007913113,0.0016629477,0.0313718319,0.9999992251,34.3043,16.4564
000000328683.jpg,0.0015109020,0.0011300445,0.0021262567,0.0300889015,0.9999992847,83.4587,32.6437
000000328959.jpg,0.0013762370,0.0009140968,0.0020144063,0.0296463966,0.9999985695,37.8055,16.1277
000000329041.jpg,0.0016860084,0.0012195110,0.0023322890,0.0587320328,0.9999995828,81.5428,31.5654
000000329080.jpg,0.0015645345,0.0009551048,0.0022562030,0.0180859566,0.9999994636,81.0219,30.7520
000000329219.jpg,0.0013316903,0.0009922981,0.0017989391,0.0209470987,0.9999986887,35.4093,17.6088
000000329319.jpg,0.0010141489,0.0004374385,0.0019092390,0.0459163189,0.9999990463,35.2726,19.9521
000000329323.jpg,0.0025711386,0.0019521117,0.0033983765,0.0429906845,0.9999992251,34.6967,25.2091
000000329447.jpg,0.0011796553,0.0006802082,0.0017583675,0.0189328194,0.9999991655,77.2236,29.3921
000000329455.jpg,0.0018746683,0.0011687279,0.0027304224,0.0515918732,0.9999995828,79.5213,30.7472
000000329456.jpg,0.0018987977,0.0012303591,0.0027527907,0.0420079231,0.9999992251,36.0317,17.6912
000000329542.jpg,0.0026162111,0.0015468597,0.0036858490,0.0372214317,0.9999985099,54.6045,21.1547
000000329614.jpg,0.0007932488,0.0003412366,0.0015959139,0.0586228371,1.0000000000,22.0525,12.0761
000000329827.jpg,0.0012483775,0.0005154014,0.0021449204,0.0242574215,1.0000000000,34.7570,24.6369
000000330369.jpg,0.0012064127,0.0008373260,0.0018259889,0.0327713490,1.0000000000,34.8915,17.7953
000000330396.jpg,0.0007713843,0.0001697540,0.0014825105,0.0353671312,0.9999977350,42.2203,23.1476
000000330554.jpg,0.0026603232,0.0022755265,0.0033087963,0.0222604275,0.9999990463,41.2765,20.9858
000000330790.jpg,0.0015711543,0.0011360645,0.0022527841,0.0326045752,0.9999992847,35.4299,17.1579
000000330818.jpg,0.0016226940,0.0007253885,0.0028795525,0.0366621017,0.9999992847,35.0704,17.6255
000000331075.jpg,0.0008906572,0.0004794598,0.0014963005,0.0277225971,0.9999997616,60.0327,26.3714
000000331280.jpg,0.0013948585,0.0006989688,0.0023448109,0.0595717430,0.9999997020,37.2283,20.5383
000000331317.jpg,0.0012620473,0.0005323887,0.0021247705,0.0575253963,0.9999989271,79.7779,30.7250
000000331352.jpg,0.0013196953,0.0009322166,0.0019260272,0.0400304794,0.9999972582,36.1389,19.2977
000000331569.jpg,0.0023865586,0.0017127991,0.0031879565,0.0561739206,0.9999991655,54.9274,22.8854
000000331604.jpg,0.0001716694,0.0000000000,0.0005665440,0.0319181830,0.9999955893,35.3962,17.7778
000000331799.jpg,0.0018231084,0.0009095669,0.0027604962,0.0421280861,0.9999995828,85.5809,30.0400
000000331817.jpg,0.0021818669,0.0017238855,0.0028114975,0.0296382904,0.9999995232,77.5693,30.0971
000000332318.jpg,0.0006181255,0.0002264380,0.0011765911,0.0339832306,1.0000000000,34.1083,17.1224
000000332351.jpg,0.0013756137,0.0006761551,0.0022955644,0.0201864243,0.9999964237,34.5172,17.0828
000000332455.jpg,0.0019717542,0.0013499260,0.0027118127,0.0269169807,0.9999988079,34.3569,17.0225
000000332570.jpg,0.0024239924,0.0020723343,0.0032070975,0.0739821196,0.9999991059,41.2963,20.8057
000000332845.jpg,0.0026111528,0.0020111799,0.0036970822,0.1946370602,0.9999997616,77.5003,29.5997
000000332901.jpg,0.0016406068,0.0010441542,0.0023426076,0.0406321287,0.9999997020,32.6117,15.8611
000000333069.jpg,0.0008026348,0.0003899336,0.0013859638,0.0309572220,0.9999989867,34.2210,17.5544
000000333237.jpg,0.0015415266,0.0009241104,0.0021750466,0.0141470432,0.9999995232,33.3562,16.5489
000000333402.jpg,0.0013348801,0.0008131266,0.0020781895,0.0565798879,1.0000000000,34.3588,17.5013
000000333697.jpg,0.0018665760,0.0012898445,0.0025990549,0.0337343216,0.9999994636,35.4476,22.7772
000000333745.jpg,0.0015934278,0.0011801720,0.0021559091,0.0108494759,0.9999988079,35.8240,18.1898
000000333772.jpg,0.0018325053,0.0013122559,0.0025320079,0.0445997715,0.9999986887,43.2172,21.9089
000000333956.jpg,0.0011293767,0.0002570748,0.0020601859,0.0821218491,0.9999984503,36.8098,18.1912
000000334006.jpg,0.0011864906,0.0007758141,0.0016714525,0.0218852758,0.9999996424,35.9377,18.1086
000000334309.jpg,0.0011064316,0.0008008480,0.0016064158,0.0322791934,1.0000000000,36.5816,18.2514
000000334371.jpg,0.0009289499,0.0005373955,0.0019347251,0.0811715126,1.0000000000,33.7007,16.7670
000000334399.jpg,0.0015382452,0.0011164248,0.0022729714,0.0764046907,0.9999990463,79.6154,30.3306
000000334417.jpg,0.0013213293,0.0008265972,0.0019311493,0.0299543142,0.9999990463,33.8381,16.8534
000000334483.jpg,0.0016514080,0.0009007454,0.0026876272,0.0404486656,0.9999994636,80.7950,31.6811
000000334521.jpg,0.0013656934,0.0009647608,0.0018951099,0.0306437016,0.9999964237,40.6811,20.4434
000000334530.jpg,0.0020579498,0.0016812086,0.0026138471,0.0272195339,0.9999982715,86.0142,30.4835
000000334555.jpg,0.0015555711,0.0009021461,0.0023226729,0.0403620005,0.9999997020,33.8628,17.4371
000000334719.jpg,0.0014838921,0.0007891655,0.0021857962,0.0279383659,0.9999997020,36.4478,15.9023
000000334767.jpg,0.0016673331,0.0011284351,0.0023232645,0.0251882076,0.9999997020,34.2293,17.6887
000000334977.jpg,0.0016513728,0.0015156865,0.0021268104,0.0338785648,0.9999991059,25.6316,13.2190
000000335081.jpg,0.0025271811,0.0020127296,0.0033235233,0.0356135368,0.9999994040,34.3788,16.7680
000000335177.jpg,0.0008275298,0.0002803802,0.0015470559,0.0261224508,1.0000000000,76.8345,29.8017
000000335328.jpg,0.0011116639,0.0006924272,0.0015543785,0.0182900429,0.9999997020,74.2073,29.2148
000000335427.jpg,0.0017716617,0.0014013648,0.0023909463,0.0374627113,0.9999988079,87.6134,30.8791
000000335450.jpg,0.0008017210,0.0003676414,0.0013714281,0.0314379930,0.9999974966,37.9496,20.3216
000000335529.jpg,0.0010214002,0.0003515482,0.0018289051,0.0271410942,1.0000000000,92.5468,34.8973
000000335658.jpg,0.0028290853,0.0024695396,0.0036361637,0.0662674904,0.9999988079,85.2443,32.8661
000000335800.jpg,0.0008603152,0.0002832413,0.0016993323,0.0412538052,1.0000000000,36.0985,17.8946
000000335954.jpg,0.0013663922,0.0012015402,0.0017274109,0.0282074213,0.9999991655,55.1775,21.5417
000000336053.jpg,0.0019633658,0.0013699532,0.0027020844,0.0374819040,0.9999994040,81.3907,31.3635
000000336209.jpg,0.0008922507,0.0002039848,0.0017724644,0.0424365997,1.0000000000,36.4273,17.7558
000000336232.jpg,0.0017073806,0.0009977818,0.0025313562,0.0550808907,0.9999995828,35.5975,18.1571
000000336265.jpg,0.0010926230,0.0003733635,0.0018348035,0.0102953911,0.9999998212,81.1764,31.3254
000000336309.jpg,0.0004604950,0.0000000000,0.0009094843,0.0165035725,0.9999954104,34.6353,17.1338
000000336356.jpg,0.0019883944,0.0012521744,0.0028456645,0.0383372307,0.9999993443,34.8609,17.6216
000000336587.jpg,0.0011129640,0.0007144213,0.0016668160,0.0386226177,0.9999998808,79.4004,30.4643
000000336628.jpg,0.0014634160,0.0011730194,0.0020010895,0.0453555584,0.9999987483,34.5091,17.7637
000000336658.jpg,0.0013825154,0.0007944107,0.0023303393,0.0404466391,1.0000000000,35.2858,17.6723
000000337055.jpg,0.0019167390,0.0010883808,0.0027245991,0.0220088959,0.9999995232,34.9725,17.4500
000000337498.jpg,0.0028053201,0.0024437904,0.0035060979,0.1143589020,0.9999995232,78.3390,30.3478
000000337987.jpg,0.0009754519,0.0006105900,0.0014512721,0.0229451656,0.9999994636,78.2150,30.1991
000000338191.jpg,0.0012647961,0.0008535385,0.0018695118,0.0248911381,0.9999989271,53.8726,20.9119
000000338219.jpg,0.0013449866,0.0007922649,0.0020741853,0.0358750820,0.9999996424,66.1075,26.7740
000000338304.jpg,0.0014668868,0.0007407963,0.0024484324,0.0525484085,0.9999980927,43.0439,16.1774
000000338325.jpg,0.0003112020,0.0000000000,0.0009010992,0.0437970161,0.9999955297,34.4004,16.5042
000000338428.jpg,0.0015045550,0.0012173653,0.0019993386,0.0254108310,1.0000000000,28.5150,14.1282
000000338532.jpg,0.0007524982,0.0003013611,0.0012972933,0.0284117460,0.9999985099,41.3331,19.7423
000000338560.jpg,0.0010802484,0.0004705191,0.0017373167,0.0286579132,0.9999998808,74.1881,28.9509
000000338624.jpg,0.0018314677,0.0013268888,0.0025127805,0.0371000767,0.9999986291,30.5989,13.3912
000000338625.jpg,0.0018126213,0.0010185242,0.0026781033,0.0310521126,0.9999996424,73.4177,28.3024
000000338718.jpg,0.0017784924,0.0008611679,0.0030586731,0.0367269516,0.9999991655,47.4674,20.8236
000000338901.jpg,0.0015822229,0.0010685325,0.0022053947,0.0249419212,0.9999993443,87.3789,37.0554
000000338905.jpg,0.0014228428,0.0008637905,0.0021619301,0.0433781147,0.9999990463,54.2376,25.9312
000000338986.jpg,0.0005276682,0.0000000000,0.0011491913,0.0203658938,0.9999980927,43.0566,19.9764
000000339442.jpg,0.0016834429,0.0012817383,0.0022625371,0.0272666216,0.9999991655,94.7500,35.9507
000000339823.jpg,0.0008694962,0.0002374649,0.0016117771,0.0295813084,0.9999983907,93.0005,36.5761
000000339870.jpg,0.0010944504,0.0003056154,0.0024321773,0.0557506084,0.9999909997,38.4305,22.8917
000000340015.jpg,0.0024188228,0.0019586086,0.0030974143,0.0236177444,0.9999987483,72.5702,27.8774
000000340175.jpg,0.0011302769,0.0006873608,0.0016642240,0.0228850842,0.9999995232,31.5140,14.1992
000000340272.jpg,0.0012615242,0.0006823540,0.0018846692,0.0171137452,0.9999998808,27.6831,19.2643
000000340451.jpg,0.0013948675,0.0009195805,0.0020545977,0.0241397917,1.0000000000,32.9798,16.5303
000000340697.jpg,0.0011605258,0.0008542538,0.0015642724,0.0230145454,0.9999986291,33.1211,16.7822
000000340894.jpg,0.0019401027,0.0013504028,0.0026811152,0.0463707447,0.9999988079,86.6101,37.1978
000000340930.jpg,0.0033925932,0.0026078224,0.0043109450,0.0511603355,0.9999991059,99.9120,36.9997
000000341058.jpg,0.0010248527,0.0004495382,0.0021476964,0.0488395691,0.9999963641,35.4161,18.4186
000000341094.jpg,0.0013721520,0.0008766651,0.0019902075,0.0259917974,0.9999995232,51.0640,25.4026
000000341196.jpg,0.0017064755,0.0012788773,0.0024924777,0.0255966187,0.9999995828,104.5491,36.3919
000000341469.jpg,0.0027540415,0.0024294853,0.0034584415,0.0427477360,0.9999986887,95.2542,29.8216
000000341681.jpg,0.0019687521,0.0009847879,0.0029429009,0.0207166672,0.9999994040,34.6942,16.8744
000000341719.jpg,0.0011023639,0.0004216433,0.0020436361,0.0446853638,1.0000000000,73.5366,27.8400
000000341828.jpg,0.0019091096,0.0014395714,0.0026954245,0.0392191410,0.9999985099,48.8371,19.2923
000000341921.jpg,0.0016560282,0.0008580685,0.0025762662,0.0223197937,0.9999995828,74.4531,28.0521
000000341973.jpg,0.0012537073,0.0010877848,0.0016747641,0.0420811176,0.9999992847,39.4557,24.0109
000000342006.jpg,0.0007558258,0.0001290441,0.0013453584,0.0288296938,0.9999989867,74.0565,29.0367
000000342128.jpg,0.0017347883,0.0009593964,0.0025513801,0.0271847248,1.0000000000,74.8758,29.2463
000000342186.jpg,0.0026281406,0.0021357536,0.0033499494,0.0417472124,0.9999998808,87.5863,38.2380
000000342295.jpg,0.0010188100,0.0007174015,0.0014774060,0.0131146908,0.9999991059,44.0327,22.0939
000000342367.jpg,0.0019057215,0.0014427304,0.0024804375,0.0245189667,0.9999989271,98.8320,36.7178
000000342397.jpg,0.0009837861,0.0001862012,0.0018599090,0.0220871568,0.9999998212,43.5318,21.6633
000000342971.jpg,0.0008412489,0.0004031658,0.0014772887,0.0310995579,1.0000000000,42.7343,51.7749
000000343076.jpg,0.0019241341,0.0014545619,0.0026028154,0.0540709496,0.9999994636,87.2840,34.8230
000000343149.jpg,0.0014347230,0.0010061264,0.0020502973,0.0368716717,1.0000000000,86.4265,33.7705
000000343218.jpg,0.0009842166,0.0005361438,0.0014717386,0.0301342010,1.0000000000,37.4208,18.5545
000000343315.jpg,0.0019405773,0.0013422966,0.0028559386,0.0233020782,0.9999992847,83.3241,31.5020
000000343453.jpg,0.0014597914,0.0006849766,0.0022452751,0.0353460908,0.9999994636,79.1229,30.3369
000000343466.jpg,0.0019433614,0.0008465052,0.0034711228,0.0432786942,1.0000000000,42.1311,20.8022
000000343496.jpg,0.0011878569,0.0007748604,0.0018388615,0.0451512039,0.9999998808,34.4427,15.5146
000000343524.jpg,0.0020950255,0.0012526512,0.0028970630,0.0267727375,0.9999992847,86.5797,30.6303
000000343561.jpg,0.0017835781,0.0011469722,0.0026435778,0.0587887764,0.9999990463,35.2661,16.5474
000000343706.jpg,0.0021134533,0.0015294552,0.0028530168,0.0338530540,0.9999988079,75.2211,28.4244
000000343803.jpg,0.0017430616,0.0010753870,0.0034530347,0.1837836504,0.9999982119,33.7988,16.6551
000000343934.jpg,0.0011158793,0.0007108450,0.0016421801,0.0519073009,0.9999993443,73.5940,27.8048
000000343937.jpg,0.0013175585,0.0008327961,0.0019857900,0.0311388969,0.9999989271,33.1781,16.5030
000000343976.jpg,0.0010130802,0.0005928278,0.0015476982,0.0323854685,0.9999979734,41.0295,24.6623
000000344029.jpg,0.0014343292,0.0009952039,0.0020655312,0.0279111266,0.9999995828,94.8829,35.6284
000000344059.jpg,0.0011716336,0.0007650256,0.0017042528,0.0287961960,1.0000000000,38.6621,24.2936
000000344100.jpg,0.0025554053,0.0021085739,0.0032745246,0.0479233265,0.9999984503,36.6199,19.7190
000000344268.jpg,0.0013627174,0.0007182360,0.0022057758,0.0319275856,0.9999993443,83.1687,30.3125
000000344611.jpg,0.0012921562,0.0006208420,0.0021148152,0.0351176262,0.9999997616,34.4702,18.4871
000000344614.jpg,0.0014218865,0.0010678768,0.0018514303,0.0332653522,1.0000000000,84.7693,31.7200
000000344621.jpg,0.0012483229,0.0008195639,0.0018167298,0.0124199390,0.9999989867,34.8779,18.0413
000000344795.jpg,0.0023169832,0.0016756058,0.0031158526,0.0358428955,0.9999976754,29.8638,22.5058
000000344816.jpg,0.0017771127,0.0012240410,0.0024348551,0.0144227147,0.9999991059,34.5821,17.4748
000000344888.jpg,0.0013220033,0.0004802942,0.0022485864,0.0201373100,0.9999996424,33.2320,24.3148
000000344909.jpg,0.0014902761,0.0008550882,0.0030023556,0.3488565087,0.9999992847,77.1471,30.8049
000000345027.jpg,0.0006064884,0.0000000000,0.0012418058,0.0235981941,1.0000000000,33.1916,28.3738
000000345252.jpg,0.0017608585,0.0014457703,0.0024269845,0.0600805283,0.9999988675,80.3445,31.8025
000000345261.jpg,0.0004911536,0.0000473857,0.0011048219,0.0394107103,1.0000000000,63.2593,27.5120
000000345356.jpg,0.0010594830,0.0004596710,0.0017005951,0.0281022787,0.9999992251,82.3374,31.5103
000000345361.jpg,0.0018029277,0.0009228587,0.0026883841,0.0297195911,0.9999998808,37.5762,19.6599
000000345385.jpg,0.0029172795,0.0025234222,0.0035884541,0.0230026245,0.9999991655,82.3370,31.8205
000000345397.jpg,0.0022482346,0.0017803907,0.0027848533,0.0183231831,0.9999989867,42.5958,22.2120
000000345466.jpg,0.0014477627,0.0007373095,0.0021886409,0.0214771032,0.9999999404,43.4536,21.6150
000000345469.jpg,0.0017169050,0.0009653568,0.0038776025,0.0350055695,0.9999965429,80.8218,31.3140
000000345941.jpg,0.0020570250,0.0013220310,0.0031357645,0.1340551376,0.9999985695,51.5939,20.8753
000000346232.jpg,0.0012177493,0.0002446175,0.0022281292,0.0516301394,1.0000000000,34.8548,17.9394
000000346638.jpg,0.0016285644,0.0009425282,0.0023792344,0.0401048660,0.9999997616,79.6274,30.4553
000000346703.jpg,0.0016427832,0.0009794235,0.0025056941,0.0880676508,0.9999988675,67.9312,27.6962
000000346707.jpg,0.0023317195,0.0014913082,0.0033289418,0.0494313240,0.9999979734,34.8613,17.8743
000000346905.jpg,0.0011852626,0.0007445216,0.0018978162,0.0917024612,0.9999991059,35.3939,17.8905
000000346968.jpg,0.0011942961,0.0009326935,0.0016239872,0.0336700678,0.9999992251,35.2434,17.8100
000000347163.jpg,0.0011032490,0.0006012917,0.0017514732,0.0360367298,1.0000000000,36.3305,17.2291
000000347174.jpg,0.0016340158,0.0012342930,0.0021485076,0.0171008110,0.9999994040,35.0675,17.0974
000000347254.jpg,0.0016402230,0.0010905266,0.0023467869,0.0504595041,0.9999992847,41.6687,21.1473
000000347265.jpg,0.0011932800,0.0008749962,0.0016633901,0.0321149826,0.9999989271,35.1399,17.3113
000000347335.jpg,0.0016559324,0.0012116432,0.0022198795,0.0177650452,0.9999994636,79.8120,31.4074
000000347370.jpg,0.0017555538,0.0014587194,0.0023083971,0.0346071720,0.9999993443,41.9067,21.0190
000000347456.jpg,0.0010023501,0.0003071576,0.0024065967,0.0689785480,0.9999998808,25.8529,13.4861
000000347544.jpg,0.0013255938,0.0006511807,0.0021144545,0.1089079380,0.9999997020,78.8554,30.4717
000000347664.jpg,0.0010917694,0.0002889633,0.0019577967,0.0137319565,0.9999958873,37.3985,18.0549
000000347693.jpg,0.0011137140,0.0006027222,0.0018315710,0.0663881302,0.9999986291,34.9747,20.6814
000000347930.jpg,0.0011780802,0.0008490086,0.0016664908,0.0364661217,0.9999989271,78.9835,30.4511
000000348012.jpg,0.0024188103,0.0019084215,0.0031961030,0.0334131718,0.9999987483,35.6126,17.7480
000000348045.jpg,0.0034830840,0.0035011768,0.0036387537,0.0169558525,0.9999977350,61.3486,26.3251
000000348216.jpg,0.0017594878,0.0009555817,0.0027879283,0.1103787422,0.9999999404,81.2038,31.7321
000000348243.jpg,0.0014254900,0.0004090071,0.0025041669,0.0185017586,0.9999996424,39.8540,17.7017
000000348481.jpg,0.0039958516,0.0035860538,0.0049525462,0.0316573381,0.9999970198,82.1171,31.4260
000000348488.jpg,0.0027988327,0.0026478767,0.0033855021,0.0536037683,0.9999993443,80.8336,31.4311
000000348708.jpg,0.0023332888,0.0025463104,0.0027777385,0.0445506573,0.9999984503,31.2168,15.9747
000000348881.jpg,0.0014073229,0.0011057854,0.0023478621,0.1641219258,1.0000000000,86.2912,30.7009
000000349152.jpg,0.0021257496,0.0016446114,0.0027686891,0.0188422203,0.9999994040,78.6005,31.4046
000000349184.jpg,0.0010841251,0.0005893707,0.0017178397,0.0359325409,0.9999986887,36.0027,25.2833
000000349302.jpg,0.0008240570,0.0003766865,0.0013620777,0.0368621051,0.9999992251,33.9725,17.7870
000000349480.jpg,0.0019418999,0.0013304949,0.0026919316,0.0376263857,0.9999995828,89.3107,31.4205
000000349594.jpg,0.0015422124,0.0012218952,0.0020289489,0.0282386541,0.9999987483,45.6104,21.6345
000000349678.jpg,0.0009147432,0.0001717843,0.0017730492,0.0491044521,1.0000000000,35.4756,17.7777
000000349837.jpg,0.0014129246,0.0010001659,0.0019316587,0.0195121765,0.9999993443,36.4137,17.7686
000000349860.jpg,0.0004417509,0.0000000000,0.0011158212,0.0230805874,0.9999973178,35.5652,17.4792
000000350002.jpg,0.0018916458,0.0011497736,0.0028488473,0.0213425159,0.9999981523,35.0358,17.2545
000000350003.jpg,0.0015291431,0.0007100105,0.0028304048,0.0268610716,0.9999998212,78.4986,30.4145
000000350019.jpg,0.0016536547,0.0011262894,0.0022548132,0.0420895219,0.9999995828,35.3783,18.1172
000000350023.jpg,0.0006055404,0.0000000000,0.0012572183,0.0299692154,0.9999991655,79.7191,30.5167
000000350054.jpg,0.0013496173,0.0006394386,0.0024567975,0.0253982544,0.9999996424,44.4935,20.8927
000000350122.jpg,0.0017844669,0.0005044937,0.0046649445,0.1066465378,0.9999995232,79.1460,30.4319
000000350148.jpg,0.0016126541,0.0009665489,0.0024139790,0.0310341120,0.9999994040,80.2167,31.3045
000000350388.jpg,0.0024241961,0.0021979809,0.0029236081,0.0147225857,0.9999993443,79.7543,31.4650
000000350405.jpg,0.0014939854,0.0001954138,0.0025997567,0.0431654453,0.9999998808,38.8766,19.5934
000000350488.jpg,0.0014481167,0.0007834435,0.0023738348,0.0464892387,0.9999992847,38.8859,20.2161
000000350607.jpg,0.0013765813,0.0009770393,0.0019463677,0.0209398270,1.0000000000,38.1226,18.8037
000000350679.jpg,0.0016702554,0.0011660457,0.0023198409,0.0536261201,0.9999994636,36.7129,21.9667
000000350833.jpg,0.0017638918,0.0010221004,0.0026641653,0.0375614166,0.9999997020,85.0528,32.1046
000000351096.jpg,0.0021556064,0.0018353462,0.0027315272,0.0249849558,0.9999959469,43.7056,21.5234
000000351331.jpg,0.0016202331,0.0010459423,0.0022882766,0.0195567608,0.9999986887,81.0750,31.1441
000000351362.jpg,0.0020242108,0.0013211370,0.0029002619,0.0487937927,0.9999995232,38.9805,25.2948
000000351530.jpg,0.0010361178,0.0008445978,0.0014814897,0.0209290981,0.9999995828,29.9431,24.9335
000000351559.jpg,0.0011457121,0.0000000000,0.0054756757,0.4632457495,0.9999938607,27.1116,20.3263
000000351589.jpg,0.0012462049,0.0006556511,0.0019160950,0.0264410973,0.9999990463,34.0854,16.9047
000000351609.jpg,0.0019901516,0.0014109612,0.0026821408,0.0223107338,0.9999995232,34.8298,16.9250
000000351810.jpg,0.0017459642,0.0008885860,0.0028021613,0.0646581650,0.9999998212,41.3082,20.5073
000000351823.jpg,0.0009823012,0.0005717278,0.0015442357,0.0265011787,0.9999996424,77.7893,29.3511
000000352491.jpg,0.0019589032,0.0012555122,0.0028322763,0.0437664986,1.0000000000,77.4217,30.3274
000000352582.jpg,0.0008761730,0.0003544986,0.0015752660,0.0334525108,0.9999994636,34.4638,17.7034
000000352584.jpg,0.0016423526,0.0010334849,0.0026776181,0.0463924408,0.9999995232,43.0773,20.5233
000000352618.jpg,0.0017267037,0.0006332397,0.0027895719,0.0676550865,1.0000000000,34.9868,24.8615
000000352684.jpg,0.0014050349,0.0007676482,0.0021091294,0.0370069742,0.9999994636,33.6306,17.8449
000000352760.jpg,0.0005475195,0.0000000000,0.0014968588,0.0749715865,1.0000000000,69.4096,27.7585
000000352900.jpg,0.0022259168,0.0015573502,0.0029574179,0.0141487122,0.9999988675,34.9753,18.4910
000000353027.jpg,0.0012715101,0.0008838177,0.0017986858,0.0174927711,0.9999993443,35.6738,18.4717
000000353051.jpg,0.0011032785,0.0006401539,0.0016837923,0.0208005309,0.9999993443,36.9422,17.6933
000000353096.jpg,0.0014308044,0.0010499954,0.0019733987,0.0181611776,0.9999996424,36.2681,17.5164
000000353180.jpg,0.0011106640,0.0003976822,0.0025455677,0.1312963963,0.9999956489,35.1548,21.6354
000000353518.jpg,0.0009126343,0.0004327297,0.0014971785,0.0184235573,0.9999998808,33.7691,17.0031
000000353970.jpg,0.0018830716,0.0015754700,0.0026911115,0.0999933481,0.9999980927,35.8333,18.5671
000000354072.jpg,0.0013285941,0.0005672276,0.0022530856,0.0400290489,0.9999990463,29.9497,15.7689
000000354307.jpg,0.0019498285,0.0015306473,0.0025336996,0.0336567163,0.9999985695,42.9736,22.0625
000000354547.jpg,0.0014676505,0.0010027885,0.0020426258,0.0206601620,0.9999993443,35.6292,17.0248
000000354753.jpg,0.0039285142,0.0015538931,0.0066288537,0.1049871445,0.9999967217,78.5104,30.1367
000000354829.jpg,0.0015786870,0.0008224249,0.0024691271,0.0139579773,0.9999988675,40.6305,21.0319
000000355169.jpg,0.0015674685,0.0012834072,0.0019872824,0.0277069807,0.9999991059,76.4713,29.5565
000000355240.jpg,0.0036987199,0.0035102367,0.0042875693,0.0283708572,0.9999867082,28.4221,14.0362
000000355257.jpg,0.0015089387,0.0008266568,0.0021153672,0.0271673203,0.9999995232,34.1455,17.6341
000000355325.jpg,0.0022055355,0.0014066696,0.0030602389,0.0222693682,0.9999993443,80.7631,31.0850
000000355610.jpg,0.0017750536,0.0012118816,0.0024909307,0.0511741638,0.9999994040,38.0177,24.1584
000000355677.jpg,0.0017940733,0.0011191368,0.0025103448,0.0314078927,0.9999993443,95.1374,36.0589
000000355817.jpg,0.0017786704,0.0010519028,0.0027659938,0.0313825607,0.9999977350,87.2733,33.7696
000000355905.jpg,0.0016407389,0.0009515285,0.0024032551,0.0629711151,0.9999994636,85.2110,32.2711
000000356094.jpg,0.0010154682,0.0007472634,0.0014620745,0.0259693265,0.9999996424,39.3779,15.8401
000000356125.jpg,0.0014518173,0.0005729198,0.0026094520,0.0435314178,0.9999968410,81.3315,30.7608
000000356169.jpg,0.0008900054,0.0003736019,0.0015624393,0.0339363664,1.0000000000,79.6123,30.9061
000000356248.jpg,0.0015520327,0.0011043027,0.0021933771,0.0423192978,0.9999993443,79.5016,30.9412
000000356261.jpg,0.0008654316,0.0003955066,0.0014213367,0.0403459072,1.0000000000,77.6864,29.9809
000000356347.jpg,0.0024463646,0.0017722249,0.0032921697,0.0286602676,0.9999990463,77.4448,29.8956
000000356387.jpg,0.0011514080,0.0007193089,0.0018080642,0.0349302292,1.0000000000,35.2457,16.7719
000000356424.jpg,0.0015346474,0.0008602142,0.0025022326,0.0856631398,0.9999979734,79.1580,31.1591
000000356427.jpg,0.0013669778,0.0007342100,0.0021338959,0.0475766659,0.9999991655,34.8721,17.5863
000000356428.jpg,0.0017243146,0.0011531115,0.0024977953,0.0403110981,0.9999992251,29.4239,14.6789
000000356432.jpg,0.0010479941,0.0006303787,0.0016792068,0.0391058922,0.9999993443,35.1052,24.3759
000000356498.jpg,0.0025107183,0.0018802285,0.0032688167,0.0231906697,0.9999986291,35.0178,18.9406
000000356505.jpg,0.0015181190,0.0010333061,0.0020765446,0.0171394348,0.9999991059,36.1402,21.7216
000000356531.jpg,0.0019619132,0.0011456013,0.0027916664,0.0284454823,0.9999992251,77.8955,29.9438
000000356612.jpg,0.0015664791,0.0010614395,0.0021771819,0.0217487812,0.9999994040,36.2975,19.5216
000000356968.jpg,0.0013354280,0.0007255673,0.0020462261,0.0383124352,1.0000000000,93.3075,35.3518
000000357060.jpg,0.0012616195,0.0005742311,0.0019962497,0.0180406570,0.9999996424,37.2579,19.5382
000000357081.jpg,0.0011048674,0.0006363541,0.0017431286,0.0478718281,0.9999994636,38.2828,24.2380
000000357238.jpg,0.0002651047,0.0000000000,0.0008135481,0.0261351764,0.9999988675,37.0178,24.9458
000000357430.jpg,0.0019086797,0.0012521744,0.0027105997,0.0218811035,1.0000000000,35.3491,18.2478
000000357459.jpg,0.0010019487,0.0005989075,0.0016078218,0.0285816193,0.9999994040,35.9528,19.6300
000000357501.jpg,0.0010867313,0.0008921623,0.0014665197,0.0373573303,0.9999992251,80.6011,30.7975
000000357567.jpg,0.0014279863,0.0011849403,0.0018882654,0.0304160118,0.9999999404,80.7869,31.4473
000000357737.jpg,0.0015043255,0.0009484589,0.0022415060,0.0341050625,0.9999991655,79.9055,30.7046
000000357742.jpg,0.0011785487,0.0003570318,0.0022481033,0.0351482332,0.9999999404,41.8931,16.8336
000000357748.jpg,0.0017002643,0.0012784004,0.0034178067,0.2410967350,0.9999999404,78.9919,30.5370
000000357816.jpg,0.0009758138,0.0006213784,0.0014477920,0.0456976891,0.9999993443,51.1821,23.1285
000000357888.jpg,0.0011855020,0.0007763654,0.0017084503,0.0440292358,0.9999988079,79.6083,30.5536
000000357903.jpg,0.0025536367,0.0020804405,0.0032562832,0.0174098015,0.9999992847,80.9812,31.4137
000000357941.jpg,0.0012227795,0.0009699762,0.0016489731,0.0299457312,0.9999991655,42.2053,21.0740
000000357978.jpg,0.0014926855,0.0010900497,0.0020714784,0.0451894999,0.9999990463,42.3203,21.0050
000000358195.jpg,0.0013846637,0.0008890629,0.0019758206,0.0300428867,0.9999997616,80.0436,31.4440
000000358427.jpg,0.0013327328,0.0010653138,0.0018940836,0.0281715393,0.9999994636,34.3531,18.1783
000000358525.jpg,0.0013197659,0.0007249117,0.0021541850,0.0499753952,0.9999998212,80.1587,30.7838
000000358923.jpg,0.0020089091,0.0014476776,0.0027240936,0.0360653400,0.9999991655,35.4428,17.2735
000000359135.jpg,0.0021010919,0.0017195940,0.0028030814,0.0327453613,0.9999973774,35.7453,17.6123
000000359219.jpg,0.0024582420,0.0019416809,0.0031343100,0.0345910788,0.9999987483,79.6088,30.5182
000000359540.jpg,0.0010321389,0.0007905960,0.0013472136,0.0135884285,0.9999994040,35.0834,18.0227
000000359677.jpg,0.0003421452,0.0000000000,0.0007546821,0.0135006979,0.9999951720,35.1149,18.0283
000000359781.jpg,0.0008798134,0.0003977865,0.0013959587,0.0294475555,0.9999997020,78.3770,31.6675
000000359833.jpg,0.0021579408,0.0014123917,0.0029210290,0.0576741695,0.9999993443,79.8943,31.4724
000000359855.jpg,0.0025803372,0.0018590689,0.0034526270,0.0171198845,0.9999983907,75.9574,28.8252
000000359937.jpg,0.0013887237,0.0010025501,0.0020263793,0.0346384048,1.0000000000,79.3876,30.4522
000000360097.jpg,0.0015353623,0.0008518696,0.0025144094,0.0261454582,0.9999992251,36.6778,19.3731
000000360137.jpg,0.0014967882,0.0003139377,0.0025436790,0.0646860600,0.9999998212,52.9859,21.9955
000000360325.jpg,0.0018088698,0.0013020039,0.0024988540,0.0495545864,0.9999994636,35.2441,18.0807
000000360393.jpg,0.0021340894,0.0010974407,0.0031774021,0.0282022953,0.9999986887,35.6572,17.6015
000000360564.jpg,0.0014085781,0.0006265640,0.0023460458,0.0153195858,0.9999991655,36.5292,17.0813
000000360661.jpg,0.0012077356,0.0004299879,0.0020347931,0.0279465318,0.9999998808,79.0262,30.9928
000000360943.jpg,0.0016056463,0.0013961792,0.0020353785,0.0328969955,0.9999981523,82.9182,31.8944
000000360951.jpg,0.0016525401,0.0012063980,0.0022576936,0.0271694660,0.9999973178,37.6480,24.5814
000000360960.jpg,0.0013289753,0.0008060932,0.0019923267,0.0218656063,0.9999997020,34.5239,17.8872
000000361103.jpg,0.0012875028,0.0007668138,0.0022752478,0.0503554344,0.9999995828,36.0874,17.7901
000000361142.jpg,0.0006152738,0.0001436174,0.0012651765,0.0426623821,0.9999995232,88.4311,32.4908
000000361147.jpg,0.0019096565,0.0011173487,0.0027239579,0.0385550261,0.9999997020,36.0828,15.9467
000000361180.jpg,0.0010806860,0.0005413294,0.0017070292,0.0346972942,0.9999996424,36.0249,17.7428
000000361238.jpg,0.0019594745,0.0012408495,0.0028217586,0.0367114544,0.9999994040,80.5823,30.9827
000000361268.jpg,0.0013281531,0.0008298159,0.0019610184,0.0238485336,0.9999988675,79.0391,30.2092
000000361506.jpg,0.0027939540,0.0008758307,0.0054160054,0.0539923906,0.9999995232,78.0052,30.0314
000000361551.jpg,0.0016315167,0.0007383823,0.0026465163,0.0332193375,0.9999995232,79.2745,30.8425
000000361571.jpg,0.0012142019,0.0007925630,0.0019597991,0.0329241753,0.9999994636,39.6804,17.4325
000000361586.jpg,0.0012948732,0.0009319782,0.0018375351,0.0389256477,0.9999990463,28.6495,24.7892
000000361621.jpg,0.0020516147,0.0018703938,0.0027079729,0.0596721172,0.9999981523,33.3871,16.9217
000000361730.jpg,0.0004898621,0.0000000000,0.0012675023,0.0223318338,0.9999982715,78.7155,29.8839
000000361919.jpg,0.0005394893,0.0001212955,0.0011383806,0.0244550705,1.0000000000,39.0791,21.1213
000000362434.jpg,0.0017475785,0.0011200905,0.0024810741,0.0381832123,0.9999991655,49.1995,24.9991
000000362520.jpg,0.0011906691,0.0007212162,0.0018926437,0.0260469913,0.9999995232,39.7248,19.5766
000000362682.jpg,0.0014298755,0.0008530617,0.0021632495,0.0436067581,0.9999992847,38.4978,19.0926
000000362716.jpg,0.0011151767,0.0008981228,0.0015026226,0.0313920975,0.9999985695,38.3271,19.3041
000000363072.jpg,0.0010252724,0.0005128384,0.0017884846,0.0295167249,1.0000000000,57.4929,21.7341
000000363188.jpg,0.0020477385,0.0014489889,0.0028256681,0.0320568085,0.9999990463,36.8709,24.2868
000000363207.jpg,0.0014801993,0.0007759333,0.0024316371,0.0575299263,0.9999994040,81.6983,31.0710
000000363461.jpg,0.0017396922,0.0009779930,0.0025938665,0.0499534607,0.9999991655,79.7303,31.0670
000000363666.jpg,0.0017713410,0.0013255477,0.0023594808,0.0336277485,0.9999993443,35.8427,23.7471
000000363784.jpg,0.0016407128,0.0013012886,0.0021542881,0.0257244110,0.9999978542,75.6457,29.8755
000000363840.jpg,0.0017613037,0.0012829304,0.0024756265,0.0684638023,0.9999976754,77.7080,29.6294
000000363875.jpg,0.0013198789,0.0008397102,0.0019308415,0.0568549633,0.9999992847,65.8388,26.7589
000000364102.jpg,0.0003518751,0.0000000000,0.0009393794,0.0209838748,0.9999997616,37.1802,14.7775
000000364126.jpg,0.0020002299,0.0011596084,0.0028193765,0.0190982819,0.9999992847,34.5232,16.6791
000000364166.jpg,0.0011208528,0.0006787777,0.0017270297,0.0351938307,1.0000000000,44.4214,23.6511
000000364297.jpg,0.0023375321,0.0015890598,0.0032203412,0.0425226688,0.9999993443,34.2027,16.9683
000000364322.jpg,0.0014643399,0.0010199547,0.0020394328,0.0326185226,0.9999995828,76.4784,29.6467
000000364557.jpg,0.0010475909,0.0004893541,0.0016840091,0.0155494213,0.9999997020,34.5494,18.7137
000000364587.jpg,0.0012351845,0.0008559227,0.0020437406,0.0667691231,1.0000000000,37.3285,18.6343
000000364636.jpg,0.0015777885,0.0009489059,0.0022923262,0.0494506359,0.9999998212,75.8203,30.1532
000000364884.jpg,0.0011907255,0.0005860329,0.0019111843,0.0171792507,0.9999998212,38.7005,19.4916
000000365095.jpg,0.0033840197,0.0024988651,0.0045537618,0.0389294624,0.9999992847,36.3685,18.6383
000000365098.jpg,0.0010083159,0.0005065799,0.0018124882,0.0511207581,0.9999992847,36.4449,18.7449
000000365207.jpg,0.0013760772,0.0006617904,0.0023181255,0.0577554703,0.9999992251,61.8769,26.5935
000000365208.jpg,0.0013363580,0.0010190159,0.0019357385,0.0415830612,0.9999994040,62.2414,71.3196
000000365385.jpg,0.0015552520,0.0007440448,0.0023188603,0.0495755672,0.9999994636,33.1177,17.4041
000000365387.jpg,0.0009930826,0.0006672144,0.0015428229,0.0272257328,0.9999994636,36.1687,17.9934
000000365521.jpg,0.0012487444,0.0007214546,0.0019652653,0.0565313697,1.0000000000,35.3332,17.6889
000000365642.jpg,0.0019590033,0.0012207031,0.0027502086,0.0354127884,0.9999995232,34.7341,17.8498
000000365655.jpg,0.0012279451,0.0004537106,0.0021714652,0.0278940201,1.0000000000,34.8175,17.3096
000000365745.jpg,0.0015645684,0.0009346008,0.0023067119,0.0479769707,1.0000000000,77.1414,29.9232
000000365766.jpg,0.0017225294,0.0016196966,0.0020819332,0.0440025330,0.9999988675,77.3297,29.8063
000000365886.jpg,0.0014909594,0.0009579659,0.0021178590,0.0250833035,0.9999993443,46.5479,24.2504
000000366141.jpg,0.0014135322,0.0010142326,0.0019486044,0.0624561310,0.9999994636,92.7520,35.0992
000000366178.jpg,0.0010891570,0.0005311966,0.0017750338,0.0333963633,0.9999995828,45.7908,22.9312
000000366199.jpg,0.0037431661,0.0031285286,0.0046074814,0.0154533386,0.9999979138,37.5499,19.3686
000000366225.jpg,0.0013121343,0.0009632111,0.0018696660,0.0516102314,0.9999994040,74.1740,28.8871
000000366611.jpg,0.0019007919,0.0011445284,0.0026696357,0.0254576206,0.9999995232,82.8691,31.6856
000000366711.jpg,0.0024286429,0.0019420981,0.0029860125,0.0233809948,0.9999995232,37.0026,18.0273
000000366884.jpg,0.0022018675,0.0020723343,0.0027483376,0.0422534943,0.9999995232,79.2329,30.4272
000000367082.jpg,0.0026875769,0.0024275780,0.0033030084,0.0311145782,0.9999989271,53.7134,55.9315
000000367095.jpg,0.0016298634,0.0009918213,0.0024698644,0.0854249001,0.9999988675,32.8319,21.2398
000000367195.jpg,0.0015592438,0.0008056164,0.0024109310,0.0145206451,0.9999999404,32.6312,15.4204
000000367228.jpg,0.0008679896,0.0002174377,0.0017956721,0.0466626883,0.9999981523,34.0500,17.3060
000000367386.jpg,0.0019495444,0.0015262365,0.0025905413,0.0397982597,0.9999991655,77.3234,29.5408
000000367569.jpg,0.0010683263,0.0006282330,0.0017012360,0.0328078270,0.9999993443,86.1879,34.3188
000000367680.jpg,0.0012213037,0.0007080436,0.0019148347,0.0334838033,0.9999998808,45.4382,22.5294
000000367818.jpg,0.0007655342,0.0002784729,0.0013745262,0.0328342915,1.0000000000,36.3895,18.6467
000000368038.jpg,0.0011366950,0.0006780624,0.0018022982,0.0412013531,0.9999997020,27.2541,13.7764
000000368212.jpg,0.0012452776,0.0008125305,0.0018057739,0.0265643597,0.9999990463,83.7017,32.3875
000000368294.jpg,0.0020982572,0.0015134811,0.0029244593,0.0500893593,0.9999993443,35.4629,17.8930
000000368335.jpg,0.0011477917,0.0006265640,0.0018408976,0.0439229608,1.0000000000,34.8016,16.8230
000000368456.jpg,0.0015588609,0.0011961460,0.0020669261,0.0172165632,0.9999988675,79.8043,30.5538
000000368684.jpg,0.0024988386,0.0006414950,0.0049511329,0.1036753654,0.9999995232,79.4122,30.6206
000000368752.jpg,0.0026414974,0.0015902519,0.0037832831,0.0530347824,0.9999994636,80.1754,31.3666
000000368900.jpg,0.0016734476,0.0010647774,0.0023671922,0.0418109894,0.9999987483,78.9535,30.3385
000000368940.jpg,0.0016526118,0.0012826920,0.0023393407,0.0920279026,0.9999983311,79.7198,30.4076
000000368961.jpg,0.0032131143,0.0016264915,0.0055409460,0.1020379066,0.9999998212,78.1753,30.7355
000000368982.jpg,0.0028449285,0.0014281273,0.0040743868,0.0215184689,0.9999944568,78.5490,30.0104
000000369037.jpg,0.0018611909,0.0014507771,0.0025310351,0.0550591946,0.9999991059,35.2666,17.6195
000000369081.jpg,0.0006215555,0.0000427663,0.0012031433,0.0330634117,1.0000000000,34.6654,17.4996
000000369310.jpg,0.0017141801,0.0009822845,0.0025955585,0.0302317142,1.0000000000,36.5285,22.7773
000000369323.jpg,0.0013611201,0.0008658171,0.0019513727,0.0413254499,0.9999994636,39.6808,20.3885
000000369370.jpg,0.0023576904,0.0018634796,0.0029909124,0.0284590721,0.9999990463,77.4651,29.6815
000000369442.jpg,0.0020848175,0.0012469292,0.0029898521,0.0362200737,0.9999995828,89.0695,34.3318
000000369503.jpg,0.0009798688,0.0006105900,0.0014691972,0.0372809172,0.9999994636,47.2798,23.4432
000000369541.jpg,0.0017105166,0.0010050535,0.0024988975,0.0283577442,0.9999994636,44.0283,22.1316
000000369675.jpg,0.0018362835,0.0013653040,0.0024477302,0.0411252975,0.9999992847,36.4656,19.0332
000000369751.jpg,0.0017568432,0.0008194484,0.0029610805,0.0687522888,0.9999981523,37.1718,17.5300
000000369757.jpg,0.0025271301,0.0022230148,0.0033815294,0.0719084144,0.9999954104,79.9906,30.9378
000000369771.jpg,0.0012747485,0.0009354353,0.0017862284,0.0207351446,0.9999985695,79.2426,30.1666
000000369812.jpg,0.0007834429,0.0004623532,0.0013372486,0.0292250812,1.0000000000,51.0606,20.8530
000000370042.jpg,0.0016320486,0.0008227825,0.0023869011,0.0266222954,0.9999996424,29.4735,24.6566
000000370208.jpg,0.0015998072,0.0013914108,0.0020486191,0.0444412231,0.9999988079,40.6796,20.3981
000000370270.jpg,0.0010876158,0.0006278157,0.0018063878,0.0623316765,0.9999998808,79.3959,31.0554
000000370375.jpg,0.0014904496,0.0011347532,0.0021290958,0.0316235274,0.9999994636,41.8291,17.4068
000000370478.jpg,0.0014748811,0.0011241436,0.0019763671,0.0301935673,0.9999990463,80.7125,31.1273
000000370486.jpg,0.0016852949,0.0012292862,0.0023148903,0.0289680958,0.9999991655,35.2748,16.5285
000000370677.jpg,0.0014777973,0.0010111332,0.0020684854,0.0290126801,0.9999992847,35.5711,17.6427
000000370711.jpg,0.0016178796,0.0013267994,0.0020745636,0.0211534500,0.9999972582,79.9559,31.2457
000000370813.jpg,0.0020914976,0.0019893646,0.0024776899,0.0320568681,0.9999982119,69.9945,28.5367
000000370818.jpg,0.0013865170,0.0008998513,0.0020861533,0.0234088898,0.9999993443,83.0816,32.0002
000000370900.jpg,0.0023374378,0.0019049644,0.0029444774,0.0552524328,0.9999991655,81.5862,30.9277
000000370999.jpg,0.0031561037,0.0023603439,0.0040355609,0.0301085711,0.9999988675,80.9429,30.9147
000000371042.jpg,0.0013006413,0.0005639195,0.0020879160,0.0324590206,0.9999994636,34.3636,17.7922
000000371472.jpg,0.0024128265,0.0016684532,0.0032723870,0.0210270882,0.9999995232,82.0250,31.8093
000000371529.jpg,0.0014292537,0.0010848045,0.0018991961,0.0251500607,0.9999985695,75.8261,29.4227
000000371552.jpg,0.0011602184,0.0005428344,0.0018290168,0.0225350857,0.9999996424,33.8798,17.1468
000000371677.jpg,0.0017114211,0.0012196898,0.0023651184,0.0317766666,0.9999988079,78.2735,30.0590
000000371699.jpg,0.0016888155,0.0011395216,0.0023021011,0.0265445709,0.9999988079,78.9253,30.9052
000000371749.jpg,0.0013676501,0.0007902384,0.0021345525,0.0507185459,0.9999992847,41.2929,25.1019
000000372203.jpg,0.0011610929,0.0000744238,0.0022287040,0.0289331675,1.0000000000,28.6718,15.4192
000000372260.jpg,0.0011314334,0.0004673004,0.0018807115,0.0349192619,1.0000000000,35.4754,16.8250
000000372307.jpg,0.0009981187,0.0005223751,0.0016215991,0.0397597551,1.0000000000,34.7837,17.3224
000000372317.jpg,0.0018543714,0.0011548996,0.0026520097,0.0183988810,0.9999995232,34.6926,17.7211
000000372349.jpg,0.0012767622,0.0009149313,0.0017621652,0.0355534554,0.9999997020,90.2416,31.2671
000000372466.jpg,0.0015812907,0.0012979507,0.0020834527,0.0577526391,1.0000000000,29.5194,14.1082
000000372577.jpg,0.0021597659,0.0015616417,0.0029064356,0.0192062855,0.9999993443,77.5473,31.1016
000000372718.jpg,0.0014386809,0.0010418892,0.0022966822,0.0964021981,0.9999983311,55.6662,22.9549
000000372819.jpg,0.0014480575,0.0008978844,0.0020593344,0.0467141867,0.9999996424,36.3811,23.2385
000000373315.jpg,0.0007476440,0.0000000000,0.0016293684,0.0198549032,1.0000000000,83.1100,32.5068
000000373353.jpg,0.0012926019,0.0008530617,0.0019572619,0.0291140079,0.9999989867,39.3063,18.6980
000000373382.jpg,0.0013180928,0.0007076263,0.0020266150,0.0271894932,0.9999998212,83.5627,32.5338
000000373705.jpg,0.0009136340,0.0004377365,0.0016278368,0.0481715202,0.9999995232,35.7779,18.0677
000000374052.jpg,0.0013482103,0.0008455366,0.0020327484,0.0309166908,1.0000000000,36.2426,17.9835
000000374083.jpg,0.0019266595,0.0013785213,0.0026434707,0.0338062048,0.9999989271,35.1562,24.6143
000000374369.jpg,0.0019538414,0.0008635521,0.0029181943,0.0174407363,0.9999997616,77.3824,30.8455
000000374545.jpg,0.0005787788,0.0001436770,0.0014215524,0.0628424883,0.9999979138,71.4078,29.2693
000000374551.jpg,0.0016015590,0.0014055669,0.0020573968,0.0478184223,0.9999994040,31.9015,15.8889
000000374727.jpg,0.0011699803,0.0007246733,0.0019580848,0.0538649559,0.9999994636,35.9660,17.5688
000000374982.jpg,0.0018868559,0.0013506413,0.0026391037,0.0881165266,0.9999991655,41.9571,21.4073
000000375015.jpg,0.0014020113,0.0008299351,0.0020847884,0.0462188721,0.9999989867,34.5709,16.0515
000000375078.jpg,0.0019161745,0.0018098354,0.0022634773,0.0248062611,0.9999980330,81.1951,31.8299
000000375278.jpg,0.0024199407,0.0020292997,0.0031501155,0.0285542011,0.9999990463,35.8178,17.8990
000000375430.jpg,0.0022690280,0.0019907951,0.0029596828,0.1085867882,0.9999998808,35.4656,24.8615
000000375469.jpg,0.0015034962,0.0011756420,0.0019665759,0.0130640268,0.9999987483,44.1153,45.0602
000000375493.jpg,0.0017398564,0.0013962537,0.0022524428,0.0688471794,0.9999991655,75.9089,30.1351
000000375763.jpg,0.0009180089,0.0003833771,0.0016135618,0.0278947353,0.9999991655,77.4817,29.9825
000000376093.jpg,0.0013773787,0.0009455681,0.0021742268,0.0358643532,0.9999997020,78.2954,30.0411
000000376112.jpg,0.0016425595,0.0006342232,0.0026748448,0.0264189243,0.9999996424,40.5319,17.1860
000000376206.jpg,0.0018269209,0.0016686916,0.0021605557,0.0190870762,0.9999994040,35.2193,22.4802
000000376264.jpg,0.0018653081,0.0013499260,0.0027782684,0.1602641344,0.9999975562,83.0061,31.8343
000000376278.jpg,0.0014544900,0.0010193586,0.0020521390,0.0453112125,0.9999995232,36.4730,19.2583
000000376284.jpg,0.0017404965,0.0014314651,0.0024215572,0.0707020760,1.0000000000,37.4642,18.4934
000000376307.jpg,0.0014588861,0.0010266304,0.0019810032,0.0224657059,0.9999994636,44.2195,22.2819
000000376310.jpg,0.0021238059,0.0018439293,0.0028160934,0.1080431938,0.9999993443,79.8775,31.2060
000000376322.jpg,0.0013974051,0.0008456111,0.0021198995,0.0507764816,0.9999995232,83.7383,31.7910
000000376365.jpg,0.0014249636,0.0009622574,0.0019890226,0.0342148542,0.9999992251,42.4963,21.3109
000000376442.jpg,0.0011071954,0.0008087158,0.0014995447,0.0153751373,0.9999989271,81.5844,31.9690
000000376478.jpg,0.0012633838,0.0005631447,0.0020498212,0.0291839838,1.0000000000,80.6886,31.6586
000000376625.jpg,0.0012155047,0.0008661747,0.0017067408,0.0387270451,0.9999993443,38.2447,17.4059
000000376856.jpg,0.0010490455,0.0005049706,0.0017428366,0.0188306570,0.9999971986,80.7271,31.7726
000000376900.jpg,0.0012208963,0.0004469752,0.0023704155,0.1855888367,0.9999997616,80.1997,30.8534
000000377000.jpg,0.0020121315,0.0014479160,0.0027440372,0.0672504902,0.9999989867,74.4526,29.2123
000000377113.jpg,0.0021032803,0.0013835430,0.0029248160,0.0242626667,0.9999993443,36.1685,20.3272
000000377239.jpg,0.0017433388,0.0010585785,0.0024645149,0.0283850431,0.9999997616,40.3738,20.6268
000000377368.jpg,0.0024579817,0.0019364357,0.0031711606,0.0399677753,0.9999994636,91.5168,33.5111
000000377393.jpg,0.0010303040,0.0005946159,0.0016456994,0.0249471664,0.9999994636,85.4400,33.0169
000000377486.jpg,0.0016406921,0.0010714531,0.0023112150,0.0230894685,0.9999991655,36.0655,18.3519
000000377497.jpg,0.0011013707,0.0007239580,0.0018932075,0.0558046699,0.9999996424,36.6661,18.4792
000000377575.jpg,0.0016022237,0.0008564591,0.0024381394,0.0570034981,0.9999998808,36.8961,17.7820
000000377588.jpg,0.0012932380,0.0009478629,0.0017872703,0.0422734022,0.9999994636,35.5352,20.2229
000000377635.jpg,0.0016765873,0.0011959076,0.0023870987,0.0319371223,0.9999983311,39.4374,17.4777
000000377670.jpg,0.0025306437,0.0017003939,0.0034696907,0.0442652702,1.0000000000,79.8262,30.7002
000000377723.jpg,0.0012056635,0.0008380413,0.0016738870,0.0167899132,0.9999993443,34.7853,17.1672
000000377814.jpg,0.0030392425,0.0019158125,0.0046094269,0.0448455811,0.9999972582,77.0508,29.3219
000000377882.jpg,0.0012049683,0.0007493496,0.0019852396,0.0612568855,0.9999930859,76.6407,29.1623
000000377946.jpg,0.0023704707,0.0017967224,0.0032086081,0.0341076851,0.9999995232,36.5947,23.7150
000000378099.jpg,0.0032222266,0.0025413036,0.0040893205,0.0244188309,0.9999970198,31.8450,17.4045
000000378116.jpg,0.0013620835,0.0010216236,0.0018555989,0.0140507221,0.9999994636,108.9401,37.2207
000000378139.jpg,0.0021416268,0.0012002587,0.0032264066,0.0321081877,0.9999986887,40.3206,20.3843
000000378244.jpg,0.0019353011,0.0012524128,0.0032041613,0.0928285122,0.9999969602,39.0166,23.8847
000000378284.jpg,0.0021877587,0.0015735626,0.0027845050,0.0173735619,0.9999998808,38.1073,19.3785
000000378453.jpg,0.0011653458,0.0010411739,0.0015727457,0.0136990547,1.0000000000,39.3930,20.5948
000000378454.jpg,0.0007104318,0.0000772849,0.0014395008,0.0317791104,0.9999974370,38.1934,18.9253
000000378515.jpg,0.0022649954,0.0013709068,0.0031552096,0.0204792023,0.9999995232,36.4188,18.5687
000000378605.jpg,0.0015594816,0.0010213852,0.0022930985,0.0190141201,1.0000000000,39.9006,21.6597
000000378673.jpg,0.0016579125,0.0005971193,0.0030685512,0.0363402963,1.0000000000,35.5620,18.1379
000000378873.jpg,0.0027483513,0.0018229485,0.0037052445,0.0370824337,0.9999994636,35.2138,17.9935
000000379332.jpg,0.0013445416,0.0007584989,0.0021958889,0.0673785210,0.9999986887,35.2684,18.0148
000000379441.jpg,0.0016704182,0.0009673834,0.0026631043,0.0418219566,0.9999985695,79.6940,30.6350
000000379453.jpg,0.0001515792,0.0000000000,0.0006048982,0.0251728296,0.9999999404,56.8302,20.7695
000000379476.jpg,0.0021378789,0.0013642311,0.0031724987,0.0412740707,0.9999994040,80.2994,31.4453
000000379533.jpg,0.0007721027,0.0002264977,0.0014381188,0.0203852654,0.9999995232,81.9874,31.6585
000000379800.jpg,0.0012513503,0.0007781982,0.0018816475,0.0281716585,1.0000000000,75.1531,28.4815
000000379842.jpg,0.0016820042,0.0013113022,0.0022789433,0.0269372463,0.9999988079,28.4175,13.9694
000000380203.jpg,0.0012067730,0.0007979870,0.0017149617,0.0418374538,0.9999994040,34.3669,16.8053
000000380706.jpg,0.0015064463,0.0008959770,0.0022400776,0.0437619686,0.9999994040,35.7842,17.3805
000000380711.jpg,0.0009922634,0.0005091429,0.0015499708,0.0376613140,0.9999989271,53.0213,21.7788
000000380913.jpg,0.0017959785,0.0012155771,0.0025037706,0.0332655907,0.9999986291,35.1823,17.8832
000000381360.jpg,0.0011576927,0.0007493496,0.0017145907,0.0379054546,0.9999997020,35.2568,17.4312
000000381587.jpg,0.0017870623,0.0012657642,0.0024515709,0.0247173309,0.9999982715,35.5440,17.0500
000000381639.jpg,0.0014220610,0.0009469986,0.0021590281,0.0569823980,0.9999998808,62.3850,26.7563
000000381971.jpg,0.0013558468,0.0008912086,0.0019606731,0.0309621096,0.9999990463,36.3672,18.0055
000000382009.jpg,0.0012848715,0.0009343624,0.0018966185,0.0380673409,0.9999988675,36.0272,17.5776
000000382030.jpg,0.0017445658,0.0015649796,0.0021621995,0.0203146935,0.9999992847,42.7204,20.8683
000000382088.jpg,0.0008203058,0.0002341270,0.0015119347,0.0237836838,1.0000000000,34.9641,18.0157
000000382111.jpg,0.0016559777,0.0012176037,0.0022816036,0.0346879959,0.9999990463,35.2451,25.4850
000000382122.jpg,0.0005411681,0.0000000000,0.0013050151,0.0377659798,1.0000000000,34.2488,17.4538
000000382125.jpg,0.0010767973,0.0005042553,0.0017361572,0.0369834900,0.9999997020,79.1685,30.4870
000000382696.jpg,0.0011187858,0.0008122921,0.0017277083,0.0331542492,0.9999994636,79.7013,30.5644
000000382734.jpg,0.0019660608,0.0013738275,0.0026139237,0.0265696049,0.9999998808,80.6091,31.3477
000000382743.jpg,0.0003758765,0.0000000000,0.0011715103,0.0211899281,1.0000000000,78.9505,30.5958
000000383289.jpg,0.0011786133,0.0006627440,0.0017959749,0.0237598419,0.9999991655,89.5221,31.8856
000000383337.jpg,0.0021671876,0.0017375946,0.0028933461,0.0383696556,0.9999945164,79.1263,30.6866
000000383339.jpg,0.0007802348,0.0000000000,0.0018160036,0.0150575340,0.9999986887,42.7384,21.4768
000000383384.jpg,0.0016157144,0.0009036064,0.0023824109,0.0336561203,0.9999995828,34.7582,18.9075
000000383386.jpg,0.0027221371,0.0021731853,0.0034705896,0.0188552141,0.9999974370,96.2288,35.3844
000000383443.jpg,0.0011767320,0.0007565022,0.0016802528,0.0181620121,0.9999994636,38.8336,20.2740
000000383606.jpg,0.0020092360,0.0009722710,0.0030177638,0.0254197121,0.9999997616,90.2327,32.8408
000000383621.jpg,0.0003794674,0.0000000000,0.0009990016,0.0252088308,0.9999980330,37.3753,23.5562
000000383676.jpg,0.0011669445,0.0007257164,0.0017715700,0.0366516113,0.9999994636,83.0798,31.4767
000000383838.jpg,0.0014877064,0.0009570122,0.0019477198,0.0305104256,0.9999995232,61.4173,26.6231
000000383842.jpg,0.0020625128,0.0013667345,0.0029501093,0.0493154526,0.9999995828,35.9297,23.1292
000000383921.jpg,0.0015536085,0.0009491444,0.0022789207,0.0290293694,0.9999982119,77.3112,30.5505
000000384136.jpg,0.0010577036,0.0009596646,0.0013102235,0.0170354247,0.9999991059,33.7653,20.5734
000000384350.jpg,0.0010227808,0.0005514622,0.0016656185,0.0473110676,1.0000000000,77.7591,30.1548
000000384468.jpg,0.0012616235,0.0006660670,0.0019143906,0.0326087475,0.9999994040,78.0952,29.4510
000000384513.jpg,0.0014292055,0.0011497736,0.0019239312,0.0267435312,0.9999986887,75.7881,29.3918
000000384527.jpg,0.0012737260,0.0009490252,0.0017977704,0.0258126259,0.9999992251,88.6973,34.6807
000000384616.jpg,0.0010546445,0.0005204082,0.0016000719,0.0282492638,0.9999997020,88.5958,32.7536
000000384651.jpg,0.0019397616,0.0012235641,0.0029510530,0.0885739326,0.9999979734,98.1268,33.8949
000000384661.jpg,0.0013341863,0.0010353327,0.0017932490,0.0138113499,0.9999980927,43.1531,21.4462
000000384666.jpg,0.0012353261,0.0007615089,0.0017828493,0.0138912201,0.9999997020,36.0094,18.2076
000000384670.jpg,0.0025298295,0.0018627644,0.0033064173,0.0183966160,0.9999995232,79.7818,30.4695
000000384808.jpg,0.0020051207,0.0017116070,0.0025040293,0.0249359608,0.9999991655,40.4714,20.8750
000000384850.jpg,0.0019026995,0.0013036728,0.0026015362,0.0331150293,0.9999994040,79.2441,30.2663
000000384949.jpg,0.0004201416,0.0000236332,0.0008864190,0.0200948417,1.0000000000,84.1863,30.8581
000000385029.jpg,0.0021227675,0.0014436245,0.0029008107,0.0395293236,0.9999988675,86.9590,33.6780
000000385190.jpg,0.0016295080,0.0010638237,0.0023479369,0.0313071012,0.9999994636,45.9450,22.1639
000000385205.jpg,0.0022527934,0.0017642975,0.0029485750,0.0460019112,0.9999993443,83.1044,31.7661
000000385719.jpg,0.0012909303,0.0009453297,0.0017417594,0.0208907127,0.9999980927,35.1523,16.9165
000000385997.jpg,0.0023432085,0.0019510388,0.0030617607,0.0299308300,0.9999992251,80.3830,31.2017
000000386134.jpg,0.0015748672,0.0011651516,0.0021272332,0.0266265869,0.9999983311,54.0487,21.0989
000000386210.jpg,0.0017767021,0.0012736320,0.0024308539,0.0329293013,0.9999994636,82.1293,31.8129
000000386277.jpg,0.0009087492,0.0004344881,0.0015763211,0.0311945677,0.9999989271,37.5289,18.1139
000000386352.jpg,0.0011042577,0.0007827878,0.0015981859,0.0292556286,0.9999994636,35.0271,24.6001
000000386457.jpg,0.0022981523,0.0017921925,0.0029949793,0.0235624313,0.9999985099,33.8847,17.2157
000000386879.jpg,0.0012506609,0.0009313822,0.0017101887,0.0200684071,0.9999993443,34.8383,17.7856
000000386912.jpg,0.0018362852,0.0014309883,0.0024995888,0.0806934834,0.9999992847,78.1666,32.2479
000000387098.jpg,0.0014692626,0.0011274815,0.0019574966,0.0333069563,0.9999982715,77.4934,30.0090
000000387148.jpg,0.0016047590,0.0005128384,0.0031883719,0.0216522217,0.9999964237,35.0203,17.5350
000000387383.jpg,0.0013953507,0.0009089112,0.0019536172,0.0292744637,1.0000000000,79.2888,31.1330
000000387387.jpg,0.0009320102,0.0000193119,0.0015850931,0.0270967484,1.0000000000,83.4803,32.5652
000000387916.jpg,0.0009435863,0.0004324764,0.0016081416,0.0249226093,1.0000000000,34.7835,16.6016
000000388056.jpg,0.0019815275,0.0011041164,0.0028712698,0.0272442102,0.9999994636,36.6880,18.2364
000000388215.jpg,0.0011347556,0.0007514954,0.0017277846,0.0284707546,0.9999989867,35.8248,18.2698
000000388258.jpg,0.0005532959,0.0000000000,0.0012887655,0.0469443798,0.9999989867,82.1700,31.3071
000000388846.jpg,0.0008071559,0.0000580400,0.0016977950,0.0351929665,0.9999994040,36.1769,23.5265
000000388903.jpg,0.0014973715,0.0008952618,0.0021723944,0.0271589756,0.9999993443,34.8984,18.0667
000000388927.jpg,0.0025632577,0.0015164614,0.0035992502,0.0700137019,0.9999992847,82.0504,32.5544
000000389109.jpg,0.0022264211,0.0015417337,0.0032650754,0.0377149582,0.9999996424,37.9298,17.7252
000000389197.jpg,0.0022806088,0.0014238358,0.0031950716,0.0163658857,0.9999988675,36.4485,18.4307
000000389315.jpg,0.0022835296,0.0014626980,0.0032463719,0.0266299248,0.9999979138,55.1613,21.4485
000000389316.jpg,0.0016674575,0.0011873245,0.0023455839,0.0343961716,0.9999993443,38.0361,14.6208
000000389381.jpg,0.0019117803,0.0013952255,0.0026629330,0.0174425840,0.9999995232,68.7979,28.1394
000000389451.jpg,0.0011936773,0.0006147623,0.0019908252,0.0184979439,1.0000000000,80.0933,31.1302
000000389532.jpg,0.0012669660,0.0000000000,0.0025786716,0.0316533446,0.9999988079,34.4546,17.0729
000000389566.jpg,0.0018731924,0.0003511906,0.0037716629,0.0361814499,1.0000000000,36.1228,18.4442
000000389684.jpg,0.0012380045,0.0006864965,0.0019823376,0.0400843620,0.9999962449,80.3999,30.0782
000000389804.jpg,0.0017171818,0.0012691021,0.0023526733,0.0355138779,0.9999983311,38.5335,17.0279
000000389812.jpg,0.0012805555,0.0009864569,0.0018030100,0.0318634510,0.9999996424,77.5178,28.7302
000000389933.jpg,0.0022572558,0.0019249916,0.0028494657,0.0289902687,0.9999991655,74.5213,28.7801
000000390246.jpg,0.0014161179,0.0007319450,0.0023911539,0.0837415457,0.9999954104,39.4962,23.4417
000000390301.jpg,0.0014095703,0.0009467602,0.0019872645,0.0323165655,0.9999996424,47.5143,23.5459
000000390555.jpg,0.0015956488,0.0012047291,0.0020977340,0.0303254128,0.9999989867,43.7430,21.7102
000000390826.jpg,0.0014421428,0.0009078979,0.0021014514,0.0432965755,0.9999999404,95.6784,36.2207
000000390902.jpg,0.0011364975,0.0007593632,0.0017082541,0.0382311344,0.9999994040,39.5667,16.4482
000000391140.jpg,0.0016562919,0.0012028217,0.0022829066,0.0508480072,0.9999987483,73.3598,27.9964
000000391144.jpg,0.0018288959,0.0012493134,0.0024945482,0.0245286226,0.9999991655,33.2039,16.0938
000000391290.jpg,0.0013072604,0.0007243156,0.0020924676,0.0303575993,1.0000000000,33.5578,18.0624
000000391375.jpg,0.0009659246,0.0006263256,0.0014828951,0.0268977880,0.9999991655,91.3431,37.0698
000000391648.jpg,0.0010041131,0.0004853010,0.0018282080,0.0763370395,1.0000000000,82.1957,32.2759
000000391722.jpg,0.0014451798,0.0011491776,0.0019454499,0.0272147655,0.9999997616,54.5239,21.5532
000000392228.jpg,0.0011047099,0.0000000000,0.0020667952,0.0379421711,0.9999989271,83.5312,32.2563
000000392481.jpg,0.0005863305,0.0004420877,0.0009254048,0.0194740295,0.9999983907,35.9254,17.9179
000000392722.jpg,0.0009996765,0.0005652905,0.0016208534,0.0199072361,0.9999995828,35.1356,16.6579
000000392818.jpg,0.0012347779,0.0008398890,0.0017653938,0.0208575726,0.9999991059,50.9806,23.0203
000000392933.jpg,0.0015828884,0.0007053614,0.0024285100,0.0134403110,0.9999997616,30.5971,16.4544
000000393014.jpg,0.0016862294,0.0011875331,0.0023353058,0.0438721180,0.9999992251,81.7525,31.4439
000000393056.jpg,0.0013747051,0.0007100105,0.0022388098,0.0238717794,1.0000000000,81.0824,31.4980
000000393093.jpg,0.0009728360,0.0005836487,0.0015261202,0.0320375264,0.9999986887,36.0921,18.1116
000000393115.jpg,0.0016672951,0.0014774799,0.0020710316,0.0684566498,0.9999997020,60.2720,26.2523
000000393226.jpg,0.0016964992,0.0008266568,0.0029243783,0.0388228893,0.9999985695,81.3062,31.4302
000000393282.jpg,0.0007407991,0.0000967383,0.0014681307,0.0236225128,1.0000000000,53.8468,21.4594
000000393469.jpg,0.0017373326,0.0012900829,0.0023889325,0.0403831005,0.9999992847,82.3149,32.3245
000000393569.jpg,0.0018178837,0.0012101531,0.0025168825,0.0294792652,0.9999992847,80.4142,31.1446
000000393838.jpg,0.0019608950,0.0014780760,0.0027910022,0.0816627741,0.9999989867,36.9161,18.3253
000000394199.jpg,0.0019280884,0.0010616779,0.0029594793,0.0281937122,0.9999992847,81.2283,30.4137
000000394206.jpg,0.0012807489,0.0008287430,0.0019480585,0.0873140097,0.9999988675,78.6603,30.3968
000000394275.jpg,0.0014337256,0.0008869171,0.0022190691,0.0576964617,1.0000000000,33.7597,24.8417
000000394328.jpg,0.0024961603,0.0016131401,0.0035262730,0.0212943554,0.9999978542,79.1908,31.2485
000000394510.jpg,0.0017627294,0.0014047623,0.0022910575,0.0303921700,0.9999989867,77.4459,30.3563
000000394559.jpg,0.0012545260,0.0005564690,0.0025592630,0.0337915421,0.9999988675,42.2891,16.8168
000000394611.jpg,0.0008658210,0.0001680851,0.0016697100,0.0149496943,1.0000000000,78.0864,30.6983
000000394677.jpg,0.0019276390,0.0012052059,0.0027166742,0.0223560333,0.9999992847,42.2052,20.6062
000000394940.jpg,0.0020793162,0.0017704964,0.0027847583,0.0255874395,1.0000000000,35.3763,18.1047
000000395180.jpg,0.0012043070,0.0007420778,0.0018295378,0.0258605480,0.9999995828,78.4017,30.4192
000000395343.jpg,0.0016597712,0.0010933876,0.0024624728,0.0319702625,1.0000000000,78.6509,30.2510
000000395388.jpg,0.0014796988,0.0011138916,0.0020612769,0.0333820581,0.9999997616,80.6635,31.0518
000000395575.jpg,0.0012434664,0.0007319450,0.0019400176,0.0156574249,0.9999991059,40.4033,18.8630
000000395633.jpg,0.0007532488,0.0001811981,0.0015806656,0.1016674936,0.9999955893,87.7052,33.3848
000000395701.jpg,0.0010497370,0.0008249283,0.0013845896,0.0207985640,0.9999991655,83.1676,32.2846
000000395801.jpg,0.0009255385,0.0004035234,0.0016691894,0.0370092392,0.9999963045,81.7186,32.0926
000000395903.jpg,0.0013199541,0.0007226467,0.0019556107,0.0208566189,0.9999992251,30.0385,16.2574
000000396200.jpg,0.0015311656,0.0009789467,0.0022237489,0.0427216291,0.9999995232,36.3721,22.9044
000000396205.jpg,0.0009052461,0.0002613068,0.0017281830,0.0238810778,0.9999998808,35.3777,17.2819
000000396274.jpg,0.0019440834,0.0014996529,0.0026099763,0.0361770391,0.9999979734,79.4651,30.5867
000000396338.jpg,0.0013041740,0.0006675720,0.0021252725,0.0497283936,0.9999994636,35.7431,18.3973
000000396518.jpg,0.0010510968,0.0008058548,0.0014458065,0.0264871120,0.9999988079,42.3614,21.1133
000000396526.jpg,0.0011095372,0.0007081032,0.0017184783,0.0344650745,0.9999992251,34.7004,25.4479
000000396568.jpg,0.0008602453,0.0003376007,0.0015719234,0.0173283219,1.0000000000,34.5680,17.3629
000000396580.jpg,0.0009309491,0.0002959073,0.0017770121,0.0361182690,0.9999989271,35.2872,18.0328
000000396729.jpg,0.0021407332,0.0014810562,0.0030383647,0.0222268701,0.9999998212,35.2131,18.0465
000000396863.jpg,0.0013179845,0.0007579923,0.0020150992,0.0386217833,0.9999994636,35.7546,24.9346
000000396903.jpg,0.0012501214,0.0009905100,0.0017822239,0.0226583183,0.9999994040,33.4278,17.5827
000000397133.jpg,0.0020976090,0.0018018484,0.0026505098,0.0528894663,0.9999995828,34.5072,24.7668
000000397279.jpg,0.0021847505,0.0013298988,0.0030273979,0.0216565132,0.9999992251,34.3211,16.7056
000000397303.jpg,0.0025841214,0.0019367933,0.0033437365,0.0489308834,0.9999995232,77.4648,29.9301
000000397327.jpg,0.0016461546,0.0010282993,0.0024862988,0.0285773277,0.9999982119,34.6644,17.4904
000000397351.jpg,0.0018391956,0.0012089014,0.0025747670,0.0280647278,1.0000000000,33.8569,16.4030
000000397354.jpg,0.0014555799,0.0009342432,0.0020654390,0.0305411816,0.9999994636,73.6239,27.7354
000000397639.jpg,0.0008898978,0.0000112057,0.0018004444,0.0243473127,1.0000000000,89.5469,37.1256
000000397681.jpg,0.0013557589,0.0011460781,0.0017166790,0.0126687288,0.9999982715,74.2369,24.9707
000000398028.jpg,0.0015575042,0.0007777214,0.0025238502,0.0654327869,0.9999992847,46.0253,21.9354
000000398203.jpg,0.0017172132,0.0012683868,0.0025243848,0.0817546844,0.9999994040,46.4416,21.8184
000000398237.jpg,0.0018870886,0.0011197329,0.0027084090,0.0241427422,0.9999987483,79.3662,28.8906
000000398377.jpg,0.0017339212,0.0013810396,0.0023199043,0.0561134815,0.9999994040,39.6594,19.0671
000000398438.jpg,0.0013475305,0.0007276535,0.0021066458,0.0357546806,0.9999992251,33.5207,16.8842
000000398652.jpg,0.0020930446,0.0013551712,0.0029521575,0.0380500555,0.9999989271,35.1276,16.6197
000000398742.jpg,0.0012544552,0.0003967285,0.0023952159,0.0496208668,0.9999978542,34.2334,16.8201
000000398810.jpg,0.0010485733,0.0005103350,0.0016305114,0.0239696503,0.9999995828,54.0847,26.2405
000000398905.jpg,0.0016051569,0.0006711781,0.0026452558,0.0419073105,0.9999989867,35.1102,18.3442
000000399205.jpg,0.0020419843,0.0012502670,0.0029323932,0.0330548286,0.9999995232,80.9093,31.3840
000000399296.jpg,0.0020191681,0.0011892319,0.0030407670,0.0960593224,0.9999989271,82.5009,31.9825
000000399462.jpg,0.0016833538,0.0010886192,0.0023700322,0.0329182148,0.9999987483,36.3608,17.4035
000000399560.jpg,0.0015974789,0.0010664463,0.0025266057,0.1331052780,0.9999989271,80.5269,30.9273
000000399655.jpg,0.0018005319,0.0014495850,0.0023577551,0.0210413933,0.9999989867,42.3261,21.1907
000000399764.jpg,0.0015902453,0.0009793043,0.0023380199,0.0237760544,0.9999994040,35.5235,17.4035
000000400044.jpg,0.0009493703,0.0004684329,0.0016796150,0.0302477330,0.9999994040,80.6434,31.6035
000000400082.jpg,0.0033254558,0.0025942326,0.0042036460,0.0299806595,0.9999987483,31.1141,14.9258
000000400161.jpg,0.0012788749,0.0010046959,0.0017328416,0.0285035074,0.9999962449,79.3176,30.8013
000000400367.jpg,0.0013150863,0.0010147095,0.0017259902,0.0194001198,0.9999991059,34.6617,18.0311
000000400573.jpg,0.0012901939,0.0008420944,0.0019669575,0.0732920170,0.9999966025,81.2412,32.1188
000000400794.jpg,0.0018903901,0.0014498234,0.0025913613,0.0554022193,0.9999992251,41.2723,17.7140
000000400803.jpg,0.0021381844,0.0004248619,0.0049728709,0.0893354416,1.0000000000,34.4575,18.1213
000000400815.jpg,0.0015903368,0.0008848310,0.0024258744,0.0289795399,0.9999998808,34.4383,17.7652
000000400922.jpg,0.0007955764,0.0002052784,0.0014923911,0.0307225585,0.9999907613,79.9642,30.6595
000000401244.jpg,0.0013668092,0.0008406639,0.0020188664,0.0323250294,0.9999992847,35.9383,17.1852
000000401250.jpg,0.0001241968,0.0000000000,0.0005528953,0.0227936506,0.9999964237,26.7807,13.5118
000000401446.jpg,0.0008551211,0.0003839061,0.0014053673,0.0303235054,0.9999994636,79.1112,30.5270
000000401862.jpg,0.0017328765,0.0014905930,0.0023301316,0.0509266853,0.9999994040,80.4120,30.7141
000000401991.jpg,0.0026828726,0.0019688606,0.0034425477,0.0150961876,0.9999995232,30.1814,14.9159
000000402096.jpg,0.0014148250,0.0011000633,0.0018952467,0.0219891071,0.9999997020,80.4529,31.7735
000000402118.jpg,0.0004300407,0.0000000000,0.0009107324,0.0266699791,0.9999962449,35.3097,23.6778
000000402334.jpg,0.0005660772,0.0000000000,0.0011663692,0.0226749182,1.0000000000,34.8106,23.6308
000000402346.jpg,0.0021801144,0.0014250278,0.0030456365,0.0580139160,0.9999993443,78.9483,30.7943
000000402433.jpg,0.0016844925,0.0013747215,0.0021695830,0.0255197287,0.9999995828,36.4376,18.1206
000000402473.jpg,0.0019543630,0.0016238689,0.0024671904,0.0287491083,0.9999992847,80.2826,30.3902
000000402519.jpg,0.0014995807,0.0011408329,0.0019671987,0.0270454884,0.9999989867,36.0761,17.5524
000000402615.jpg,0.0017876743,0.0004515648,0.0038947896,0.0733489990,0.9999990463,35.9266,17.3976
000000402720.jpg,0.0025427665,0.0015614033,0.0036161977,0.0332643986,0.9999989867,55.0932,21.2024
000000402765.jpg,0.0018376339,0.0015172958,0.0023663777,0.0261445045,0.9999989867,43.2752,21.1877
000000402774.jpg,0.0015468798,0.0013635159,0.0020477048,0.0261826515,0.9999992251,35.7069,17.4698
000000402783.jpg,0.0023833464,0.0017215014,0.0031437448,0.0300583839,0.9999989271,77.8531,30.1083
000000402992.jpg,0.0015322089,0.0009369850,0.0022928761,0.0947427750,0.9999996424,76.2288,30.2258
000000403122.jpg,0.0012596445,0.0005947351,0.0019652678,0.0224950314,0.9999998808,35.1655,17.4811
000000403353.jpg,0.0024775751,0.0015826225,0.0034193352,0.0534632206,0.9999981523,77.1293,28.4607
000000403385.jpg,0.0009916472,0.0006394386,0.0016724917,0.0905737877,0.9999991059,72.1432,26.9277
000000403565.jpg,0.0008990197,0.0002348423,0.0017984131,0.0233414173,1.0000000000,91.0459,34.5025
000000403584.jpg,0.0009690146,0.0003522858,0.0016985937,0.0234729052,0.9999997020,56.2707,21.7774
000000403817.jpg,0.0019752041,0.0016714334,0.0026504511,0.0601224899,0.9999975562,47.1007,25.5432
000000404128.jpg,0.0004776803,0.0000000000,0.0011001563,0.0211748481,0.9999976754,43.0883,23.8136
000000404191.jpg,0.0023205241,0.0022454262,0.0027746989,0.0190784931,0.9999977350,50.4437,25.4674
000000404249.jpg,0.0009260207,0.0004181862,0.0015127750,0.0278899670,1.0000000000,39.5955,20.1569
000000404479.jpg,0.0006200607,0.0000000000,0.0013805454,0.0225520134,1.0000000000,39.3406,20.8413
000000404484.jpg,0.0018792371,0.0008738041,0.0036912656,0.0669910908,0.9999983311,47.0636,22.5626
000000404534.jpg,0.0009289032,0.0003571510,0.0016829540,0.0368351936,0.9999986291,45.4079,23.0794
000000404568.jpg,0.0008674008,0.0003064573,0.0016273066,0.0372440815,0.9999995828,84.8461,31.9524
000000404601.jpg,0.0005540320,0.0000147149,0.0012321023,0.0494165421,0.9999960661,83.1085,32.6607
000000404678.jpg,0.0022734273,0.0016053915,0.0029732157,0.0336263180,0.9999990463,36.0550,17.6109
000000404805.jpg,0.0013963400,0.0010496378,0.0018774044,0.0282862186,0.9999997020,34.8789,17.3433
000000404839.jpg,0.0016970808,0.0009945631,0.0024655473,0.0232025385,0.9999991059,34.9670,17.8596
000000404922.jpg,0.0022166483,0.0017682314,0.0029038582,0.0379865170,0.9999993443,37.6716,19.4963
000000404923.jpg,0.0020362122,0.0011588335,0.0029403928,0.0290035009,0.9999993443,78.7144,30.4638
000000405195.jpg,0.0016778077,0.0010685921,0.0023757836,0.0325673819,0.9999988675,78.5329,30.5259
000000405205.jpg,0.0020901966,0.0016255379,0.0029022915,0.0344121456,0.9999990463,41.9005,23.6817
000000405249.jpg,0.0021386936,0.0016483068,0.0028725930,0.0630325079,0.9999991059,41.5829,21.0337
000000405279.jpg,0.0005355419,0.0000000000,0.0013749308,0.0504713058,1.0000000000,78.5367,30.3653
000000405306.jpg,0.0017701155,0.0013136864,0.0025251186,0.0366826057,0.9999993443,33.6592,24.0132
000000405432.jpg,0.0026414599,0.0020728111,0.0033764215,0.0244839191,0.9999994636,40.8265,20.7231
000000405691.jpg,0.0018180473,0.0011601448,0.0025744592,0.0347118378,0.9999991655,35.5032,17.2964
000000405970.jpg,0.0023881327,0.0018826723,0.0030770346,0.0284481049,0.9999998808,35.0504,17.5390
000000405972.jpg,0.0018621624,0.0014371872,0.0024624837,0.0398304462,0.9999985695,35.2343,17.8888
000000406129.jpg,0.0013846749,0.0010688305,0.0018875700,0.0202662945,0.9999995232,34.8966,18.0511
000000406417.jpg,0.0017820848,0.0014889836,0.0022970499,0.0502495766,0.9999973774,67.5565,27.1587
000000406570.jpg,0.0024997559,0.0017693043,0.0032200660,0.0288014412,0.9999996424,34.5128,16.8321
000000406611.jpg,0.0009397849,0.0001886338,0.0017960161,0.0474905968,1.0000000000,77.1880,29.7790
000000406997.jpg,0.0016763608,0.0010647774,0.0023856300,0.0289514065,0.9999997616,90.0250,35.8982
000000407002.jpg,0.0013326479,0.0003633499,0.0023089857,0.0262827873,1.0000000000,89.6658,34.2939
000000407083.jpg,0.0016439821,0.0012767315,0.0022443247,0.0534300804,1.0000000000,86.9154,33.9161
000000407298.jpg,0.0023252000,0.0016925335,0.0032272174,0.0368843079,1.0000000000,81.6493,31.4565
000000407403.jpg,0.0022251848,0.0015575886,0.0029573806,0.0283492804,0.9999979734,37.6315,19.6031
000000407518.jpg,0.0014159385,0.0005906597,0.0023003072,0.0574073792,0.9999991655,35.8204,17.3354
000000407524.jpg,0.0025033946,0.0017840862,0.0032772969,0.0163187981,0.9999993443,78.8668,30.4704
000000407574.jpg,0.0019873979,0.0012378693,0.0028119029,0.0398294926,0.9999994040,80.3703,31.3784
000000407614.jpg,0.0014228778,0.0008549690,0.0020734926,0.0381467342,0.9999988675,35.6991,18.1444
000000407646.jpg,0.0012757475,0.0006072521,0.0021550010,0.0473411083,0.9999995232,44.7362,21.2653
000000407650.jpg,0.0011683108,0.0000000000,0.0029603010,0.0259616375,0.9999979138,34.6676,17.9817
000000407825.jpg,0.0015701823,0.0012550354,0.0020880415,0.0562410355,0.9999996424,54.2044,21.0624
000000407868.jpg,0.0013279780,0.0004091486,0.0023824677,0.0251296163,1.0000000000,79.4060,30.4687
000000407943.jpg,0.0054680272,0.0060863495,0.0067626364,0.2513878345,0.9999973178,35.2748,20.1688
000000407960.jpg,0.0013450267,0.0009359121,0.0018772103,0.0189704895,0.9999997020,35.0302,17.8946
000000408112.jpg,0.0009465227,0.0003590584,0.0017557601,0.0568868518,1.0000000000,80.1015,30.5998
000000408120.jpg,0.0016971228,0.0010776520,0.0024704677,0.0368371010,0.9999985695,35.9883,17.1833
000000408696.jpg,0.0012941383,0.0009918213,0.0017352069,0.0382654667,0.9999995232,78.9553,30.6640
000000408774.jpg,0.0010965170,0.0005149841,0.0018061457,0.0250473022,0.9999985099,35.1130,20.4294
000000408830.jpg,0.0015173546,0.0011005402,0.0020818263,0.0345752239,0.9999994636,40.2595,20.7278
000000409198.jpg,0.0013059044,0.0009136200,0.0018784244,0.0274848044,0.9999988079,39.4227,20.3511
000000409211.jpg,0.0010328026,0.0005778670,0.0016629003,0.0388394594,0.9999995232,38.7392,19.5870
000000409268.jpg,0.0024548890,0.0020761490,0.0030729931,0.0271912813,0.9999986291,83.1244,32.4367
000000409358.jpg,0.0011743584,0.0007395744,0.0017642208,0.0785676241,0.9999992251,54.5162,21.5280
000000409424.jpg,0.0023872135,0.0019092560,0.0031511085,0.0947345495,0.9999990463,82.8646,32.3422
000000409475.jpg,0.0009089030,0.0003819466,0.0015729517,0.0216380060,0.9999999404,82.6589,31.8223
000000409542.jpg,0.0014177776,0.0010658503,0.0018705322,0.0213472843,0.9999982715,36.2699,17.8880
000000409630.jpg,0.0024192869,0.0019772053,0.0030861418,0.0182365179,0.9999993443,43.3617,30.5802
000000409867.jpg,0.0012703388,0.0010930300,0.0016015304,0.0151265860,0.9999980330,35.2752,18.5175
000000410221.jpg,0.0003288075,0.0000000000,0.0013568314,0.0441632271,0.9999968410,60.1020,26.3299
000000410428.jpg,0.0013294371,0.0005072653,0.0021944235,0.0292434692,0.9999987483,36.5832,18.2686
000000410456.jpg,0.0013670676,0.0005759001,0.0023518994,0.0258821249,0.9999998212,81.1293,31.5915
000000410487.jpg,0.0013074231,0.0010159016,0.0017702298,0.0235803127,0.9999982119,36.3505,19.0701
000000410496.jpg,0.0011479282,0.0006025285,0.0017459183,0.0376807451,0.9999993443,35.5459,19.9020
000000410510.jpg,0.0014990931,0.0008481741,0.0022568353,0.0402703285,0.9999992251,89.7540,31.4388
000000410612.jpg,0.0009301272,0.0005353540,0.0014654916,0.0109474659,0.9999994040,35.1045,17.2933
000000410650.jpg,0.0012761045,0.0007805824,0.0020008159,0.0453617573,0.9999996424,78.5591,30.4368
000000410712.jpg,0.0011446218,0.0006466210,0.0021033708,0.0735453963,0.9999989271,35.2452,17.7984
000000410735.jpg,0.0017759427,0.0014843941,0.0022845389,0.0404407978,0.9999988079,76.8273,28.7495
000000410878.jpg,0.0009829695,0.0004655719,0.0015918443,0.0263834000,1.0000000000,34.5713,17.6819
000000410880.jpg,0.0015658326,0.0010836124,0.0022353267,0.0180969238,0.9999985695,42.1680,20.8709
000000410934.jpg,0.0016044418,0.0011874437,0.0023401363,0.0647835732,0.9999978542,79.1412,30.3767
000000411530.jpg,0.0012153465,0.0006005764,0.0020037938,0.0398795605,0.9999985099,77.8357,29.1914
000000411665.jpg,0.0022284987,0.0020737648,0.0026487648,0.0312907696,0.9999988079,33.6249,16.1568
000000411754.jpg,0.0021217782,0.0012934208,0.0030856701,0.0181050301,0.9999996424,39.8241,19.2211
000000411774.jpg,0.0016392290,0.0013620853,0.0025006495,0.1158573627,0.9999997020,40.6796,25.5338
000000411817.jpg,0.0019716637,0.0012583733,0.0042875074,0.1077976227,0.9999958873,100.5711,37.2611
000000411938.jpg,0.0011357924,0.0006260276,0.0017953125,0.0440008640,0.9999994040,46.6758,21.7532
000000411953.jpg,0.0009522336,0.0005552769,0.0016999752,0.0965697765,0.9999989271,54.9379,25.6448
000000412240.jpg,0.0010720307,0.0006496906,0.0018533767,0.0196523666,0.9999994040,51.5305,19.8780
000000412286.jpg,0.0011365539,0.0008122921,0.0016285409,0.0225007534,0.9999995232,33.6197,16.0059
000000412362.jpg,0.0023803737,0.0018866062,0.0031043636,0.0481271744,0.9999994636,71.9955,26.9585
000000412531.jpg,0.0012220084,0.0008773804,0.0017854471,0.0328446403,0.9999991655,75.3788,30.0941
000000412887.jpg,0.0025682868,0.0020976067,0.0034907178,0.1028871536,0.9999999404,78.1680,31.1529
000000412894.jpg,0.0011332285,0.0004860163,0.0020479718,0.0493946075,0.9999989867,34.8334,17.9406
000000413247.jpg,0.0018102879,0.0010471344,0.0026801871,0.0335016251,0.9999993443,35.1064,18.0696
000000413395.jpg,0.0015990315,0.0012490749,0.0022365979,0.0239375830,0.9999992847,34.1262,16.1903
000000413404.jpg,0.0010706291,0.0006166101,0.0016557045,0.0334649086,0.9999993443,35.4979,17.2954
000000413552.jpg,0.0028121581,0.0025300980,0.0036416536,0.0277209282,0.9999984503,35.5877,17.3816
000000413689.jpg,0.0013993442,0.0006821156,0.0021496583,0.0347523689,0.9999996424,35.2831,17.7948
000000414034.jpg,0.0014061775,0.0008099079,0.0020416491,0.0288294554,0.9999994040,79.5864,30.5156
000000414133.jpg,0.0010355045,0.0004534721,0.0018309294,0.0682160854,0.9999985695,79.1329,30.4351
000000414170.jpg,0.0014070047,0.0007721186,0.0021013422,0.0126519203,0.9999995828,34.4074,25.1665
000000414261.jpg,0.0015060250,0.0008354187,0.0023918210,0.0211775899,0.9999992847,34.0832,17.9231
000000414340.jpg,0.0007854838,0.0002990961,0.0013492196,0.0179306269,0.9999982119,35.5780,18.4823
000000414385.jpg,0.0007735178,0.0000000000,0.0017799857,0.0347709656,1.0000000000,84.6255,32.3371
000000414510.jpg,0.0019233893,0.0009951591,0.0031477492,0.0302567482,1.0000000000,81.3103,32.0321
000000414638.jpg,0.0023293556,0.0016081333,0.0031558271,0.0262293816,0.9999983907,56.0888,21.4809
000000414673.jpg,0.0012629490,0.0006113648,0.0020843358,0.0487303734,0.9999994636,36.2724,17.7662
000000414676.jpg,0.0008040054,0.0002439022,0.0013719355,0.0257856846,0.9999987483,34.3976,16.4180
000000414795.jpg,0.0017922805,0.0009878874,0.0026431612,0.0306658745,0.9999994040,80.7286,30.9193
000000415194.jpg,0.0024799614,0.0012421608,0.0050639547,0.0504541397,0.9999966025,80.8542,30.9956
000000415238.jpg,0.0013055436,0.0008968115,0.0019918666,0.0323181152,0.9999991059,80.4652,31.0086
000000415536.jpg,0.0010353505,0.0004879981,0.0017048006,0.0666022301,0.9999994636,81.3648,31.0539
000000415716.jpg,0.0018595934,0.0012073517,0.0026787610,0.0354995728,0.9999995232,82.1224,31.1147
000000415727.jpg,0.0024650749,0.0016448498,0.0033463291,0.0463948250,0.9999988675,80.4882,30.9004
000000415741.jpg,0.0013516770,0.0009961128,0.0019112000,0.0305006504,0.9999984503,29.9495,15.8047
000000415748.jpg,0.0016317981,0.0014436245,0.0022020561,0.0416955948,0.9999996424,35.8008,25.4958
000000415882.jpg,0.0013525425,0.0008788109,0.0019575779,0.0203557014,0.9999994636,69.3391,28.2809
000000415990.jpg,0.0008115718,0.0003194809,0.0014168858,0.0106825829,0.9999995828,42.4301,21.2213
000000416104.jpg,0.0013821546,0.0008478165,0.0020416023,0.0313889980,0.9999992847,80.6967,31.1066
000000416170.jpg,0.0012200332,0.0009188652,0.0016382837,0.0152220726,0.9999976754,36.4304,20.7340
000000416256.jpg,0.0014486306,0.0010871887,0.0019546319,0.0214161873,0.9999991059,42.1099,21.7271
000000416269.jpg,0.0010535560,0.0006582737,0.0016482264,0.0310106277,1.0000000000,36.7367,18.4371
000000416330.jpg,0.0023443094,0.0017154217,0.0036945592,0.2357215881,0.9999985695,81.1490,31.3981
000000416343.jpg,0.0018758276,0.0013122559,0.0025365204,0.0286145210,0.9999995828,34.8891,17.7346
000000416451.jpg,0.0010602308,0.0006250143,0.0017768089,0.0871844292,0.9999988675,81.0288,30.7165
000000416534.jpg,0.0020725632,0.0013402700,0.0027867577,0.0222012997,0.9999991059,29.3521,24.1054
000000416745.jpg,0.0026115340,0.0017249584,0.0036575361,0.0333765149,0.9999990463,52.1895,26.4499
000000416758.jpg,0.0014552403,0.0009183884,0.0021020833,0.0376160145,0.9999995232,78.9039,30.7593
000000416837.jpg,0.0008473455,0.0002255440,0.0016229509,0.0197657943,0.9999988079,34.9033,17.0359
000000416885.jpg,0.0018796681,0.0011148453,0.0027171539,0.0353540182,0.9999997616,41.6870,21.0312
000000416991.jpg,0.0015899034,0.0010251999,0.0022627858,0.0105085373,0.9999992847,26.5061,25.0502
000000417043.jpg,0.0018993726,0.0010397434,0.0027869677,0.0273380280,1.0000000000,77.7563,30.7447
000000417085.jpg,0.0007323454,0.0000000000,0.0014261510,0.0228503421,0.9999993443,29.1830,24.9236
000000417249.jpg,0.0023866019,0.0014362335,0.0045331726,0.0354380608,0.9999970198,80.1966,32.0525
000000417285.jpg,0.0015719841,0.0012891293,0.0020261700,0.0250676870,0.9999993443,26.4139,14.1865
000000417465.jpg,0.0011643715,0.0006077290,0.0018431279,0.0417147279,0.9999999404,36.5754,18.9363
000000417608.jpg,0.0016888574,0.0011181831,0.0024040667,0.0254967883,1.0000000000,36.8933,22.2818
000000417632.jpg,0.0016078707,0.0011959076,0.0023623889,0.0492057800,0.9999985695,80.5554,31.0759
000000417779.jpg,0.0013468761,0.0006787777,0.0020963675,0.0312848091,0.9999995828,80.7868,30.9636
000000417876.jpg,0.0015469968,0.0012483597,0.0020169388,0.0428404808,0.9999987483,43.8886,21.5697
000000417911.jpg,0.0010849448,0.0007588267,0.0015393222,0.0208463669,0.9999989271,36.5559,18.2017
000000418062.jpg,0.0016693957,0.0010886192,0.0025162527,0.1633507013,0.9999988675,36.1980,17.4800
000000418281.jpg,0.0011159523,0.0007666349,0.0016328535,0.0166110992,0.9999997616,35.8950,17.8943
000000418696.jpg,0.0008404658,0.0002217293,0.0016310832,0.0253160000,1.0000000000,38.3644,18.1469
000000418959.jpg,0.0013682012,0.0005930662,0.0021398831,0.0165590048,0.9999995828,36.0632,17.8230
000000418961.jpg,0.0019506594,0.0017576218,0.0023716006,0.0221897364,0.9999994636,36.8731,17.9590
000000419096.jpg,0.0011780753,0.0007429123,0.0018118949,0.0257916451,1.0000000000,53.8482,21.3099
000000419098.jpg,0.0026781294,0.0019361675,0.0036470031,0.0439729691,0.9999997020,68.8687,27.5452
000000419201.jpg,0.0008309251,0.0002679825,0.0014567119,0.0182435513,0.9999963641,35.6785,18.0475
000000419312.jpg,0.0030597358,0.0025098324,0.0037901285,0.0185103416,0.9999988675,42.4405,21.1487
000000419379.jpg,0.0019767932,0.0013999939,0.0027139399,0.0445690155,0.9999986291,36.0930,17.4507
000000419408.jpg,0.0011172721,0.0006794930,0.0016566754,0.0210962296,0.9999995828,38.7511,17.9413
000000419601.jpg,0.0011171476,0.0005726814,0.0017477918,0.0180964470,0.9999997020,36.9420,16.6520
000000419653.jpg,0.0024028921,0.0020186305,0.0031956108,0.0731918812,0.9999994040,81.0811,31.1019
000000419882.jpg,0.0011837860,0.0006575584,0.0018309238,0.0354442596,1.0000000000,54.7874,21.1452
000000419974.jpg,0.0015799755,0.0010352135,0.0024742046,0.0791306496,0.9999994040,35.8779,21.2964
000000420069.jpg,0.0009126710,0.0003556609,0.0016219564,0.0623481274,0.9999946356,90.1183,32.1476
000000420230.jpg,0.0018143880,0.0012855951,0.0025966326,0.0364122391,1.0000000000,35.3314,17.4831
000000420281.jpg,0.0012825829,0.0008549690,0.0018260772,0.0390772820,0.9999992847,81.5999,32.2068
000000420472.jpg,0.0008266412,0.0004821122,0.0013301127,0.0235961378,0.9999994040,30.1782,18.0098
000000420840.jpg,0.0020861588,0.0013608932,0.0029697737,0.0294344425,1.0000000000,35.6332,18.3603
000000420916.jpg,0.0008768159,0.0003548265,0.0015751395,0.0344755650,1.0000000000,34.3153,16.3105
000000421060.jpg,0.0009362136,0.0005810261,0.0014510670,0.0432146192,0.9999989271,33.6710,16.4388
000000421455.jpg,0.0019156788,0.0013768673,0.0028548641,0.0554121733,0.9999993443,41.6732,25.7460
000000421757.jpg,0.0011377726,0.0003201216,0.0022268996,0.0201917887,1.0000000000,77.2975,29.8396
000000421834.jpg,0.0010674656,0.0006999969,0.0016366013,0.0301837921,0.9999994636,88.3523,31.0473
000000421923.jpg,0.0015328508,0.0010721087,0.0021302705,0.0195083618,0.9999989271,36.8308,24.9956
000000422670.jpg,0.0024675359,0.0021735430,0.0029922193,0.0271708965,0.9999983311,39.4474,24.4383
000000422706.jpg,0.0017018843,0.0011478364,0.0029937103,0.0351414680,0.9999992847,40.4357,20.3188
000000422836.jpg,0.0013545107,0.0006930828,0.0021845258,0.0569943190,0.9999993443,46.0415,22.7492
000000422886.jpg,0.0011532025,0.0006428659,0.0017546207,0.0189571381,0.9999989867,57.6137,22.6016
000000422998.jpg,0.0018231174,0.0012639761,0.0025576476,0.0432944298,0.9999979734,37.7839,18.5576
000000423104.jpg,0.0014276328,0.0004186630,0.0026610575,0.0194196701,0.9999997616,36.4095,17.6907
000000423123.jpg,0.0017920859,0.0015525818,0.0023655358,0.0468807220,0.9999998212,35.2165,18.3411
000000423229.jpg,0.0012199404,0.0009691715,0.0017013845,0.0513690710,0.9999994040,34.0656,19.9559
000000423506.jpg,0.0013897165,0.0009379387,0.0019759047,0.0234055519,0.9999991655,42.5449,25.3609
000000423519.jpg,0.0013181688,0.0007309914,0.0020457078,0.0367431641,1.0000000000,86.1146,31.6882
000000423617.jpg,0.0021314642,0.0014977455,0.0028892290,0.0266132355,0.9999994040,78.9462,30.3243
000000423798.jpg,0.0006491226,0.0003470182,0.0010564834,0.0157493651,1.0000000000,26.0289,19.7467
000000423944.jpg,0.0014707978,0.0013632774,0.0017525286,0.0304638147,0.9999989271,89.5511,32.8140
000000423971.jpg,0.0018133705,0.0014796257,0.0023180153,0.0293477774,0.9999976754,34.6149,18.0796
000000424135.jpg,0.0021052500,0.0015783310,0.0027510521,0.0226609409,0.9999990463,81.0123,31.4912
000000424162.jpg,0.0014669219,0.0008702278,0.0021809251,0.0551948547,0.9999992847,75.7085,28.7961
000000424349.jpg,0.0015449605,0.0012264252,0.0020643524,0.0331454277,0.9999997020,47.1212,22.9283
000000424521.jpg,0.0007059706,0.0000512451,0.0016739360,0.0404864848,1.0000000000,32.5771,19.0495
000000424545.jpg,0.0019792679,0.0015115738,0.0026088636,0.0246281624,0.9999991655,41.4903,24.7577
000000424551.jpg,0.0017668158,0.0007202625,0.0029456308,0.0166841745,0.9999998808,74.5539,28.5735
000000424642.jpg,0.0013077528,0.0010600090,0.0017054400,0.0174715519,0.9999989867,41.3307,23.1001
000000424721.jpg,0.0019637735,0.0013817549,0.0026818933,0.0228681564,0.9999988079,46.2163,23.2393
000000424776.jpg,0.0008295339,0.0004208088,0.0014815978,0.0306189656,0.9999992847,38.8680,19.2073
000000424975.jpg,0.0011562038,0.0007405281,0.0017998436,0.0427845120,0.9999995232,83.5734,31.8050
000000425221.jpg,0.0017293207,0.0010687113,0.0036390161,0.1796157360,0.9999960065,82.6979,31.8682
000000425226.jpg,0.0013210843,0.0009675026,0.0018348631,0.0237779617,0.9999988079,79.6242,31.5571
000000425227.jpg,0.0004183864,0.0000000000,0.0011217992,0.0336761475,0.9999992847,34.7408,17.4563
000000425361.jpg,0.0021950209,0.0017514229,0.0029347215,0.0522837639,0.9999991059,78.1846,29.6040
000000425390.jpg,0.0016817997,0.0013926029,0.0021239931,0.0247438550,0.9999991059,42.5695,34.3933
000000425702.jpg,0.0010877597,0.0005085468,0.0017864363,0.0179061890,0.9999998212,32.3534,12.8153
000000425906.jpg,0.0012379844,0.0008335859,0.0016766452,0.0541576147,0.9999995232,86.4197,31.4267
000000425925.jpg,0.0005989938,0.0000996590,0.0011982330,0.0459523201,1.0000000000,83.2886,30.1649
000000426166.jpg,0.0011750499,0.0007402897,0.0018419739,0.0309760571,0.9999992847,36.5759,18.1745
000000426203.jpg,0.0010622161,0.0005836487,0.0017119935,0.0280213356,1.0000000000,36.6763,18.8877
000000426241.jpg,0.0013535371,0.0010468960,0.0020989955,0.1163690090,0.9999976158,43.5127,22.3472
000000426253.jpg,0.0017520845,0.0013897419,0.0023001039,0.0445263386,0.9999983311,37.5562,18.5492
000000426268.jpg,0.0011617676,0.0007252693,0.0021006598,0.1026439667,0.9999986291,37.0214,18.3638
000000426297.jpg,0.0022343032,0.0016593933,0.0030721908,0.0619200468,0.9999996424,35.7081,19.0993
000000426329.jpg,0.0017919962,0.0010199547,0.0026052010,0.0442800522,0.9999995232,38.1371,18.2175
000000426372.jpg,0.0019525305,0.0015550852,0.0024956332,0.0248177052,0.9999989271,36.5364,18.7205
000000426376.jpg,0.0020699147,0.0018777847,0.0024640639,0.0279455185,0.9999996424,92.9174,33.2713
000000426795.jpg,0.0012171398,0.0009315014,0.0016921312,0.0434241295,0.9999994040,83.5869,32.8454
000000426836.jpg,0.0008526421,0.0000543594,0.0017492709,0.0180470347,1.0000000000,53.9229,21.1842
000000427034.jpg,0.0020117878,0.0011357665,0.0029741637,0.0262753963,0.9999996424,80.9403,30.8752
000000427055.jpg,0.0014792146,0.0012080669,0.0020598266,0.0402877331,0.9999969006,80.5369,31.2345
000000427077.jpg,0.0014843221,0.0009574890,0.0022666138,0.0498085022,0.9999996424,40.7662,17.4334
000000427160.jpg,0.0008597667,0.0003946126,0.0014868437,0.0289287567,0.9999996424,77.1912,29.3377
000000427256.jpg,0.0014540040,0.0009432435,0.0021127150,0.0335860252,0.9999989271,77.4631,29.2274
000000427338.jpg,0.0014528324,0.0005769730,0.0024285526,0.0576896667,0.9999990463,33.8053,15.9998
000000427500.jpg,0.0013826482,0.0009045601,0.0019653169,0.0157625675,0.9999993443,36.1629,17.3249
000000427649.jpg,0.0008685774,0.0004051030,0.0014582610,0.0163707733,0.9999991059,81.7106,31.8578
000000427655.jpg,0.0013506019,0.0008473694,0.0020796012,0.0526766777,0.9999972582,35.7653,17.6447
000000427997.jpg,0.0014344936,0.0006746650,0.0022152883,0.0361256599,0.9999997020,36.1328,17.6648
000000428111.jpg,0.0009051811,0.0001524687,0.0017381237,0.0231284201,0.9999998808,37.9944,18.3143
000000428218.jpg,0.0017029890,0.0008695126,0.0026276209,0.0361404419,0.9999995828,80.9401,30.9536
000000428280.jpg,0.0013977316,0.0006971359,0.0022412862,0.0279080868,0.9999995232,39.5810,21.1015
000000428454.jpg,0.0009765306,0.0002818108,0.0017606189,0.0230243206,1.0000000000,40.8359,23.1497
000000428562.jpg,0.0015513293,0.0010926723,0.0022522828,0.0694904327,0.9999991059,89.3618,33.6243
000000428867.jpg,0.0018488652,0.0012302399,0.0026164651,0.0217609406,0.9999996424,38.5853,19.7956
000000429011.jpg,0.0016144803,0.0013848543,0.0021295808,0.0370216370,0.9999997020,30.1273,15.3761
000000429109.jpg,0.0016281812,0.0010745525,0.0024881235,0.0712621212,0.9999991655,37.2278,22.7509
000000429281.jpg,0.0017500445,0.0013570786,0.0022876982,0.0261318684,0.9999989271,83.8879,32.8647
000000429530.jpg,0.0013137858,0.0009303689,0.0017941097,0.0272369385,0.9999995232,84.4017,31.9409
000000429598.jpg,0.0013668207,0.0008668900,0.0021590721,0.0311293602,0.9999993443,81.0177,30.9284
000000429623.jpg,0.0015181280,0.0010643005,0.0021087283,0.0395280123,0.9999996424,79.7141,30.7755
000000429690.jpg,0.0020571812,0.0007421970,0.0037458385,0.1498584747,0.9999998212,35.0269,17.7415
000000429718.jpg,0.0008944824,0.0002405643,0.0019128929,0.0487112999,0.9999991059,53.4524,21.2580
000000429761.jpg,0.0016511381,0.0008876324,0.0024571652,0.0325758457,0.9999992847,35.6528,17.4706
000000430048.jpg,0.0013716009,0.0011363029,0.0017375384,0.0106017590,0.9999991655,41.6048,20.3782
000000430056.jpg,0.0016033057,0.0011090636,0.0021885568,0.0194768906,0.9999994636,40.8398,20.6347
000000430073.jpg,0.0014065263,0.0008523464,0.0020420877,0.0303792953,0.9999995828,78.4649,30.1122
000000430286.jpg,0.0020512156,0.0017666817,0.0025354684,0.0195446014,0.9999984503,79.2489,29.9328
000000430377.jpg,0.0014480263,0.0007357597,0.0022335609,0.0269424915,1.0000000000,92.8474,33.1245
000000430871.jpg,0.0012506463,0.0007053129,0.0021380337,0.0585565567,1.0000000000,36.7764,17.4721
000000430875.jpg,0.0000804217,0.0000000000,0.0005314259,0.0381597281,0.9999985695,42.3470,21.2072
000000430961.jpg,0.0008472541,0.0004428625,0.0013236227,0.0193233490,0.9999992847,36.9413,18.7960
000000430973.jpg,0.0017822965,0.0012931824,0.0023629782,0.0224113464,0.9999992847,80.8953,30.8783
000000431140.jpg,0.0015776375,0.0010132194,0.0022661674,0.0851120949,0.9999994040,79.6711,30.9463
000000431545.jpg,0.0013725054,0.0008955002,0.0019341668,0.0199432373,0.9999995828,37.1247,19.4792
000000431568.jpg,0.0028205316,0.0020589828,0.0036542257,0.0342483521,0.9999993443,37.9032,23.1813
000000431693.jpg,0.0016322455,0.0008860826,0.0023782875,0.0191235542,0.9999995828,38.6587,18.7806
000000431727.jpg,0.0007791562,0.0002847910,0.0014346711,0.0285446346,0.9999972582,36.7940,25.5084
000000431848.jpg,0.0016791859,0.0011754036,0.0022235762,0.0237486362,0.9999997616,31.2968,15.9875
000000431876.jpg,0.0011812408,0.0008554459,0.0016331205,0.0316250324,0.9999994040,36.7437,18.0441
000000431896.jpg,0.0008499369,0.0004889965,0.0013976687,0.0259687304,0.9999960065,36.5908,19.0619
000000432085.jpg,0.0010765560,0.0007636547,0.0014949426,0.0262190104,0.9999991655,43.6883,21.9472
000000432468.jpg,0.0025694754,0.0022027493,0.0033131891,0.0280552506,0.9999951124,35.7366,18.6861
000000432553.jpg,0.0019121732,0.0015193224,0.0025596495,0.0277638435,0.9999996424,35.7415,17.7749
000000432898.jpg,0.0006875956,0.0000000000,0.0014086919,0.0243926048,0.9999998808,53.1071,25.9628
000000433103.jpg,0.0018480147,0.0011832714,0.0026442653,0.0325098038,0.9999995232,34.9426,17.6035
000000433134.jpg,0.0011984820,0.0007350445,0.0018432968,0.0342626572,0.9999994040,79.8760,30.7333
000000433192.jpg,0.0023589747,0.0012676716,0.0035988402,0.0554409027,0.9999986887,43.1741,21.0849
000000433204.jpg,0.0011858223,0.0004870892,0.0022074585,0.0333437920,1.0000000000,79.9913,30.8369
000000433243.jpg,0.0013675417,0.0006693602,0.0023884075,0.0328848958,0.9999992847,36.8599,24.2403
000000433374.jpg,0.0017653190,0.0008769035,0.0027230082,0.0178222656,0.9999998808,34.8357,17.8970
000000433515.jpg,0.0012989490,0.0002612472,0.0024551798,0.0235376358,1.0000000000,79.7096,31.1190
000000433774.jpg,0.0012362187,0.0008211136,0.0018516204,0.0404195786,0.9999993443,35.1117,17.8255
000000433915.jpg,0.0033675623,0.0034089088,0.0036426946,0.0080395937,0.9999944568,80.3284,30.4975
000000433980.jpg,0.0014775159,0.0012044907,0.0019395699,0.0278465748,0.9999988675,41.8338,21.1036
000000434204.jpg,0.0014822006,0.0009031296,0.0021478897,0.0339486599,0.9999993443,35.2126,18.0149
000000434230.jpg,0.0018626060,0.0013740063,0.0025374745,0.0417717695,0.9999991059,34.6284,16.2496
000000434247.jpg,0.0007224511,0.0000948906,0.0013509169,0.0191956758,1.0000000000,80.5564,30.8794
000000434297.jpg,0.0016622961,0.0012440085,0.0022015036,0.0164555311,0.9999997616,79.9755,31.2284
000000434459.jpg,0.0019050298,0.0014426410,0.0025186962,0.0755373240,0.9999992847,91.0483,32.5996
000000434479.jpg,0.0029091504,0.0021584034,0.0038072844,0.0323349833,0.9999977946,35.2827,18.4645
000000434548.jpg,0.0011347282,0.0004655123,0.0018577405,0.0247287750,1.0000000000,82.8995,31.4286
000000434996.jpg,0.0019733082,0.0014638901,0.0026248216,0.0180130005,0.9999991059,44.4132,21.4631
000000435003.jpg,0.0023644657,0.0011563301,0.0045040795,0.2563080788,0.9999967813,36.8517,23.0964
000000435081.jpg,0.0018416534,0.0013520718,0.0025449870,0.0156164169,0.9999982715,54.0659,26.7966
000000435205.jpg,0.0019057720,0.0015609264,0.0025965422,0.0315287113,0.9999999404,35.6280,18.5686
000000435206.jpg,0.0009751787,0.0004999638,0.0015626188,0.0126020908,1.0000000000,36.4597,18.4888
000000435208.jpg,0.0018001558,0.0009752512,0.0026354953,0.0233871937,0.9999996424,82.5107,32.2755
000000435299.jpg,0.0015742955,0.0010397434,0.0022207110,0.0185265541,0.9999990463,81.9289,31.3625
000000435880.jpg,0.0014190432,0.0011122227,0.0018733714,0.0194756985,0.9999988675,80.9810,31.3454
000000436315.jpg,0.0030606503,0.0025672913,0.0040743165,0.1932284832,0.9999985695,84.4307,32.4987
000000436551.jpg,0.0012944195,0.0006635189,0.0019852305,0.0372669697,0.9999995232,93.2392,32.9459
000000436617.jpg,0.0019338698,0.0011467934,0.0029269042,0.1087353230,0.9999989867,35.1618,18.6594
000000436738.jpg,0.0007297687,0.0002270341,0.0016562957,0.0718328953,0.9999985099,55.0233,25.7574
000000436883.jpg,0.0021142417,0.0015974045,0.0028730948,0.0485730171,0.9999991655,34.7335,16.8792
000000437110.jpg,0.0006143869,0.0000934601,0.0012798666,0.0188285112,0.9999963641,82.9095,32.3780
000000437205.jpg,0.0018930297,0.0013823509,0.0025921608,0.0325477123,0.9999990463,31.7498,15.0659
000000437239.jpg,0.0013150263,0.0007002354,0.0021020819,0.0296902657,1.0000000000,35.9271,17.8436
000000437331.jpg,0.0014191043,0.0008456707,0.0020924360,0.0196169615,0.9999994636,35.5974,18.5369
000000437351.jpg,0.0017034753,0.0012319088,0.0023860461,0.0444083214,0.9999971986,46.0514,22.0222
000000437392.jpg,0.0017641847,0.0012397766,0.0024045056,0.0453672409,0.9999983311,84.2917,32.2622
000000437514.jpg,0.0016573734,0.0011165142,0.0023718318,0.0961713791,0.9999990463,68.3764,27.0467
000000437898.jpg,0.0010759863,0.0006802082,0.0016761638,0.0459427834,0.9999997020,34.7742,17.1638
000000438017.jpg,0.0021624072,0.0000034031,0.0057371939,0.0815379620,0.9999987483,79.7298,31.6313
000000438226.jpg,0.0021886649,0.0015507340,0.0029497582,0.0636708736,0.9999991059,47.3461,11.8448
000000438269.jpg,0.0007020133,0.0003066063,0.0012375079,0.0438873470,0.9999995828,35.6352,18.3068
000000438304.jpg,0.0035861344,0.0023754835,0.0049258326,0.0902766585,0.9999966025,88.4446,32.2083
000000438774.jpg,0.0013737276,0.0009739399,0.0020164754,0.0623791814,0.9999994636,36.5428,17.5779
000000438862.jpg,0.0013503535,0.0007922649,0.0021502967,0.0524190068,0.9999981523,35.6937,17.5119
000000438876.jpg,0.0014254055,0.0013055801,0.0017809726,0.0360593796,0.9999991655,34.7376,17.9991
000000438907.jpg,0.0012744034,0.0009112358,0.0018113944,0.0456552505,0.9999989271,91.0789,33.8111
000000438955.jpg,0.0022360506,0.0013068914,0.0035662251,0.0284010172,1.0000000000,26.8547,13.5312
000000439180.jpg,0.0010015109,0.0005605221,0.0015054657,0.0252618790,0.9999994636,31.5453,15.2411
000000439290.jpg,0.0011717633,0.0008065701,0.0018003015,0.0432496071,0.9999988079,36.4993,18.3159
000000439426.jpg,0.0017715020,0.0011062622,0.0025999101,0.0455081463,0.9999995232,83.2508,32.4337
000000439522.jpg,0.0016415701,0.0011639595,0.0024172724,0.0258751512,0.9999990463,39.3226,18.7101
000000439525.jpg,0.0014333396,0.0010625124,0.0020528301,0.0343141556,0.9999986291,91.6119,32.9750
000000439593.jpg,0.0017699166,0.0010399818,0.0110659711,1.0639462471,0.9999797940,78.6640,30.1912
000000439623.jpg,0.0011938914,0.0006767511,0.0018253293,0.0322446823,0.9999992847,78.9770,30.9683
000000439715.jpg,0.0012213022,0.0005940199,0.0027202165,0.0637989044,0.9999997020,91.0268,34.7154
000000439773.jpg,0.0020554252,0.0015053749,0.0027080795,0.0293602943,0.9999992251,88.4010,32.7484
000000439854.jpg,0.0006941471,0.0000547171,0.0013179831,0.0299329758,0.9999991655,38.3070,21.3106
000000439994.jpg,0.0012161048,0.0007217526,0.0019359154,0.0522975922,0.9999997020,37.1519,19.3564
000000440171.jpg,0.0012589461,0.0008122548,0.0019388722,0.0425778627,1.0000000000,34.7677,16.6919
000000440184.jpg,0.0011567326,0.0006127357,0.0017593991,0.0276784897,0.9999995828,36.6942,17.8287
000000440336.jpg,0.0008024048,0.0001484752,0.0015108159,0.0240983963,0.9999999404,36.2284,21.8582
000000440475.jpg,0.0015130171,0.0008175373,0.0023636899,0.0634565353,0.9999992847,34.8295,18.6430
000000440507.jpg,0.0014865504,0.0012092590,0.0019129337,0.0141030550,0.9999986887,42.0832,20.6842
000000440508.jpg,0.0007657390,0.0004415512,0.0012631585,0.0275793076,0.9999973774,35.0757,17.6111
000000440617.jpg,0.0012148716,0.0005419850,0.0021266083,0.0601706505,0.9999988079,79.5316,30.1745
000000441247.jpg,0.0014566687,0.0008338392,0.0023080199,0.0311652422,0.9999993443,34.7371,17.5039
000000441286.jpg,0.0012063941,0.0008468628,0.0017325956,0.0322180986,0.9999975562,77.4591,29.1687
000000441442.jpg,0.0012461761,0.0004873276,0.0020506361,0.0286676884,0.9999998808,37.3194,17.3724
000000441468.jpg,0.0012107666,0.0007932186,0.0017783161,0.0253038406,1.0000000000,34.6851,17.9153
000000441491.jpg,0.0017708751,0.0013432503,0.0028718240,0.1313498020,0.9999973178,78.4287,30.6261
000000441543.jpg,0.0017966875,0.0013446808,0.0024810832,0.0401706696,0.9999994636,33.7694,25.0870
000000441553.jpg,0.0015085586,0.0008139610,0.0025114808,0.0662094355,0.9999970794,77.8747,30.0875
000000441586.jpg,0.0012617735,0.0007067919,0.0020414873,0.0728617907,0.9999973774,35.4007,17.5842
000000442009.jpg,0.0015745526,0.0013301373,0.0019404319,0.0224106312,0.9999991655,34.9623,17.5747
000000442161.jpg,0.0015320720,0.0009772182,0.0025111905,0.0755422115,0.9999994040,42.1015,21.0133
000000442306.jpg,0.0011779373,0.0008466244,0.0016449253,0.0467433929,0.9999990463,53.2652,21.0418
000000442323.jpg,0.0013003657,0.0009322166,0.0019208119,0.0227217674,0.9999989867,79.3557,30.4110
000000442456.jpg,0.0026881110,0.0024337769,0.0033618645,0.0478229523,0.9999996424,30.3013,18.2654
000000442463.jpg,0.0013790035,0.0005136430,0.0024523332,0.0272471905,1.0000000000,102.2144,38.1336
000000442480.jpg,0.0008539749,0.0002195835,0.0015760768,0.0342045426,0.9999963045,46.1634,21.8181
000000442661.jpg,0.0013265215,0.0006932020,0.0020071066,0.0341524780,0.9999979138,100.4113,35.9968
000000442746.jpg,0.0013533611,0.0007996559,0.0020041591,0.0315663815,0.9999996424,41.7692,19.2236
000000442822.jpg,0.0011334894,0.0006408691,0.0017229950,0.0264129639,1.0000000000,33.1054,25.6195
000000442836.jpg,0.0013232762,0.0006922483,0.0020896771,0.0270098448,0.9999994636,81.0383,28.9826
000000442993.jpg,0.0011102345,0.0006554127,0.0018146922,0.0246901512,1.0000000000,34.1550,16.2722
000000443303.jpg,0.0029638014,0.0026211739,0.0037994906,0.0420219898,0.9999994636,40.6556,19.1532
000000443426.jpg,0.0013985778,0.0005044937,0.0024396288,0.0785236359,0.9999997616,74.2233,28.9697
000000443498.jpg,0.0016371142,0.0008096695,0.0035943792,0.2102349997,0.9999985695,73.7822,28.2422
000000443844.jpg,0.0016921235,0.0013988018,0.0021283340,0.0125460625,0.9999992251,38.8033,15.5176
000000443969.jpg,0.0014407833,0.0010180473,0.0020388307,0.0343319774,0.9999988079,50.4965,19.1763
000000444142.jpg,0.0013071909,0.0007300377,0.0020064982,0.0325785875,0.9999997020,34.8017,17.8082
000000444275.jpg,0.0021274309,0.0013618469,0.0031511683,0.0189046860,0.9999990463,78.4289,29.7784
000000444879.jpg,0.0010984141,0.0002522469,0.0022156830,0.0776840150,1.0000000000,91.1428,36.7524
000000445248.jpg,0.0014513857,0.0010138154,0.0020730593,0.0452475548,0.9999998808,42.0601,21.6621
000000445365.jpg,0.0010654613,0.0005421638,0.0017067522,0.0198788643,1.0000000000,40.6543,25.9020
000000445439.jpg,0.0018514534,0.0012655258,0.0026113042,0.0471439362,0.9999992847,37.8490,24.6010
000000445602.jpg,0.0014674258,0.0005965829,0.0024646777,0.0247406960,1.0000000000,88.9633,33.2821
000000445658.jpg,0.0011052777,0.0008722544,0.0014345234,0.0167505741,0.9999988675,36.4293,19.0823
000000445675.jpg,0.0009936356,0.0003216267,0.0017607644,0.0307191610,0.9999997616,84.8220,32.4420
000000445722.jpg,0.0027534985,0.0014257431,0.0043257237,0.0355372429,0.9999976158,33.5496,16.3570
000000445792.jpg,0.0017627610,0.0012638569,0.0024270981,0.0269944668,0.9999992847,43.3913,20.8320
000000445834.jpg,0.0015513821,0.0011084080,0.0027945065,0.1704337597,0.9999965429,35.4990,17.2133
000000445846.jpg,0.0009209856,0.0006570220,0.0015385766,0.0634143353,0.9999996424,35.2449,17.2207
000000445999.jpg,0.0010831294,0.0007896423,0.0015544182,0.0239472389,0.9999997020,33.8865,15.9449
000000446005.jpg,0.0011055177,0.0007197857,0.0019906580,0.0220761299,0.9999971986,35.0655,24.0622
000000446117.jpg,0.0036784953,0.0029957294,0.0045835124,0.0552680492,0.9999995828,34.1127,17.9213
000000446206.jpg,0.0008671375,0.0004723072,0.0013928186,0.0414878130,0.9999997020,29.9212,16.0608
000000446207.jpg,0.0017038183,0.0013380051,0.0022255094,0.0348737240,0.9999989867,89.1034,35.5638
000000446522.jpg,0.0010339981,0.0008419752,0.0013615722,0.0164685249,0.9999991059,91.8006,34.3990
000000446574.jpg,0.0010238410,0.0008787513,0.0012873583,0.0250440836,0.9999991655,39.6179,18.8505
000000446651.jpg,0.0013157644,0.0005236268,0.0025764783,0.1310005188,0.9999973178,37.7302,19.6699
000000446703.jpg,0.0014729272,0.0011732578,0.0019042701,0.0207068920,0.9999979138,36.8491,18.5575
000000447088.jpg,0.0015484901,0.0009520054,0.0022470397,0.0215985775,0.9999993443,36.5134,18.3073
000000447169.jpg,0.0014928655,0.0009686947,0.0026150448,0.0428214073,0.9999986291,81.3604,30.9946
000000447187.jpg,0.0011574278,0.0004591644,0.0018961541,0.0279862881,0.9999996424,81.3374,30.5614
000000447200.jpg,0.0011986330,0.0008037090,0.0018569598,0.0746431351,0.9999989271,79.2562,30.7274
000000447313.jpg,0.0016306367,0.0012055635,0.0021649613,0.0375502110,0.9999998212,78.9308,30.7954
000000447314.jpg,0.0005555393,0.0000000000,0.0013711987,0.0316972733,1.0000000000,93.2527,32.9902
000000447342.jpg,0.0008760601,0.0006749630,0.0013585038,0.0449894667,0.9999999404,34.0367,15.9686
000000447465.jpg,0.0015502126,0.0012807846,0.0021513798,0.0349359512,0.9999988079,35.8540,17.5831
000000447522.jpg,0.0026399312,0.0021605492,0.0033410089,0.0186452866,0.9999994040,80.1038,30.7909
000000447611.jpg,0.0016891416,0.0011630058,0.0023113540,0.0488321781,0.9999995828,35.6876,18.1686
000000447789.jpg,0.0012506715,0.0008959770,0.0017627958,0.0224475861,0.9999988675,36.6203,17.7664
000000447917.jpg,0.0012872585,0.0009071827,0.0018273760,0.0323817730,0.9999995232,30.0732,15.1341
000000448076.jpg,0.0014758863,0.0008099079,0.0022130227,0.0465276241,0.9999995232,80.1369,31.1548
000000448256.jpg,0.0013613831,0.0007941723,0.0020611463,0.0252809227,0.9999998212,35.8198,17.5116
000000448263.jpg,0.0011779245,0.0009457469,0.0015740381,0.0232034922,0.9999994040,42.5743,21.9928
000000448365.jpg,0.0005365458,0.0000009495,0.0011312116,0.0441722870,0.9999997616,35.6357,17.6843
000000448410.jpg,0.0021906577,0.0015463829,0.0029308046,0.0245268345,0.9999992847,92.6051,32.5784
000000448448.jpg,0.0013328093,0.0009081364,0.0019514420,0.0341095626,1.0000000000,81.2424,31.3844
000000448810.jpg,0.0010108219,0.0005965829,0.0016234985,0.0382143259,0.9999994040,42.3633,21.2923
000000449190.jpg,0.0022310498,0.0019757748,0.0026652520,0.0240349174,0.9999986887,30.4341,15.6321
000000449198.jpg,0.0013866653,0.0011036396,0.0019043101,0.0216426849,0.9999992847,35.8396,18.1191
000000449312.jpg,0.0014285520,0.0009810925,0.0021424727,0.0417318344,1.0000000000,63.2610,26.7854
000000449406.jpg,0.0010647044,0.0006154180,0.0017427102,0.0431685448,0.9999989867,35.3199,17.8059
000000449432.jpg,0.0014252919,0.0008015633,0.0022672743,0.0453503728,1.0000000000,35.8405,20.3230
000000449579.jpg,0.0012449888,0.0006861687,0.0019379180,0.0238955021,0.9999990463,35.4242,18.3667
000000449603.jpg,0.0012992714,0.0006773472,0.0020861572,0.0167136192,0.9999994040,36.4672,17.6218
000000449661.jpg,0.0013792992,0.0010523796,0.0018652115,0.0148174763,0.9999889731,30.7258,11.6710
000000449909.jpg,0.0010238211,0.0007445216,0.0015269940,0.0192424059,0.9999996424,33.4847,17.7443
000000449996.jpg,0.0005653169,0.0000000000,0.0013473234,0.0779516697,0.9999993443,34.8412,17.8989
000000450075.jpg,0.0011925829,0.0007300377,0.0017423257,0.0398149490,0.9999993443,78.6305,30.2653
000000450100.jpg,0.0025077020,0.0019176006,0.0032492240,0.0287104845,0.9999997020,89.5250,36.0170
000000450202.jpg,0.0021483465,0.0015034676,0.0029399048,0.0322670937,0.9999998212,46.6052,23.6309
000000450303.jpg,0.0019318188,0.0006879568,0.0035919989,0.0414237976,0.9999993443,85.9678,32.6911
000000450399.jpg,0.0014988383,0.0010554790,0.0021509801,0.0343291759,0.9999993443,82.9481,31.2619
000000450439.jpg,0.0002915971,0.0000000000,0.0008750900,0.0278419256,0.9999970198,30.4932,13.2844
000000450488.jpg,0.0016271023,0.0010882616,0.0022602773,0.0236546993,0.9999996424,35.6339,25.2342
000000450559.jpg,0.0011915874,0.0007290840,0.0017630747,0.0392651558,0.9999996424,36.0183,18.1790
000000450686.jpg,0.0010307886,0.0007236004,0.0014996763,0.0214112997,0.9999995232,79.5284,30.4643
000000450758.jpg,0.0010231673,0.0003559589,0.0018496313,0.0201427937,0.9999998212,80.2743,31.6252
000000451043.jpg,0.0009711595,0.0003995895,0.0016208993,0.0156805515,0.9999987483,36.2323,18.4958
000000451084.jpg,0.0008439745,0.0004402399,0.0013875581,0.0494539738,1.0000000000,37.2134,17.6680
000000451090.jpg,0.0008576991,0.0002945662,0.0014914015,0.0163252354,0.9999963641,35.2099,18.3972
000000451144.jpg,0.0007637260,0.0000709668,0.0016347790,0.0326182842,1.0000000000,81.5710,31.2579
000000451150.jpg,0.0012250534,0.0008642673,0.0017016942,0.0232628584,0.9999986887,82.1021,32.3366
000000451155.jpg,0.0044173612,0.0029063225,0.0066323332,0.0678911209,0.9999908209,81.4558,31.3324
000000451308.jpg,0.0018150737,0.0015292168,0.0023420395,0.0533087254,0.9999976754,95.5979,33.7449
000000451435.jpg,0.0012330696,0.0007077456,0.0018716720,0.0219178200,0.9999994040,32.6516,15.0330
000000451571.jpg,0.0024240853,0.0017232895,0.0033961337,0.0355129242,0.9999988675,81.7105,31.8199
000000451693.jpg,0.0027554682,0.0022320747,0.0034193227,0.0169515610,0.9999994040,81.4489,31.9813
000000451714.jpg,0.0017750665,0.0008897781,0.0027028676,0.0323275328,0.9999976158,81.7805,32.0962
000000451879.jpg,0.0013359851,0.0008368492,0.0020057480,0.0285353661,0.9999998212,49.0861,22.8126
000000452084.jpg,0.0025071558,0.0019409657,0.0035266895,0.1880679131,0.9999976158,54.9400,20.7315
000000452122.jpg,0.0001401965,0.0000000000,0.0004843829,0.0240017772,0.9999994636,35.2840,17.7660
000000452321.jpg,0.0010935382,0.0004627705,0.0018392494,0.0499869585,0.9999985695,79.2921,30.6353
000000452515.jpg,0.0014396576,0.0007613301,0.0022887513,0.0606179237,0.9999993443,22.8384,13.9668
000000452784.jpg,0.0028468093,0.0021725297,0.0037229178,0.0654113293,0.9999994040,81.8905,32.4156
000000452793.jpg,0.0020393005,0.0011091232,0.0036450925,0.0429639816,0.9999988079,35.4942,17.4916
000000452891.jpg,0.0012831241,0.0009168386,0.0017710710,0.0366673470,0.9999992251,82.9293,32.0786
000000453001.jpg,0.0020621321,0.0013468266,0.0029115898,0.0191794634,0.9999988079,80.7346,31.2763
000000453040.jpg,0.0016502723,0.0010490417,0.0024708058,0.0286081433,1.0000000000,81.6909,32.1990
000000453166.jpg,0.0008920099,0.0006000996,0.0012831517,0.0265080929,0.9999987483,37.0976,18.4136
000000453302.jpg,0.0012179286,0.0009124279,0.0016298633,0.0192966461,0.9999993443,43.6662,21.8106
000000453341.jpg,0.0020119380,0.0015287399,0.0026638268,0.0320360661,0.9999991655,81.6790,31.7362
000000453584.jpg,0.0012986449,0.0008364916,0.0019501316,0.0397266150,0.9999992847,81.0553,31.5952
000000453634.jpg,0.0029725551,0.0021209717,0.0039415183,0.0380308628,0.9999985099,82.7055,32.3320
000000453708.jpg,0.0014738766,0.0008859634,0.0023149340,0.0585815907,0.9999996424,35.9690,17.8309
000000453722.jpg,0.0013712023,0.0006918907,0.0021830236,0.0319480896,0.9999995828,35.9925,18.2727
000000453841.jpg,0.0011404542,0.0006256104,0.0019866442,0.0640155077,0.9999962449,35.7808,18.0747
000000453860.jpg,0.0015029112,0.0010018349,0.0026307518,0.2170026302,0.9999985695,36.5112,17.9404
000000453981.jpg,0.0028330830,0.0024489164,0.0033014342,0.0174238682,0.9999995232,36.2995,18.1852
000000454067.jpg,0.0013954943,0.0010778904,0.0018464020,0.0302813053,0.9999995232,45.5768,24.4743
000000454404.jpg,0.0027373568,0.0010178089,0.0047038272,0.1206066608,0.9999992251,75.8127,28.9122
000000454661.jpg,0.0030047239,0.0014971495,0.0051110191,0.1085462570,0.9999997020,37.4553,17.8485
000000454750.jpg,0.0010589951,0.0004677773,0.0018851109,0.0422414541,0.9999991059,35.7989,17.9936
000000454798.jpg,0.0010970457,0.0006020069,0.0016706929,0.0385141373,0.9999996424,35.1105,17.7275
000000454978.jpg,0.0012365272,0.0008232594,0.0017827871,0.0247889087,0.9999997616,33.8019,18.5331
000000455085.jpg,0.0019994278,0.0013071299,0.0028000197,0.0367627740,0.9999998808,35.0295,17.1958
000000455157.jpg,0.0014702653,0.0009553432,0.0020980886,0.0395193100,0.9999993443,53.8443,23.9665
000000455219.jpg,0.0013441807,0.0007544756,0.0020055207,0.0252656937,0.9999994040,36.2123,18.2448
000000455267.jpg,0.0028096489,0.0025832653,0.0034467084,0.0631587505,0.9999988079,79.2174,30.4807
000000455301.jpg,0.0020980118,0.0015413761,0.0029368193,0.0300092697,0.9999994040,79.5736,32.9418
000000455352.jpg,0.0007591310,0.0001533031,0.0013112515,0.0309811831,1.0000000000,89.0492,34.3839
000000455448.jpg,0.0014279397,0.0007963181,0.0022369451,0.0189766288,0.9999974966,95.1627,35.5584
000000455555.jpg,0.0016783649,0.0009818077,0.0024061832,0.0357408524,0.9999994636,75.1065,30.1866
000000455597.jpg,0.0023731915,0.0016905665,0.0032582737,0.0392317772,0.9999991655,96.4052,33.2773
000000455624.jpg,0.0010170991,0.0004582405,0.0016986191,0.0213665962,0.9999964237,38.3072,19.2911
000000455716.jpg,0.0013645055,0.0008947849,0.0021528539,0.0570027828,0.9999997616,36.8964,18.4771
000000455872.jpg,0.0007360990,0.0001850128,0.0014090065,0.0532007515,0.9999983311,44.2032,22.0572
000000455937.jpg,0.0016426631,0.0010635853,0.0025050910,0.0705757141,0.9999995828,81.1864,30.8764
000000455981.jpg,0.0017602575,0.0016086102,0.0021449784,0.0450739861,0.9999991059,81.3035,31.9368
000000456015.jpg,0.0013609044,0.0008380413,0.0020722146,0.0255429745,1.0000000000,35.3396,24.2464
000000456143.jpg,0.0026341784,0.0017502308,0.0035393056,0.0258688927,0.9999994636,28.9168,15.6012
000000456292.jpg,0.0017226194,0.0010294914,0.0025521112,0.0151658058,0.9999988079,80.6089,31.9933
000000456303.jpg,0.0011771419,0.0005852580,0.0019906997,0.0504139662,0.9999994636,33.8919,16.6703
000000456394.jpg,0.0019134214,0.0013899803,0.0026700080,0.0350885391,0.9999992251,45.1922,24.7760
000000456496.jpg,0.0019828097,0.0012733638,0.0028154543,0.0282371044,0.9999979734,35.4097,17.8412
000000456559.jpg,0.0016042559,0.0011700392,0.0021622167,0.0269823074,0.9999991059,81.3240,30.9522
000000456662.jpg,0.0010823257,0.0007256269,0.0019117120,0.0554561615,0.9999997020,55.5769,21.2144
000000456865.jpg,0.0009061995,0.0000000000,0.0018763141,0.0253226757,0.9999973178,35.9497,18.4428
000000457078.jpg,0.0011809949,0.0008431673,0.0017093521,0.0381772518,0.9999995232,80.6610,30.4379
000000457262.jpg,0.0012074185,0.0009058714,0.0016764458,0.0318158865,0.9999989867,52.9766,20.6329
000000457559.jpg,0.0013020652,0.0006649494,0.0020875139,0.0751136541,0.9999997020,34.9902,24.2488
000000457848.jpg,0.0018673814,0.0010515451,0.0028005983,0.0331368446,0.9999983907,34.1145,17.2646
000000457884.jpg,0.0013747002,0.0006944537,0.0020900043,0.0269489288,0.9999998212,87.2596,30.7190
000000458045.jpg,0.0013072609,0.0007820725,0.0019460049,0.0199668407,0.9999995232,46.5912,23.6480
000000458054.jpg,0.0020675906,0.0010068417,0.0031737788,0.0237231255,1.0000000000,38.9841,20.3643
000000458109.jpg,0.0015610970,0.0013215542,0.0019738553,0.0113878250,0.9999995232,87.6690,32.7928
000000458223.jpg,0.0008301152,0.0001894236,0.0015718590,0.0287129879,1.0000000000,29.0014,15.1190
000000458255.jpg,0.0016165088,0.0009180307,0.0024025408,0.0172237754,0.9999997020,36.8913,19.3083
000000458325.jpg,0.0014134942,0.0008599758,0.0020888981,0.0525076389,0.9999995828,37.4036,19.6022
000000458410.jpg,0.0013038538,0.0006893873,0.0020201013,0.0403437614,0.9999992251,83.7228,32.6280
000000458663.jpg,0.0015339080,0.0009665489,0.0021917059,0.0271458626,0.9999990463,51.2859,23.5018
000000458702.jpg,0.0007718574,0.0003061295,0.0015336404,0.0428020954,0.9999990463,34.0909,18.2236
000000458755.jpg,0.0018820127,0.0014915466,0.0025177351,0.0491685867,0.9999992847,79.8833,31.1813
000000458768.jpg,0.0019050107,0.0013448596,0.0026568233,0.0387792587,1.0000000000,42.5980,17.6389
000000458790.jpg,0.0056650871,0.0056543350,0.0061142882,0.0274918079,0.9999987483,42.0996,20.8697
000000458992.jpg,0.0012438357,0.0008487701,0.0017642163,0.0571309328,0.9999997020,78.5250,31.0766
000000459153.jpg,0.0014619890,0.0009623766,0.0020783634,0.0220787525,0.9999995828,34.6242,17.0831
000000459195.jpg,0.0012629462,0.0008773804,0.0017668426,0.0280088186,0.9999997616,43.9697,20.5675
000000459272.jpg,0.0015316347,0.0007829666,0.0025990224,0.0840095282,1.0000000000,79.4684,31.0353
000000459396.jpg,0.0012563783,0.0007629395,0.0019065496,0.0251642466,0.9999997020,63.4814,24.1872
000000459437.jpg,0.0014400625,0.0007991791,0.0022183459,0.0505311489,0.9999997020,40.1685,20.8989
000000459467.jpg,0.0008693264,0.0001820773,0.0017469623,0.0294362903,0.9999991059,37.5334,17.5869
000000459500.jpg,0.0005819712,0.0001080297,0.0013269546,0.0543125868,0.9999984503,44.6599,23.4258
000000459634.jpg,0.0009031127,0.0001912117,0.0018269529,0.0205020905,1.0000000000,71.9436,28.4896
000000459662.jpg,0.0019839313,0.0015172958,0.0027025521,0.0854196548,0.9999986887,82.9704,31.5666
000000459757.jpg,0.0019501003,0.0010899901,0.0027783208,0.0279891491,0.9999997616,80.3259,30.5893
000000459809.jpg,0.0001864543,0.0000000000,0.0006629459,0.0208159685,0.9999989271,35.7683,17.5333
000000459887.jpg,0.0030768430,0.0025949478,0.0038179657,0.0457897186,0.9999951124,80.0042,31.4480
000000459954.jpg,0.0019915930,0.0011579990,0.0029654312,0.0233407021,0.9999991655,41.8151,20.7449
000000460147.jpg,0.0012977415,0.0008091927,0.0019245113,0.0432391465,0.9999999404,35.5839,17.9145
000000460160.jpg,0.0011735322,0.0006915331,0.0017066395,0.0203294754,0.9999996424,79.7952,30.5196
000000460229.jpg,0.0014223856,0.0008558929,0.0021914644,0.0430317521,1.0000000000,31.7697,15.8419
000000460333.jpg,0.0009595740,0.0005980730,0.0014877635,0.0714735985,0.9999996424,79.9081,30.8940
000000460347.jpg,0.0019289410,0.0012316704,0.0028457465,0.0173196793,0.9999994040,34.8069,17.3405
000000460379.jpg,0.0015412408,0.0012354851,0.0020073957,0.0182551146,0.9999998212,35.2480,16.6673
000000460494.jpg,0.0020003351,0.0014173985,0.0026922005,0.0329389572,0.9999995828,33.7154,16.6497
000000460682.jpg,0.0009293748,0.0005143881,0.0014916481,0.0221974850,0.9999985099,29.2181,12.7559
000000460683.jpg,0.0014096719,0.0010528564,0.0020007843,0.0538276434,0.9999990463,75.7895,28.7379
000000460841.jpg,0.0016981164,0.0012011528,0.0023423973,0.0245988369,0.9999992251,40.0682,18.9735
000000460927.jpg,0.0009357918,0.0004053116,0.0016846099,0.0430420935,0.9999974966,27.9991,13.7673
000000460929.jpg,0.0024821861,0.0017309189,0.0033131770,0.0337889194,0.9999992251,74.4842,29.2601
000000460967.jpg,0.0012575003,0.0006091595,0.0019980972,0.0376642942,0.9999995232,56.0427,24.2255
000000461009.jpg,0.0011532761,0.0004973412,0.0018837240,0.0549161434,0.9999998212,52.0154,27.1011
000000461036.jpg,0.0019052512,0.0012883544,0.0026874826,0.0364406109,0.9999989271,34.8745,17.2721
000000461275.jpg,0.0009719611,0.0006837845,0.0014061456,0.0228517130,0.9999991655,35.0421,19.8978
000000461405.jpg,0.0012904453,0.0007821321,0.0019001677,0.0154075623,0.9999998212,42.9949,23.9933
000000461573.jpg,0.0016037852,0.0010926723,0.0022636026,0.0357141495,0.9999992251,52.7495,25.9505
000000461751.jpg,0.0024957519,0.0024001598,0.0030709917,0.0404753685,0.9999994040,81.5723,31.8708
000000462031.jpg,0.0015262879,0.0013529807,0.0021042519,0.0713917017,0.9999992847,108.1806,36.6590
000000462371.jpg,0.0015665086,0.0011091232,0.0021680999,0.0502173901,0.9999996424,47.3756,23.6878
000000462576.jpg,0.0015991648,0.0011639595,0.0021562299,0.0392062664,0.9999995828,84.5033,31.6138
000000462614.jpg,0.0016773789,0.0015714169,0.0020226422,0.0165629387,0.9999971390,81.8624,31.7922
000000462629.jpg,0.0013921974,0.0010427237,0.0018665129,0.0238201618,0.9999992847,36.4947,18.9233
000000462643.jpg,0.0024442666,0.0021009445,0.0034544512,0.1084570885,0.9999997020,36.5425,18.5992
000000462728.jpg,0.0014085714,0.0010766983,0.0018728436,0.0175343752,0.9999997020,38.8815,23.7391
000000462756.jpg,0.0012242417,0.0005817413,0.0020281307,0.0595135689,1.0000000000,35.9049,18.1939
000000462904.jpg,0.0015960487,0.0010775179,0.0022113957,0.0340201855,0.9999999404,80.3729,30.6305
000000463037.jpg,0.0009833755,0.0004806519,0.0016132083,0.0303356946,0.9999960065,34.9854,17.4187
000000463174.jpg,0.0011431960,0.0005934238,0.0017628102,0.0301160812,0.9999993443,36.2321,17.7597
000000463199.jpg,0.0016561706,0.0012543201,0.0022753002,0.0465140343,0.9999988675,80.1382,30.5158
000000463283.jpg,0.0019848114,0.0015114546,0.0026842495,0.0298013687,0.9999992847,53.4207,20.5941
000000463522.jpg,0.0010373769,0.0004568100,0.0017955726,0.0458412170,0.9999973178,78.6777,30.7796
000000463527.jpg,0.0026969595,0.0021674633,0.0034701834,0.0368012190,0.9999986887,74.8892,28.6226
000000463542.jpg,0.0015649244,0.0008656979,0.0022576007,0.0222773552,0.9999991655,35.8603,21.7295
000000463618.jpg,0.0016917903,0.0012433529,0.0023089247,0.0262846947,0.9999991655,113.1304,38.5467
000000463647.jpg,0.0015882482,0.0011625290,0.0021749497,0.0213203430,0.9999997020,97.4818,37.2003
000000463690.jpg,0.0014862948,0.0010509491,0.0025994384,0.1785287857,0.9999988675,41.6616,20.5195
000000463730.jpg,0.0013844519,0.0008310080,0.0024349939,0.1278570890,0.9999997020,40.5554,20.5477
000000463802.jpg,0.0011137108,0.0005259514,0.0018080578,0.0314567089,1.0000000000,92.6455,34.0080
000000463842.jpg,0.0017401935,0.0014636815,0.0022507757,0.0408940315,0.9999992251,85.2497,33.1066
000000463849.jpg,0.0007421655,0.0003046989,0.0013185892,0.0144511759,0.9999998808,69.5625,28.1733
000000463918.jpg,0.0023327358,0.0015915632,0.0034205627,0.0745644569,0.9999988079,39.6723,19.6043
000000464089.jpg,0.0016914078,0.0009882450,0.0024607002,0.0215041637,0.9999998808,80.1675,30.4187
000000464144.jpg,0.0010999275,0.0003534853,0.0019855381,0.0220556557,1.0000000000,34.6131,24.1818
000000464251.jpg,0.0015726207,0.0010541528,0.0024084926,0.0477042198,1.0000000000,86.0302,30.3054
000000464358.jpg,0.0018580761,0.0014657974,0.0025626684,0.0307452679,0.9999989867,35.5508,16.9548
000000464476.jpg,0.0023688269,0.0017027855,0.0039390093,0.2132856846,0.9999993443,41.4328,20.1099
000000464522.jpg,0.0032746161,0.0017218590,0.0052919914,0.2103853226,0.9999993443,76.3053,29.2181
000000464689.jpg,0.0016673127,0.0011970997,0.0022876158,0.0510249138,0.9999988675,60.3877,25.2739
000000464786.jpg,0.0021353420,0.0017056465,0.0027887279,0.0292985439,0.9999976158,33.5815,16.8178
000000464824.jpg,0.0017934950,0.0010526180,0.0026637905,0.0904262066,0.9999994636,75.9725,29.4071
000000464872.jpg,0.0014825289,0.0010042191,0.0020900622,0.0145962238,0.9999995828,41.3802,21.7249
000000465129.jpg,0.0017579721,0.0014936328,0.0023213669,0.0361205339,0.9999989271,97.8054,36.3109
000000465179.jpg,0.0022221871,0.0019848347,0.0027623824,0.0197682381,0.9999970794,50.5331,24.6028
000000465180.jpg,0.0011673063,0.0006443262,0.0017928828,0.0393199921,0.9999995828,39.2828,24.8209
000000465430.jpg,0.0021108279,0.0015350580,0.0027381948,0.0181519985,0.9999995232,82.6596,31.1965
000000465549.jpg,0.0014022264,0.0010601282,0.0019408120,0.0540361404,0.9999993443,36.3812,24.9045
000000465585.jpg,0.0012497249,0.0009995699,0.0016948760,0.0369796753,0.9999985099,36.5739,21.4051
000000465675.jpg,0.0010595415,0.0003115535,0.0020393366,0.0493894815,0.9999981523,33.0291,16.9438
000000465718.jpg,0.0017688166,0.0012674332,0.0024275428,0.0302810669,0.9999982119,36.0739,18.4967
000000465806.jpg,0.0022260547,0.0015163422,0.0029768364,0.0331678391,0.9999994636,83.8587,31.6221
000000465822.jpg,0.0017252100,0.0010865331,0.0023322299,0.0445857048,0.9999998212,42.9091,22.0086
000000465836.jpg,0.0008338900,0.0004421771,0.0013160430,0.0252537727,0.9999995232,43.1811,25.7884
000000466085.jpg,0.0009871394,0.0006921291,0.0014245327,0.0284250975,0.9999992847,81.3086,32.3157
000000466125.jpg,0.0021017592,0.0015344620,0.0028525644,0.0294810534,0.9999987483,35.4178,17.8226
000000466156.jpg,0.0022983013,0.0016968250,0.0031543167,0.0348665714,0.9999994636,43.1645,21.8177
000000466256.jpg,0.0016343876,0.0011620522,0.0022693272,0.0235784054,0.9999985099,38.4312,17.9049
000000466339.jpg,0.0011372516,0.0009889603,0.0014381853,0.0100746155,0.9999986291,29.9694,23.2537
000000466416.jpg,0.0008621864,0.0003484488,0.0015292623,0.0672188997,1.0000000000,35.3099,17.7131
000000466567.jpg,0.0014364209,0.0011647940,0.0019022097,0.0387451649,0.9999991059,83.3185,32.3122
000000466602.jpg,0.0015530867,0.0009651184,0.0023035619,0.0337066650,0.9999992847,82.0258,32.7534
000000466835.jpg,0.0014021096,0.0006162748,0.0023305302,0.0535699129,0.9999986887,82.3937,32.6666
000000466986.jpg,0.0017443622,0.0010929108,0.0027831213,0.0409176350,0.9999995232,81.5498,31.3015
000000467176.jpg,0.0011264525,0.0006089211,0.0017364089,0.0251669884,0.9999995828,36.3457,20.4138
000000467315.jpg,0.0011619255,0.0006738901,0.0017503080,0.0308687687,0.9999995232,35.7352,18.1699
000000467511.jpg,0.0016774570,0.0011417866,0.0027222796,0.1753829718,0.9999983311,34.0863,16.0736
000000467776.jpg,0.0013330473,0.0007524490,0.0019870172,0.0220797062,0.9999993443,35.0525,17.2986
000000467848.jpg,0.0014796032,0.0010799170,0.0020363592,0.0503270626,0.9999960065,78.3234,34.3020
000000468124.jpg,0.0011024128,0.0005648136,0.0019439929,0.0580693483,0.9999955893,104.2303,37.8709
000000468233.jpg,0.0019694800,0.0013596416,0.0028587149,0.0308668613,0.9999992847,39.5590,19.9375
000000468245.jpg,0.0011819256,0.0007719994,0.0017525927,0.0286831856,0.9999989271,39.1838,20.6059
000000468332.jpg,0.0012128693,0.0007534027,0.0019957516,0.0489368439,0.9999989271,39.5423,20.0415
000000468501.jpg,0.0009605273,0.0005633831,0.0015295141,0.0464302301,0.9999991059,46.0363,22.3966
000000468505.jpg,0.0016065883,0.0009925365,0.0023596834,0.0240650177,0.9999988079,84.8860,32.8772
000000468577.jpg,0.0017303179,0.0014228821,0.0022146422,0.0242609978,0.9999994040,53.9012,21.5272
000000468632.jpg,0.0014116520,0.0008416772,0.0021028204,0.0200588703,0.9999998808,81.0662,31.0721
000000468925.jpg,0.0017369235,0.0013137460,0.0022928547,0.0283069611,0.9999995828,81.1310,31.1747
000000468954.jpg,0.0023127245,0.0015511513,0.0031872070,0.0734715462,0.9999990463,35.3308,17.8661
000000468965.jpg,0.0015857647,0.0009157658,0.0023312038,0.0321185589,0.9999997020,81.2779,31.8981
000000469067.jpg,0.0019635032,0.0015506744,0.0025460322,0.0164318085,0.9999994040,82.1409,31.5627
000000469174.jpg,0.0002124711,0.0000000000,0.0006517791,0.0227934122,0.9999996424,88.1102,31.2234
000000469192.jpg,0.0009322991,0.0000009537,0.0018093364,0.0591254830,1.0000000000,79.0668,30.4012
000000469246.jpg,0.0012227357,0.0008335114,0.0017973657,0.0292990208,0.9999976158,77.2579,30.9842
000000469652.jpg,0.0015051690,0.0007304549,0.0022539427,0.0447781086,0.9999997020,94.5415,33.4717
000000469828.jpg,0.0024156878,0.0011596680,0.0037210155,0.0472606122,0.9999995828,82.5989,31.9640
000000470121.jpg,0.0024576515,0.0018069744,0.0031911593,0.0143575668,0.9999998212,82.6246,32.4042
000000470173.jpg,0.0014623582,0.0010287762,0.0020816149,0.0473847389,0.9999989271,95.3505,34.5658
000000470773.jpg,0.0033737335,0.0029816628,0.0040003867,0.0402984619,0.9999993443,83.1870,31.9558
000000470779.jpg,0.0016701183,0.0009920597,0.0031516517,0.2202606201,0.9999976754,82.7206,32.4630
000000470924.jpg,0.0022780537,0.0017232895,0.0030234475,0.0345768929,0.9999992251,82.1847,32.3168
000000470952.jpg,0.0016356175,0.0010757446,0.0023328746,0.0286018848,0.9999983907,36.7430,17.6946
000000471023.jpg,0.0013357723,0.0006337464,0.0023730933,0.0448498726,0.9999999404,35.0780,17.6704
000000471087.jpg,0.0013363793,0.0007917881,0.0019673854,0.0520055294,0.9999994636,44.4872,21.4174
000000471450.jpg,0.0014319012,0.0007179976,0.0022207049,0.0179343224,0.9999997020,81.5570,30.7451
000000471567.jpg,0.0005208903,0.0000826418,0.0012176783,0.0617033243,0.9999970794,79.7293,31.3111
000000471756.jpg,0.0018793658,0.0009871721,0.0027256850,0.0225634575,0.9999992847,37.0634,18.6761
000000471789.jpg,0.0009144897,0.0004443526,0.0014741503,0.0149223804,1.0000000000,83.0272,32.1676
000000471869.jpg,0.0033003248,0.0029854774,0.0039194259,0.0479457974,0.9999991655,46.5795,24.2052
000000471893.jpg,0.0011484332,0.0006577969,0.0016640481,0.0270791054,0.9999994040,95.8310,33.2241
000000471991.jpg,0.0014907653,0.0011169910,0.0019923213,0.0169830322,0.9999994636,36.8247,18.0128
000000472030.jpg,0.0006703536,0.0002677441,0.0015654083,0.0908404589,0.9999995232,82.2786,31.9765
000000472046.jpg,0.0013966807,0.0009636879,0.0020709541,0.0385653973,0.9999993443,37.6008,23.8230
000000472298.jpg,0.0011416114,0.0005530715,0.0018563422,0.0790293217,0.9999992847,30.8719,20.5279
000000472375.jpg,0.0025169796,0.0021843910,0.0033220120,0.1378461123,0.9999997616,52.8747,21.1402
000000472623.jpg,0.0012407585,0.0007020831,0.0018864954,0.0359106064,1.0000000000,36.1255,17.3300
000000472678.jpg,0.0014645029,0.0010265112,0.0021520320,0.0316319466,0.9999970198,79.2310,30.9301
000000473015.jpg,0.0011050754,0.0006468296,0.0017101752,0.0316591263,0.9999995232,35.1981,18.8473
000000473118.jpg,0.0014242384,0.0008120537,0.0021083329,0.0221710205,0.9999994636,37.0293,18.6174
000000473121.jpg,0.0022312447,0.0008170605,0.0035085003,0.0371482372,0.9999994636,34.9996,24.6052
000000473219.jpg,0.0010974297,0.0005394220,0.0017147727,0.0335975885,0.9999996424,35.6339,17.3672
000000473237.jpg,0.0012724122,0.0008027554,0.0019151075,0.0271272659,0.9999993443,35.4402,24.1528
000000473406.jpg,0.0021581110,0.0016718805,0.0027811627,0.0400238037,0.9999994636,79.6888,31.5835
000000473821.jpg,0.0015129247,0.0011501312,0.0020257640,0.0624397993,0.9999993443,34.5845,17.3589
000000473869.jpg,0.0023825187,0.0006781816,0.0046897125,0.0651826859,0.9999990463,35.8850,17.9260
000000473974.jpg,0.0012607076,0.0005829334,0.0020329561,0.0408306122,0.9999993443,34.7551,18.1789
000000474021.jpg,0.0013851315,0.0009169579,0.0020150461,0.0314211845,0.9999986291,46.8026,21.0528
000000474028.jpg,0.0010305835,0.0004212856,0.0016556403,0.0220901966,0.9999996424,35.2361,17.8696
000000474039.jpg,0.0017494933,0.0012137890,0.0023957845,0.0229172707,0.9999986887,34.7201,15.6688
000000474078.jpg,0.0011859948,0.0006552935,0.0018632682,0.0402290821,0.9999994636,79.8352,31.0575
000000474095.jpg,0.0009066158,0.0006520748,0.0012800976,0.0200167894,0.9999995232,36.3063,19.1680
000000474164.jpg,0.0012153307,0.0002658367,0.0023253846,0.0519270897,1.0000000000,57.4992,22.2443
000000474167.jpg,0.0023209162,0.0016460419,0.0031754735,0.0243186951,1.0000000000,37.5531,18.9953
000000474170.jpg,0.0013457962,0.0010488033,0.0018271970,0.0427647829,0.9999992251,84.7517,33.0674
000000474293.jpg,0.0015225804,0.0010426044,0.0021849787,0.0424580574,0.9999988675,83.2886,32.6324
000000474344.jpg,0.0009428050,0.0004289150,0.0015953968,0.0371689796,0.9999994636,35.9840,18.5613
000000474452.jpg,0.0009626598,0.0005013943,0.0016217262,0.0394339561,1.0000000000,44.2068,22.4160
000000474786.jpg,0.0014408806,0.0007638931,0.0021914314,0.0306642056,0.9999992251,44.5809,22.4578
000000474854.jpg,0.0010827387,0.0004062653,0.0019604026,0.0317687988,0.9999989271,40.7168,18.3841
000000474881.jpg,0.0014444026,0.0008003712,0.0021211368,0.0242310762,0.9999995232,81.4236,31.0039
000000475064.jpg,0.0009427121,0.0006045103,0.0015483323,0.0378956795,0.9999994040,35.6922,17.6854
000000475150.jpg,0.0010749288,0.0005488396,0.0017061017,0.0383690000,0.9999997020,36.6449,18.2485
000000475191.jpg,0.0015508486,0.0009050369,0.0022435351,0.0400929451,0.9999994636,81.0785,30.8271
000000475223.jpg,0.0010186000,0.0007121563,0.0014533099,0.0350154638,0.9999993443,92.2121,32.5230
000000475365.jpg,0.0016765915,0.0011388063,0.0022702061,0.0410165787,1.0000000000,36.4079,26.5300
000000475387.jpg,0.0014303502,0.0009131432,0.0020964167,0.0521280766,0.9999994040,34.6324,17.6033
000000475484.jpg,0.0010587835,0.0005288720,0.0018102141,0.0394480228,0.9999985099,35.2207,18.3554
000000475572.jpg,0.0016875477,0.0013959408,0.0021668407,0.0417211056,0.9999984503,36.1111,18.2732
000000475678.jpg,0.0018060403,0.0014877319,0.0022955963,0.0283606052,0.9999986291,81.1272,31.1201
000000475732.jpg,0.0033996357,0.0033049583,0.0039650430,0.0449941158,0.9999988675,80.6172,31.1413
000000475779.jpg,0.0013663198,0.0008471608,0.0019733442,0.0308351517,1.0000000000,79.8799,31.2631
000000475904.jpg,0.0008527955,0.0003324747,0.0016151697,0.0289797783,0.9999992847,35.1562,18.3502
000000476119.jpg,0.0017402997,0.0010015965,0.0026379700,0.1318554878,0.9999994040,35.6642,18.3242
000000476215.jpg,0.0011777437,0.0007591248,0.0019364582,0.0745669007,1.0000000000,34.6323,16.6268
000000476258.jpg,0.0010504957,0.0008212328,0.0014268712,0.0382686853,0.9999993443,31.9195,15.2988
000000476415.jpg,0.0015063945,0.0010633469,0.0021186108,0.0245312452,0.9999987483,35.3961,22.8918
000000476491.jpg,0.0013591032,0.0006902218,0.0034513415,0.2733676434,0.9999982715,35.8034,24.4206
000000476514.jpg,0.0011220928,0.0006983280,0.0017652545,0.0647885799,0.9999992847,34.4604,18.2288
000000476704.jpg,0.0018929691,0.0012868643,0.0027164810,0.0422137976,0.9999963641,35.2948,17.7945
000000476770.jpg,0.0015883057,0.0006685257,0.0027703629,0.0638580322,0.9999992251,35.0581,17.3570
000000476787.jpg,0.0024072782,0.0018415451,0.0031298483,0.0223574638,0.9999988675,78.2530,29.4909
000000476810.jpg,0.0017593567,0.0014612675,0.0023102120,0.0637251139,0.9999991059,75.7697,29.0996
000000477118.jpg,0.0012625251,0.0008344650,0.0020029254,0.0670346022,0.9999996424,36.2407,21.3171
000000477227.jpg,0.0011931732,0.0005736351,0.0019422895,0.0912351608,0.9999995828,44.1242,22.4382
000000477288.jpg,0.0015257393,0.0009233952,0.0022984205,0.0366243124,0.9999998808,99.0919,37.5823
000000477441.jpg,0.0021262206,0.0013077259,0.0031411233,0.0264151096,0.9999997020,93.2390,36.0217
000000477623.jpg,0.0014481740,0.0007337332,0.0022381851,0.0335607529,0.9999954700,86.5765,33.4905
000000477689.jpg,0.0024814627,0.0014598370,0.0035285242,0.0192315578,0.9999951720,96.2996,34.0846
000000477805.jpg,0.0044023902,0.0029459000,0.0090586627,0.4680588245,0.9999842644,36.9054,18.2004
000000477955.jpg,0.0002533539,0.0000000000,0.0009062652,0.0306541920,1.0000000000,82.0194,31.5423
000000478136.jpg,0.0021962738,0.0016295910,0.0028070405,0.0189960003,0.9999998808,68.7429,28.0280
000000478286.jpg,0.0010495778,0.0003136396,0.0017171572,0.0569365025,1.0000000000,80.4298,30.7014
000000478393.jpg,0.0016627505,0.0011134148,0.0023595304,0.0224179029,0.9999995232,80.4246,31.8264
000000478420.jpg,0.0014209868,0.0009443760,0.0020317943,0.0127519369,0.9999988675,80.7578,31.9273
000000478474.jpg,0.0016406983,0.0004773140,0.0034887353,0.1548291445,1.0000000000,81.3759,31.6871
000000478721.jpg,0.0016327315,0.0005273819,0.0032169491,0.0268094540,0.9999994040,80.2763,31.1991
000000478862.jpg,0.0009345176,0.0004436970,0.0016185988,0.0542927980,0.9999987483,84.1412,32.7615
000000479030.jpg,0.0012631039,0.0007323623,0.0019423733,0.0296930075,0.9999988675,36.8596,18.9257
000000479099.jpg,0.0012156663,0.0006162524,0.0018572970,0.0192855597,0.9999998808,83.4195,32.2614
000000479126.jpg,0.0011528637,0.0007099509,0.0017860429,0.0230090544,0.9999995232,37.2145,18.7085
000000479155.jpg,0.0015700298,0.0011341572,0.0021306765,0.0285384655,0.9999992847,36.4842,17.7476
000000479248.jpg,0.0015407746,0.0011850595,0.0026161594,0.0439231396,0.9999946356,80.6535,31.2893
000000479448.jpg,0.0024590914,0.0019111633,0.0031462349,0.0283699036,0.9999986887,43.3974,21.1702
000000479596.jpg,0.0017702861,0.0007866323,0.0027199853,0.0169434547,0.9999998808,35.6961,22.1753
000000479732.jpg,0.0015890547,0.0011978149,0.0021308579,0.0244381428,0.9999989271,35.4932,18.0957
000000479912.jpg,0.0009159773,0.0001974106,0.0016563968,0.0325497389,0.9999988079,83.1889,32.1181
000000479953.jpg,0.0013722503,0.0007925034,0.0020110938,0.0179071426,0.9999994636,33.1860,16.6662
000000480021.jpg,0.0015986061,0.0012116432,0.0028279799,0.2437399030,0.9999978542,76.1957,28.4720
000000480122.jpg,0.0012453101,0.0007495880,0.0018456696,0.0301980972,0.9999996424,58.7693,19.2803
000000480212.jpg,0.0024786005,0.0018303394,0.0032977492,0.0385985374,0.9999989867,76.6954,29.2790
000000480275.jpg,0.0013860101,0.0010018349,0.0021184781,0.1149923801,0.9999981523,76.2489,29.3274
000000480842.jpg,0.0006104145,0.0001173485,0.0012045087,0.0370634794,1.0000000000,60.6158,24.8385
000000480936.jpg,0.0011717553,0.0008051395,0.0016649739,0.0284637213,0.9999987483,76.3733,29.5228
000000480944.jpg,0.0010463939,0.0005297661,0.0016878560,0.0541450977,0.9999979734,76.1429,29.6070
000000480985.jpg,0.0012627401,0.0008091331,0.0018390242,0.0361601114,0.9999996424,41.5084,22.8924
000000481159.jpg,0.0013796290,0.0007320642,0.0025176844,0.0847053528,0.9999992251,93.5241,33.8349
000000481386.jpg,0.0011157712,0.0007843971,0.0015619462,0.0310530663,0.9999991059,38.4623,19.2014
000000481390.jpg,0.0022656946,0.0014838576,0.0030551213,0.0312349796,0.9999995232,86.5255,33.0953
000000481404.jpg,0.0016491741,0.0012104809,0.0021437749,0.0320713520,0.9999994636,38.2089,21.6850
000000481413.jpg,0.0007888979,0.0001788139,0.0014268293,0.0269000530,1.0000000000,38.3354,19.0172
000000481480.jpg,0.0008078144,0.0000649095,0.0015466327,0.0277099609,1.0000000000,97.0020,34.7536
000000481567.jpg,0.0011189646,0.0006089211,0.0017697078,0.0436344147,1.0000000000,85.5870,33.2668
000000481573.jpg,0.0010106487,0.0005241036,0.0017663564,0.0683147907,0.9999998808,57.3532,22.6537
000000481582.jpg,0.0016125138,0.0010523796,0.0023503785,0.0474991798,0.9999997020,38.0674,19.3251
000000482100.jpg,0.0017859481,0.0012276173,0.0024845330,0.0334270000,0.9999995232,38.6122,18.7088
000000482275.jpg,0.0011911591,0.0008268356,0.0017468239,0.0483269691,0.9999995232,81.7810,31.6072
000000482319.jpg,0.0021165817,0.0014832020,0.0028220715,0.0316615105,0.9999989867,79.6896,30.6447
000000482436.jpg,0.0030694378,0.0026135445,0.0038527388,0.0296878815,0.9999992251,33.5496,16.1256
000000482477.jpg,0.0005057110,0.0000000000,0.0011625439,0.0263321400,1.0000000000,79.0918,30.1130
000000482487.jpg,0.0038662625,0.0037716627,0.0042223861,0.0122025013,0.9999966025,80.3843,31.5279
000000482585.jpg,0.0014671813,0.0010039806,0.0023117783,0.0443714857,0.9999990463,92.2352,36.3566
000000482719.jpg,0.0013835621,0.0009154081,0.0021140762,0.1073279381,1.0000000000,94.6915,34.5543
000000482735.jpg,0.0015006752,0.0011501312,0.0019775466,0.0094563961,0.9999994636,38.3249,20.2628
000000482800.jpg,0.0014935314,0.0007274151,0.0022918258,0.0267722607,0.9999992251,96.9016,33.1211
000000482917.jpg,0.0014478422,0.0009015203,0.0020092460,0.0192252398,0.9999995828,43.0408,22.1014
000000482970.jpg,0.0027226438,0.0021477938,0.0035658504,0.0419338942,0.9999960065,31.9998,15.0922
000000482978.jpg,0.0015826960,0.0012574196,0.0020340534,0.0202046633,0.9999997616,29.8643,14.9849
000000483050.jpg,0.0014066172,0.0008372664,0.0022052254,0.0189113617,0.9999997020,81.2955,31.0587
000000483531.jpg,0.0011650568,0.0007846355,0.0016696152,0.0275259018,0.9999997020,79.3679,31.2750
000000483667.jpg,0.0014199888,0.0010022521,0.0019954296,0.0278608799,0.9999994636,35.1852,21.3714
000000483999.jpg,0.0013630334,0.0007812083,0.0020846997,0.0562858582,0.9999994636,34.1765,16.0429
000000484029.jpg,0.0009105100,0.0003239512,0.0016902642,0.0531163514,0.9999936819,74.8463,29.4518
000000484296.jpg,0.0014797193,0.0009846687,0.0020853938,0.0324909687,0.9999995232,92.1019,36.9114
000000484351.jpg,0.0023962189,0.0013500452,0.0034702867,0.0326910019,0.9999997020,45.7031,21.8646
000000484404.jpg,0.0021028442,0.0012674332,0.0032741551,0.0403687954,0.9999993443,99.9370,37.1267
000000484415.jpg,0.0017946446,0.0010908842,0.0027647279,0.0135736465,0.9999989271,53.5120,20.3124
000000484760.jpg,0.0005718770,0.0001549721,0.0016757068,0.1611466408,1.0000000000,33.3811,15.8769
000000484893.jpg,0.0018380141,0.0011541843,0.0026956715,0.0404801369,0.9999995828,33.1691,16.0163
000000484978.jpg,0.0022817720,0.0019216537,0.0030049516,0.0380145311,0.9999995232,77.0924,30.9172
000000485027.jpg,0.0022764802,0.0013890266,0.0032042074,0.0353674889,0.9999993443,28.1394,13.6064
000000485071.jpg,0.0009880920,0.0002760887,0.0015990573,0.0310307741,1.0000000000,36.1603,18.0021
000000485130.jpg,0.0031679198,0.0029213428,0.0038612960,0.0519586802,0.9999993443,89.1833,31.7830
000000485237.jpg,0.0012003800,0.0008830982,0.0016635067,0.0255811810,0.9999988675,30.4117,14.2169
000000485424.jpg,0.0015515815,0.0010392070,0.0022251718,0.0219538212,0.9999981523,78.4081,30.5029
000000485480.jpg,0.0012273047,0.0007126331,0.0018360810,0.0245280266,0.9999994040,41.6762,48.4178
000000485802.jpg,0.0012687671,0.0006498694,0.0018016634,0.0172325373,0.9999943972,32.9446,24.9486
000000485844.jpg,0.0024527546,0.0014935136,0.0035960458,0.0567164421,0.9999992251,34.1257,16.9641
000000485895.jpg,0.0011833527,0.0008900166,0.0016740179,0.0256310403,0.9999996424,34.4589,25.4237
000000485972.jpg,0.0027317011,0.0017720461,0.0035432870,0.0225006342,0.9999996424,33.9068,26.3955
000000486040.jpg,0.0026604044,0.0018196106,0.0043939324,0.0429897308,0.9999986291,76.7935,30.6957
000000486046.jpg,0.0007856706,0.0003400147,0.0013519702,0.0271143913,0.9999995232,89.0877,37.0003
000000486104.jpg,0.0017001441,0.0006496906,0.0028026523,0.0250046253,0.9999994636,55.4047,25.6093
000000486112.jpg,0.0018503082,0.0013866425,0.0025558970,0.0297288895,0.9999995232,46.5787,21.8896
000000486438.jpg,0.0019477989,0.0014088154,0.0026435708,0.0402684957,0.9999994636,44.7906,21.7693
000000486479.jpg,0.0016174266,0.0011361837,0.0021820301,0.0159866810,0.9999994040,51.6109,19.9704
000000486573.jpg,0.0018850036,0.0016043186,0.0023598066,0.0365988016,0.9999988675,73.5461,29.0874
000000487583.jpg,0.0010660578,0.0007003546,0.0016025275,0.0304477215,0.9999991059,32.8187,18.9292
000000488075.jpg,0.0011705045,0.0008679628,0.0017032780,0.0354266167,0.9999994636,86.1663,33.0050
000000488166.jpg,0.0013127337,0.0008850098,0.0020912872,0.0433079600,0.9999980927,29.9460,16.2726
000000488251.jpg,0.0008892406,0.0004649162,0.0015027333,0.0279681087,0.9999988675,32.1580,15.8994
000000488270.jpg,0.0010032899,0.0000000000,0.0020328446,0.0145816803,0.9999967217,37.3451,18.9163
000000488385.jpg,0.0014105672,0.0009651184,0.0019985142,0.0979986191,0.9999992847,84.6965,32.5899
000000488592.jpg,0.0015927954,0.0012569427,0.0021113474,0.0222263336,0.9999994636,81.5187,34.8065
000000488664.jpg,0.0013530755,0.0001719892,0.0024322572,0.0404109955,0.9999984503,79.7683,30.3347
000000488673.jpg,0.0019452692,0.0010092258,0.0030271858,0.0487339497,0.9999995828,81.1366,32.2075
000000488710.jpg,0.0015018545,0.0010585785,0.0021068742,0.0244579315,0.9999979138,45.3422,22.4655
000000488736.jpg,0.0014294006,0.0012924671,0.0017825607,0.0306258202,0.9999997020,81.2409,31.3781
000000489014.jpg,0.0010555381,0.0007295609,0.0016001014,0.0342414379,0.9999997616,80.9157,31.4219
000000489046.jpg,0.0012001534,0.0008824468,0.0016642464,0.0262471437,0.9999988675,36.0709,24.4783
000000489091.jpg,0.0014508015,0.0009293556,0.0020906494,0.0176014900,0.9999996424,42.6358,21.3906
000000489305.jpg,0.0013648471,0.0010011196,0.0019075888,0.0421719551,0.9999992847,43.9561,21.4083
000000489339.jpg,0.0013681874,0.0008411407,0.0021912886,0.0378411412,1.0000000000,36.1784,18.0044
000000489611.jpg,0.0013833147,0.0007241964,0.0021168871,0.0594952106,0.9999991655,59.0977,26.0591
000000489764.jpg,0.0021674021,0.0012171268,0.0031597414,0.0480101109,0.9999992847,69.0380,27.4372
000000489842.jpg,0.0013113791,0.0009894371,0.0017638124,0.0138468742,0.9999989271,65.1282,26.7887
000000489924.jpg,0.0015306851,0.0009553432,0.0023311346,0.0771783590,0.9999991059,56.9177,24.7009
000000490125.jpg,0.0014805972,0.0007834435,0.0023212994,0.0356948376,0.9999998212,42.8229,21.6662
000000490171.jpg,0.0011597744,0.0007573366,0.0016354176,0.0262145996,0.9999994636,41.7475,21.4553
000000490413.jpg,0.0006700227,0.0004343987,0.0010537644,0.0273844004,1.0000000000,23.5653,12.5854
000000490470.jpg,0.0012093200,0.0004770756,0.0022481810,0.0305644274,1.0000000000,87.7003,34.3214
000000490515.jpg,0.0022424310,0.0013730526,0.0030655281,0.0155979395,0.9999994636,36.9697,18.2067
000000490936.jpg,0.0013913614,0.0009100437,0.0019613113,0.0249247551,1.0000000000,84.5885,33.0421
000000491008.jpg,0.0018240502,0.0015137792,0.0023231753,0.0304853916,0.9999986291,35.5005,17.6241
000000491071.jpg,0.0007262474,0.0005650520,0.0009639431,0.0203243494,0.9999996424,34.6727,16.0576
000000491090.jpg,0.0016433728,0.0010905266,0.0023499201,0.0471398830,0.9999991059,82.2372,32.0162
000000491130.jpg,0.0009690861,0.0002408028,0.0017563250,0.0431076884,0.9999975562,91.7027,33.2495
000000491213.jpg,0.0014771804,0.0009403229,0.0022648734,0.0538301468,0.9999998808,79.7084,31.3005
000000491216.jpg,0.0025344684,0.0009410381,0.0049362802,0.1794614792,0.9999977350,81.2246,32.2363
000000491366.jpg,0.0010836098,0.0007243156,0.0015604123,0.0253529549,0.9999993443,43.5338,22.7077
000000491464.jpg,0.0007859490,0.0002642870,0.0013941514,0.0322535038,0.9999999404,37.6327,18.6559
000000491470.jpg,0.0013240081,0.0006656647,0.0022393938,0.0178823471,0.9999989867,44.6192,22.7658
000000491497.jpg,0.0015854648,0.0014114380,0.0019647251,0.0191967487,0.9999990463,43.2301,22.6246
000000491613.jpg,0.0020063079,0.0015997887,0.0026618834,0.0335405767,0.9999996424,85.1130,33.2078
000000491683.jpg,0.0013156016,0.0004653931,0.0022343288,0.0375014544,0.9999973178,39.4401,20.2036
000000491725.jpg,0.0015594831,0.0006098747,0.0028584471,0.0640792847,0.9999996424,44.3865,22.4024
000000491757.jpg,0.0015185508,0.0010776520,0.0020199257,0.0238449574,0.9999994636,80.9437,31.1577
000000491867.jpg,0.0016949992,0.0007735491,0.0025709318,0.0434553623,1.0000000000,80.5768,32.0478
000000492077.jpg,0.0015913931,0.0010147095,0.0023897798,0.0905466080,0.9999979138,80.7052,31.0054
000000492110.jpg,0.0015586721,0.0008373260,0.0024105487,0.0487362146,1.0000000000,35.8928,18.1068
000000492282.jpg,0.0012524329,0.0008826852,0.0018101007,0.0325580239,0.9999973774,81.8432,31.8994
000000492284.jpg,0.0012459591,0.0008056164,0.0018543160,0.0685786605,0.9999994040,80.9420,31.2368
000000492362.jpg,0.0017531211,0.0014972687,0.0022886666,0.0291112065,1.0000000000,34.9783,18.3330
000000492758.jpg,0.0013675299,0.0007477999,0.0021856232,0.0426583290,0.9999995232,36.3620,18.0521
000000492878.jpg,0.0017096939,0.0010900497,0.0024364889,0.0674265623,0.9999994040,54.4442,21.2107
000000492905.jpg,0.0013261349,0.0010008812,0.0019722600,0.0768080950,0.9999971986,36.9014,18.3463
000000492937.jpg,0.0022851864,0.0016031265,0.0031608052,0.0424798727,0.9999989271,54.7429,21.3506
000000492968.jpg,0.0031077154,0.0026815534,0.0038341926,0.0321441889,0.9999959469,36.4763,17.9484
000000492992.jpg,0.0010666543,0.0003175661,0.0020804601,0.0835664272,0.9999998808,35.7180,17.8274
000000493019.jpg,0.0018598780,0.0015599728,0.0026928294,0.0616303682,0.9999987483,80.7804,30.9649
000000493284.jpg,0.0022716094,0.0014908910,0.0031468007,0.0308704376,0.9999991655,36.3827,17.7014
000000493286.jpg,0.0016461596,0.0010700226,0.0024394398,0.0410718918,1.0000000000,30.0040,15.0806
000000493334.jpg,0.0022082108,0.0015730858,0.0029345923,0.0384788513,0.9999982119,33.5419,15.7875
000000493442.jpg,0.0011613190,0.0006833076,0.0017646299,0.0247440040,0.9999991655,36.0505,17.5660
000000493566.jpg,0.0016407745,0.0011374950,0.0023415298,0.0473997593,0.9999995232,27.8008,11.0120
000000493613.jpg,0.0019007825,0.0011310577,0.0026716739,0.0218269825,0.9999994636,34.8259,17.8476
000000493772.jpg,0.0010644967,0.0007405281,0.0015225332,0.0265035629,0.9999998212,53.7513,21.2024
000000493799.jpg,0.0021063064,0.0013918877,0.0028738114,0.0206863880,0.9999996424,81.3174,31.4558
000000493864.jpg,0.0012985358,0.0007808208,0.0020568396,0.0809209347,0.9999969006,81.9786,32.1612
000000493905.jpg,0.0012137735,0.0006957054,0.0018015428,0.0392067432,0.9999992847,67.0633,28.8522
000000494188.jpg,0.0014207348,0.0007266998,0.0022212437,0.0321178436,0.9999985695,88.0742,34.1539
000000494427.jpg,0.0020034937,0.0016856194,0.0025326491,0.0313942432,0.9999986291,86.3731,34.1114
000000494634.jpg,0.0024327775,0.0015330315,0.0037807249,0.0962197781,0.9999997020,81.6098,31.4642
000000494759.jpg,0.0006143948,0.0000000000,0.0012970176,0.0279423594,1.0000000000,81.8542,31.1467
000000494863.jpg,0.0015035080,0.0007407665,0.0024436554,0.0367965102,0.9999993443,79.5344,30.5068
000000494869.jpg,0.0011443888,0.0007447004,0.0016495469,0.0276980400,0.9999990463,34.9876,17.3579
000000494913.jpg,0.0013762036,0.0008747578,0.0020629580,0.0129942894,0.9999989271,35.5225,17.3187
000000495054.jpg,0.0010742636,0.0002679825,0.0019620887,0.0224077106,1.0000000000,42.1994,17.0112
000000495146.jpg,0.0006969257,0.0000000000,0.0014709680,0.0438994765,0.9999970794,79.1929,30.5385
000000495448.jpg,0.0012021449,0.0007183552,0.0018139471,0.0504398346,0.9999993443,79.4116,31.8472
000000495732.jpg,0.0012507447,0.0009031296,0.0017416182,0.0251779556,0.9999992847,36.2161,19.3380
000000496409.jpg,0.0019602692,0.0015224218,0.0025439146,0.0183361769,0.9999994636,45.7165,22.4550
000000496571.jpg,0.0015170799,0.0011432171,0.0021516613,0.0631146431,0.9999992251,37.0402,17.8408
000000496597.jpg,0.0006994857,0.0001587868,0.0013468581,0.0104074478,1.0000000000,80.9588,31.2586
000000496722.jpg,0.0015662771,0.0006761551,0.0025049860,0.0412561893,0.9999994636,30.4921,14.9961
000000496854.jpg,0.0012200006,0.0007849932,0.0017907143,0.0546753407,0.9999992847,81.6236,31.2193
000000496954.jpg,0.0022608384,0.0017824173,0.0029311839,0.0213170052,0.9999989867,80.8004,31.3692
000000497344.jpg,0.0015488171,0.0008063316,0.0023466796,0.0631428361,0.9999996424,36.8062,18.0050
000000497568.jpg,0.0015492408,0.0006246567,0.0024410572,0.0214326382,0.9999995232,35.7093,18.5868
000000497599.jpg,0.0015267920,0.0010595322,0.0023082702,0.0739126205,0.9999990463,36.9906,18.1970
000000497628.jpg,0.0015197651,0.0008583069,0.0022816469,0.0970053673,0.9999994040,82.8291,32.3440
000000497867.jpg,0.0015551182,0.0012326241,0.0020339787,0.0284714699,0.9999990463,37.3583,17.1100
000000498032.jpg,0.0012079156,0.0008254051,0.0017451721,0.0244426727,0.9999996424,88.9961,31.5081
000000498286.jpg,0.0022792157,0.0016071796,0.0031572848,0.0347034931,0.9999988675,81.4414,31.2928
000000498463.jpg,0.0013589730,0.0010287762,0.0018431089,0.0199305415,0.9999991059,80.4317,31.6433
000000498709.jpg,0.0014558611,0.0008361340,0.0031916485,0.1578974724,0.9999997616,35.7817,18.2740
000000498747.jpg,0.0021487260,0.0017559528,0.0027808519,0.0607001781,0.9999988079,82.2848,31.6607
000000498807.jpg,0.0012421972,0.0007884502,0.0018270209,0.0548593998,0.9999991655,50.9417,18.6279
000000498857.jpg,0.0012751931,0.0010702610,0.0016320647,0.0200722218,0.9999988675,45.3107,23.6271
000000498919.jpg,0.0023792291,0.0015501976,0.0032644933,0.0156771541,0.9999994636,45.8459,23.9240
000000499031.jpg,0.0014523850,0.0010619164,0.0020470549,0.0400121212,0.9999980927,43.6987,24.5181
000000499109.jpg,0.0020541819,0.0014672279,0.0033435924,0.2161542177,0.9999985099,86.9882,33.2000
000000499181.jpg,0.0016155946,0.0008506775,0.0029321427,0.2820057869,0.9999990463,84.0432,32.6580
000000499266.jpg,0.0019716276,0.0017304420,0.0026431985,0.0337111950,0.9999950528,82.6195,32.3674
000000499313.jpg,0.0021499295,0.0015044212,0.0029703104,0.0793409348,0.9999985695,82.5807,31.1097
000000499622.jpg,0.0013654667,0.0009679794,0.0019248052,0.0351555347,0.9999995232,51.3336,22.9905
000000499768.jpg,0.0013365104,0.0008854866,0.0018436045,0.0280390978,0.9999996424,39.5670,20.1195
000000499775.jpg,0.0009239425,0.0004220605,0.0017434484,0.0660632998,1.0000000000,78.3594,29.9855
000000500049.jpg,0.0012102590,0.0007116795,0.0019756092,0.0332307816,1.0000000000,35.1233,17.2298
000000500211.jpg,0.0006373890,0.0001789182,0.0012785777,0.0368906260,0.9999971390,76.1590,29.1947
000000500257.jpg,0.0016052242,0.0012085438,0.0021372985,0.0249638557,0.9999992847,42.5801,20.1481
000000500270.jpg,0.0012443893,0.0003211498,0.0021952318,0.0357453823,0.9999961257,34.1950,18.0123
000000500423.jpg,0.0020327538,0.0016458035,0.0025735470,0.0217866302,0.9999996424,35.2758,18.1647
000000500464.jpg,0.0021589370,0.0018105507,0.0027724039,0.0216665268,0.9999986887,35.0955,17.8784
000000500477.jpg,0.0013572766,0.0009989738,0.0018800141,0.0310003757,0.9999989867,92.4132,37.0471
000000500478.jpg,0.0014757490,0.0007311106,0.0023054041,0.0249309540,0.9999994636,37.4380,17.3015
000000500565.jpg,0.0015342918,0.0010547638,0.0021674847,0.0386410952,1.0000000000,106.9903,36.8019
000000500613.jpg,0.0011223366,0.0004855394,0.0019154322,0.0557054281,0.9999990463,40.2762,21.3732
000000500663.jpg,0.0012233407,0.0002919957,0.0023665680,0.0185585022,0.9999992251,91.3734,34.4444
000000500716.jpg,0.0018677245,0.0015356541,0.0023946597,0.0290386677,0.9999988675,54.7297,24.4118
000000500826.jpg,0.0004436922,0.0000132918,0.0010708444,0.0232272148,1.0000000000,36.5116,19.2886
000000501005.jpg,0.0020132123,0.0010355711,0.0029887687,0.0359708071,0.9999989271,35.8118,16.8095
000000501023.jpg,0.0015256361,0.0011906624,0.0020926734,0.0276327133,0.9999993443,44.1819,25.8769
000000501243.jpg,0.0013000120,0.0006418228,0.0021113169,0.0213818550,0.9999979734,35.0597,17.7387
000000501368.jpg,0.0011606422,0.0006334782,0.0018293906,0.0249423683,0.9999992251,42.3884,26.8429
000000501523.jpg,0.0023200617,0.0017354488,0.0031145650,0.0746173859,0.9999980330,78.3384,30.3957
000000502136.jpg,0.0012226270,0.0009081364,0.0016740626,0.0189942122,0.9999982119,45.2781,21.3980
000000502168.jpg,0.0008251492,0.0003959537,0.0013675832,0.0327138901,0.9999992847,86.9376,30.9150
000000502229.jpg,0.0009373294,0.0001398325,0.0062932316,0.3453801274,0.9999907613,53.8515,20.7569
000000502336.jpg,0.0019270218,0.0016810894,0.0025511871,0.0469816923,0.9999979138,37.0624,19.6320
000000502347.jpg,0.0002349275,0.0000000000,0.0004779679,0.0159903765,0.9999998808,45.0802,23.7893
000000502599.jpg,0.0017150796,0.0007086992,0.0028893109,0.0460057259,1.0000000000,37.8508,19.7721
000000502732.jpg,0.0035147856,0.0032017231,0.0060262769,0.1019048691,0.9999825358,89.7531,34.8739
000000502737.jpg,0.0019316503,0.0016211867,0.0024263936,0.0343859196,0.9999990463,87.2793,33.3063
000000502910.jpg,0.0011479694,0.0008289814,0.0016872603,0.0471827984,0.9999995232,35.8137,19.1438
000000503755.jpg,0.0024689732,0.0015134215,0.0034533739,0.0308665037,0.9999986887,83.6011,31.8455
000000503823.jpg,0.0009777880,0.0002436638,0.0018140370,0.0485136509,0.9999955893,34.8869,17.6833
000000503841.jpg,0.0008617494,0.0003346205,0.0015515833,0.0237817764,0.9999988079,61.5546,26.4168
000000503855.jpg,0.0014921613,0.0010700226,0.0020502829,0.0207376480,0.9999995232,29.8242,15.2947
000000504000.jpg,0.0011059523,0.0006010532,0.0017363090,0.0373015404,0.9999972582,23.8055,25.8540
000000504074.jpg,0.0019166794,0.0009875298,0.0029677677,0.0744323730,0.9999989867,33.8129,17.3086
000000504389.jpg,0.0011293318,0.0005114079,0.0021237633,0.0678162575,1.0000000000,34.5072,16.1770
000000504415.jpg,0.0014952109,0.0010609627,0.0021577943,0.0207645297,0.9999995828,36.5113,17.6652
000000504439.jpg,0.0012770456,0.0007597804,0.0018758214,0.0321133137,0.9999997020,26.2592,13.1991
000000504580.jpg,0.0004343940,0.0000000000,0.0009517054,0.0220430493,0.9999991059,35.0475,18.1334
000000504589.jpg,0.0007264961,0.0004061460,0.0012612750,0.0372427702,0.9999989867,35.6091,24.5045
000000504635.jpg,0.0008274112,0.0003864765,0.0013845259,0.0329179764,0.9999996424,35.2725,17.8567
000000504711.jpg,0.0025596572,0.0018465519,0.0033738432,0.1004081964,0.9999990463,80.3605,30.9108
000000505169.jpg,0.0019649707,0.0014269352,0.0028084244,0.1040115356,0.9999995828,81.2396,32.1022
000000505451.jpg,0.0012727451,0.0007741451,0.0018216982,0.0170311928,0.9999995828,32.0667,15.8520
000000505565.jpg,0.0012030698,0.0007235408,0.0018247786,0.0201199055,0.9999995232,37.5887,19.1336
000000505573.jpg,0.0014986936,0.0010759830,0.0021219437,0.0293248892,0.9999991655,32.2061,24.9677
000000505638.jpg,0.0009880769,0.0004642010,0.0018033283,0.0901459455,1.0000000000,82.4248,31.9973
000000505789.jpg,0.0011685767,0.0007027984,0.0022201613,0.1220901012,0.9999989271,82.9006,32.5310
000000505942.jpg,0.0014174476,0.0008370876,0.0022924126,0.0729019642,0.9999992847,43.1163,23.5779
000000506004.jpg,0.0004659677,0.0000000000,0.0011285802,0.0254071355,1.0000000000,94.9242,33.2262
000000506178.jpg,0.0012333588,0.0007394552,0.0018481429,0.0425160527,0.9999986291,42.7990,21.9595
000000506279.jpg,0.0025580379,0.0017821789,0.0034395868,0.0481765270,0.9999995828,55.0784,21.7662
000000506310.jpg,0.0014593762,0.0008683205,0.0021406757,0.0243840218,0.9999995232,40.9666,23.4203
000000506454.jpg,0.0013310920,0.0008974075,0.0018694031,0.0194458961,0.9999998212,81.5928,31.6396
000000506656.jpg,0.0010251767,0.0006554127,0.0016035249,0.0355011821,1.0000000000,83.1586,31.6904
000000506707.jpg,0.0013380090,0.0009689331,0.0018894116,0.0271660089,0.9999996424,36.5792,23.8190
000000506933.jpg,0.0028034833,0.0023825169,0.0035440975,0.0297200680,0.9999993443,82.5154,32.0963
000000507015.jpg,0.0014454602,0.0006837845,0.0021791537,0.0226259232,0.9999998212,39.0534,18.5198
000000507037.jpg,0.0013155564,0.0010015965,0.0019480619,0.0491868556,0.9999964237,82.9123,31.8254
000000507042.jpg,0.0010118665,0.0005233288,0.0016433046,0.0317527056,0.9999994636,36.3281,17.6988
000000507081.jpg,0.0050106924,0.0035192966,0.0069591342,0.2437167168,0.9999966621,53.8814,22.4555
000000507223.jpg,0.0017182962,0.0009185076,0.0025447388,0.0391700268,0.9999994636,80.5211,32.1293
000000507235.jpg,0.0019532724,0.0012307167,0.0027269821,0.0299792290,0.9999992847,55.0606,26.5973
000000507473.jpg,0.0008800867,0.0006022155,0.0012920637,0.0210230350,0.9999994040,79.9636,31.1419
000000507575.jpg,0.0017072718,0.0012500286,0.0023248359,0.0341857672,0.9999992847,81.8471,32.0664
000000507667.jpg,0.0018092629,0.0014481544,0.0024214452,0.0386238098,0.9999999404,43.9341,21.5435
000000507797.jpg,0.0014877529,0.0010581017,0.0023313405,0.0698924065,0.9999976158,35.5174,18.0341
000000507893.jpg,0.0015719575,0.0004138947,0.0030976832,0.0343966484,0.9999994636,35.2742,18.2226
000000507975.jpg,0.0013140369,0.0010073185,0.0018249492,0.0324075222,1.0000000000,80.0458,30.9424
000000508101.jpg,0.0007650905,0.0000923276,0.0014500984,0.0150612593,0.9999986887,79.4267,33.0569
000000508312.jpg,0.0012516215,0.0008969307,0.0017256978,0.0248302221,0.9999992251,37.9170,19.8770
000000508370.jpg,0.0017956734,0.0013542175,0.0023842722,0.0307631493,0.9999989271,36.8611,19.4765
000000508482.jpg,0.0015320060,0.0010242462,0.0021298458,0.0203585625,0.9999992251,86.8361,33.5832
000000508586.jpg,0.0009595778,0.0004487038,0.0015235698,0.0391917229,1.0000000000,31.3479,16.4107
000000508602.jpg,0.0021366363,0.0003830902,0.0039995615,0.0258312821,0.9999999404,51.7637,23.9002
000000508639.jpg,0.0007830028,0.0002822876,0.0014086585,0.0501847267,1.0000000000,85.4775,32.9743
000000508730.jpg,0.0022168614,0.0021183491,0.0026091456,0.0224214792,0.9999990463,86.7195,32.8325
000000508917.jpg,0.0017010153,0.0013799667,0.0023097668,0.0318503380,0.9999976158,30.6927,15.7217
000000509008.jpg,0.0012733242,0.0007402897,0.0020109096,0.0479340553,1.0000000000,37.1411,19.0352
000000509014.jpg,0.0006388612,0.0001525879,0.0012655858,0.0276515484,0.9999992251,23.7046,12.5878
000000509131.jpg,0.0011304166,0.0007120967,0.0016663149,0.0351082087,0.9999990463,35.1166,18.4703
000000509258.jpg,0.0013242165,0.0007311106,0.0020312956,0.0254415274,0.9999989271,36.1654,18.1177
000000509260.jpg,0.0018721320,0.0011010170,0.0027164805,0.0219233036,0.9999991059,46.3330,24.7662
000000509403.jpg,0.0018119847,0.0007258654,0.0028297827,0.0188181400,0.9999996424,35.3273,17.9006
000000509451.jpg,0.0013654993,0.0009171963,0.0020054909,0.0323706865,0.9999987483,43.1496,21.6097
000000509656.jpg,0.0013480524,0.0008361340,0.0019782498,0.0330966711,0.9999989867,81.7191,31.3448
000000509699.jpg,0.0022502055,0.0019323230,0.0028495719,0.0300151110,0.9999992847,94.2961,33.4948
000000509719.jpg,0.0013053190,0.0008181334,0.0018869139,0.0316739082,0.9999993443,36.8522,19.2127
000000509735.jpg,0.0010580648,0.0006142855,0.0017011160,0.0297732353,0.9999992251,38.7219,18.7798
000000509824.jpg,0.0026527261,0.0010254383,0.0048586233,0.0630140305,0.9999995828,55.4899,21.4950
000000510095.jpg,0.0015599880,0.0010657310,0.0021807700,0.0265796185,0.9999990463,36.0503,17.9304
000000510329.jpg,0.0013310758,0.0007061958,0.0021164850,0.0280716419,0.9999980927,80.9468,31.1318
000000511076.jpg,0.0016892292,0.0009943247,0.0024962814,0.0328834057,0.9999998212,36.5751,18.4019
000000511321.jpg,0.0008790525,0.0003752708,0.0015241015,0.0278668404,0.9999955297,36.1405,17.7737
000000511384.jpg,0.0010089452,0.0002024174,0.0019013986,0.0420428216,1.0000000000,35.9162,20.8882
000000511398.jpg,0.0015731478,0.0010030270,0.0022145978,0.0237431526,0.9999992847,35.4703,18.4942
000000511453.jpg,0.0016726365,0.0011987686,0.0022325860,0.0181245804,0.9999991059,54.6657,21.4835
000000511599.jpg,0.0014949439,0.0005868673,0.0026002496,0.0172119141,0.9999997020,92.3922,36.0607
000000511647.jpg,0.0004048380,0.0000000000,0.0012453531,0.0872900486,1.0000000000,89.0243,33.1917
000000511760.jpg,0.0003211884,0.0000000000,0.0009329515,0.0271254182,1.0000000000,24.2031,15.7461
000000511999.jpg,0.0011627680,0.0008225441,0.0016951730,0.0329277515,1.0000000000,97.9101,33.3504
000000512194.jpg,0.0008657015,0.0005858243,0.0014260706,0.0552487969,0.9999985695,84.2177,31.6523
000000512248.jpg,0.0008332320,0.0001780987,0.0014825208,0.0382521152,1.0000000000,83.1335,32.6883
000000512330.jpg,0.0017522477,0.0009739399,0.0029705865,0.1076064110,0.9999981523,36.8091,18.5281
000000512403.jpg,0.0022154499,0.0015217066,0.0030112539,0.0192035437,0.9999994636,79.1079,31.0285
000000512476.jpg,0.0022304438,0.0015935898,0.0029803326,0.0265231133,0.9999992251,36.7035,18.3566
000000512564.jpg,0.0010072556,0.0006614923,0.0014972412,0.0214929581,0.9999982715,36.1110,17.8417
000000512648.jpg,0.0010350894,0.0008046627,0.0014535795,0.0268771648,0.9999994040,35.0558,18.1933
000000512657.jpg,0.0009970388,0.0007001162,0.0014259925,0.0285446644,0.9999995232,35.8811,17.6730
000000512776.jpg,0.0013634078,0.0008794069,0.0020631277,0.0357741117,0.9999995828,37.4662,18.7583
000000512836.jpg,0.0015076500,0.0009974241,0.0021379227,0.0443449020,0.9999996424,80.5666,31.6299
000000512929.jpg,0.0025378917,0.0017204285,0.0038070907,0.1240816116,0.9999997020,53.7781,21.1021
000000512985.jpg,0.0013371877,0.0008511543,0.0020961720,0.0488540530,1.0000000000,80.2860,30.6809
000000513041.jpg,0.0016815003,0.0011260509,0.0024026621,0.0292567611,0.9999992847,79.0012,30.5702
000000513181.jpg,0.0005465510,0.0000698566,0.0011024965,0.0084624290,1.0000000000,33.5375,16.5625
000000513283.jpg,0.0019048691,0.0010961443,0.0027088432,0.0330762863,0.9999997020,76.3835,27.6542
000000513484.jpg,0.0013891173,0.0010104179,0.0020180382,0.0398788452,0.9999994636,33.9013,17.3761
000000513524.jpg,0.0012815060,0.0010750294,0.0017439460,0.0257157087,1.0000000000,33.6732,16.6866
000000513567.jpg,0.0013943916,0.0009794235,0.0019921684,0.0399990082,0.9999985695,82.8946,32.9713
000000513580.jpg,0.0008833617,0.0003923476,0.0014778012,0.0195864439,1.0000000000,84.9006,32.8662
000000513688.jpg,0.0023961784,0.0019571781,0.0030679475,0.0397076607,0.9999995232,91.5162,35.1853
000000514376.jpg,0.0013307679,0.0008519962,0.0019743568,0.0341745019,0.9999987483,88.6614,33.0587
000000514508.jpg,0.0019120461,0.0017428398,0.0024344935,0.0512039997,0.9999976158,85.1843,32.8722
000000514540.jpg,0.0016764225,0.0005719066,0.0031958993,0.0718569756,0.9999987483,41.7247,18.6972
000000514586.jpg,0.0013175433,0.0010245442,0.0018908693,0.0439749956,0.9999991059,39.4066,20.0260
000000514797.jpg,0.0007040726,0.0000000000,0.0014520540,0.0336233377,1.0000000000,95.7490,32.7991
000000514914.jpg,0.0015508762,0.0012197495,0.0020852026,0.0297267437,0.9999992847,30.3245,15.2841
000000514979.jpg,0.0015349539,0.0012009144,0.0022927513,0.0551255941,1.0000000000,36.4297,17.7237
000000515025.jpg,0.0011306434,0.0004131580,0.0018582387,0.0354080200,0.9999998808,34.4935,18.1546
000000515077.jpg,0.0018866999,0.0011804104,0.0027583556,0.0832114220,0.9999991655,79.3550,30.4610
000000515266.jpg,0.0015785312,0.0010132790,0.0022272177,0.0378580093,0.9999993443,41.2893,20.9664
000000515350.jpg,0.0020848217,0.0018503666,0.0026143261,0.0223304033,0.9999983907,39.9558,25.7702
000000515445.jpg,0.0007480171,0.0000000000,0.0015969373,0.0256445408,1.0000000000,87.4021,33.1398
000000515577.jpg,0.0010764244,0.0006775856,0.0015642794,0.0152640343,0.9999995232,39.4503,19.5220
000000515579.jpg,0.0013099951,0.0008985996,0.0018951204,0.0203912258,0.9999986291,38.0765,18.2127
000000515828.jpg,0.0018643512,0.0009453297,0.0027921640,0.0511016846,0.9999994636,37.0301,18.4150
000000515982.jpg,0.0015163663,0.0008508861,0.0022703398,0.0318385363,0.9999991655,35.9769,18.7708
000000516038.jpg,0.0015845178,0.0009355545,0.0024896152,0.0235018730,0.9999996424,82.4962,31.7490
000000516143.jpg,0.0012534884,0.0005621910,0.0021464375,0.1100230217,0.9999945164,78.5310,30.8620
000000516173.jpg,0.0015132570,0.0006835461,0.0023735471,0.0464746952,0.9999994040,38.2539,20.1249
000000516316.jpg,0.0015547840,0.0004972219,0.0034109049,0.0495481491,1.0000000000,95.9066,36.5022
000000516318.jpg,0.0013254101,0.0009109974,0.0019128599,0.0179374218,0.9999973178,39.7399,20.4495
000000516601.jpg,0.0005914745,0.0000000000,0.0013260433,0.0343203545,0.9999989867,32.6995,19.1054
000000516677.jpg,0.0013407085,0.0007853508,0.0020034658,0.0242968798,1.0000000000,87.0559,32.5474
000000516708.jpg,0.0006799580,0.0001330823,0.0015389503,0.0443911552,0.9999973774,44.5753,22.5423
000000516804.jpg,0.0009251965,0.0002021790,0.0019747941,0.0426673889,0.9999994040,84.1151,32.0469
000000516871.jpg,0.0014403915,0.0009922981,0.0019835553,0.0204210281,0.9999992847,37.0228,16.9353
000000516916.jpg,0.0019398046,0.0013215542,0.0027544315,0.0612773895,0.9999989867,80.6202,30.3242
000000517056.jpg,0.0015066420,0.0009280443,0.0021470366,0.0343246460,0.9999995232,82.7117,30.2677
000000517069.jpg,0.0008006356,0.0003361553,0.0013573199,0.0296658278,0.9999994040,92.1590,36.2387
000000517523.jpg,0.0004529516,0.0000060619,0.0011857123,0.0277608037,1.0000000000,41.0056,21.0965
000000517687.jpg,0.0022566444,0.0020265579,0.0027251311,0.0341789722,0.9999994636,33.1830,16.2079
000000517832.jpg,0.0014611059,0.0010969639,0.0020003491,0.0312782526,0.9999992847,58.0330,23.3163
000000518213.jpg,0.0015355536,0.0011507273,0.0021032696,0.0317461491,0.9999984503,86.3497,32.0721
000000518326.jpg,0.0018190746,0.0012297630,0.0025447414,0.0637471080,0.9999993443,84.7649,32.1979
000000518770.jpg,0.0011741852,0.0006295443,0.0018452097,0.0274591446,0.9999995232,44.0073,22.2694
000000519039.jpg,0.0011694988,0.0007847548,0.0017840374,0.0350949764,0.9999994636,23.5317,13.0247
000000519208.jpg,0.0021666500,0.0017771721,0.0027453154,0.0219173431,0.9999985099,35.0801,23.6531
000000519338.jpg,0.0011401305,0.0004248619,0.0020882993,0.0839778185,0.9999997020,35.0393,17.8572
000000519491.jpg,0.0002993021,0.0000000000,0.0007822093,0.0244991779,1.0000000000,80.3457,31.8289
000000519522.jpg,0.0005919585,0.0001015663,0.0011856816,0.0347404480,0.9999951720,36.6927,18.1524
000000519569.jpg,0.0012767781,0.0008763671,0.0017895753,0.0380746126,0.9999991655,35.5679,17.7475
000000519611.jpg,0.0013440903,0.0008612871,0.0019251576,0.0250627995,0.9999995232,79.9825,31.1000
000000519688.jpg,0.0017528508,0.0010998249,0.0024758168,0.0394034386,0.9999993443,76.3035,29.9048
000000519764.jpg,0.0018792262,0.0011075437,0.0041606301,0.2022809982,0.9999974370,43.9940,21.4637
000000520009.jpg,0.0007807878,0.0003788471,0.0014315792,0.0223770142,0.9999999404,44.8532,23.2385
000000520077.jpg,0.0023327656,0.0020714998,0.0030757894,0.0996575356,0.9999985695,35.7496,17.5886
000000520264.jpg,0.0016088111,0.0011148453,0.0022228044,0.0313072205,0.9999989271,80.0518,31.0266
000000520301.jpg,0.0015594194,0.0006564632,0.0024495733,0.0276138783,0.9999992847,81.6076,31.9451
000000520324.jpg,0.0008463279,0.0001857281,0.0020012415,0.0784139633,0.9999971986,83.2080,32.2889
000000520531.jpg,0.0014095880,0.0006093383,0.0021868958,0.0403577089,0.9999998808,83.1441,30.9158
000000520659.jpg,0.0014657303,0.0011315346,0.0019559951,0.0389724970,0.9999986887,80.1214,30.9644
000000520707.jpg,0.0017322066,0.0010303259,0.0026033281,0.0565202236,0.9999992251,94.6624,36.7653
000000520832.jpg,0.0030914543,0.0027586222,0.0038410560,0.0567798615,0.9999976158,97.4424,35.0900
000000520871.jpg,0.0022095477,0.0014152825,0.0030145536,0.0283796787,0.9999988675,41.1974,20.1020
000000520910.jpg,0.0018021218,0.0012896061,0.0026549338,0.1114282608,0.9999993443,40.0162,19.5188
000000521052.jpg,0.0015991104,0.0012683868,0.0020760477,0.0377941132,0.9999994636,86.2493,33.0469
000000521141.jpg,0.0012892832,0.0007454157,0.0019752313,0.0244002342,1.0000000000,46.6088,24.0931
000000521231.jpg,0.0015441388,0.0011356696,0.0021126051,0.0264995098,0.9999996424,35.9086,18.1372
000000521259.jpg,0.0011220637,0.0006572008,0.0017264737,0.0346322060,1.0000000000,91.5741,32.3515
000000521282.jpg,0.0007976255,0.0003438728,0.0014415629,0.0408822298,0.9999997616,36.9274,18.3921
000000521405.jpg,0.0028476210,0.0027930737,0.0032625790,0.0276777744,0.9999992847,36.0021,18.2237
000000521509.jpg,0.0011663063,0.0004717410,0.0021951878,0.0669775009,0.9999992251,37.0588,21.0165
000000521540.jpg,0.0017887891,0.0013617277,0.0024227211,0.0238401890,0.9999993443,78.7283,30.4655
000000521601.jpg,0.0018068565,0.0013308525,0.0027457974,0.1079707146,0.9999995828,78.9982,30.4568
000000521717.jpg,0.0018660417,0.0011583567,0.0026663775,0.0504837036,0.9999994040,34.6173,17.2321
000000521719.jpg,0.0017670790,0.0014567375,0.0023933765,0.0565620661,0.9999980927,44.9871,16.9680
000000521819.jpg,0.0006706544,0.0002870560,0.0011962907,0.0269466043,0.9999997020,80.4695,31.9932
000000521956.jpg,0.0014170104,0.0011283159,0.0020078472,0.0533348918,0.9999992847,34.2156,16.4586
000000522007.jpg,0.0020617731,0.0012198687,0.0031943605,0.0840637684,0.9999986291,80.8908,31.0779
000000522156.jpg,0.0013670970,0.0010457635,0.0018117228,0.0157428980,0.9999990463,37.3845,18.5497
000000522393.jpg,0.0006726943,0.0000595339,0.0013217825,0.0329987407,1.0000000000,54.7023,21.2208
000000522638.jpg,0.0016339275,0.0011358261,0.0023750663,0.0919147134,0.9999994636,36.4607,24.7197
000000522713.jpg,0.0017180062,0.0000000000,0.0031810692,0.0330133438,1.0000000000,80.0903,30.6314
000000522751.jpg,0.0006030494,0.0000000000,0.0015392854,0.0364813805,1.0000000000,35.5446,13.2229
000000522889.jpg,0.0013348450,0.0008590221,0.0020118910,0.0416615009,0.9999995828,34.2379,24.0636
000000522940.jpg,0.0010733171,0.0004138947,0.0018573478,0.0525414944,0.9999996424,86.0956,35.2687
000000523033.jpg,0.0011916487,0.0007152557,0.0018239167,0.0154724121,1.0000000000,40.6492,21.6017
000000523100.jpg,0.0026653945,0.0019325018,0.0036047997,0.0273001194,0.9999994040,91.0693,35.0530
000000523175.jpg,0.0020388276,0.0016665459,0.0026078383,0.0375361443,0.9999988675,46.0751,23.2849
000000523194.jpg,0.0015139950,0.0011086464,0.0020438714,0.0199582577,0.9999994636,37.6565,18.7367
000000523229.jpg,0.0015523551,0.0007977486,0.0023782477,0.0271708965,0.9999992251,84.0020,32.9087
000000523241.jpg,0.0005979303,0.0001847744,0.0013206225,0.0330243111,1.0000000000,36.8047,24.1827
000000523782.jpg,0.0022547662,0.0018591881,0.0029497358,0.0215439796,0.9999994636,79.7781,30.8324
000000523807.jpg,0.0019032647,0.0012628436,0.0026622179,0.0449528694,0.9999986887,42.4113,21.2826
000000523811.jpg,0.0010609691,0.0004601479,0.0017309617,0.0322231054,0.9999995232,80.2640,31.0462
000000523957.jpg,0.0006797749,0.0001005828,0.0013621517,0.0323538333,0.9999995828,36.6846,17.5745
000000524108.jpg,0.0017547412,0.0012784004,0.0023956876,0.0336482525,0.9999991655,33.9819,15.8061
000000524280.jpg,0.0017574709,0.0010900218,0.0026252600,0.0393114090,0.9999995828,53.2172,21.0606
000000524456.jpg,0.0021328463,0.0015711784,0.0028223898,0.0182337761,0.9999992251,90.6794,36.2796
000000524742.jpg,0.0022040606,0.0017254353,0.0028407567,0.0115485191,0.9999986291,95.5247,34.5490
000000524850.jpg,0.0015539059,0.0010290146,0.0024885300,0.1105949879,1.0000000000,37.1744,25.8795
000000525083.jpg,0.0015408369,0.0007998943,0.0027095440,0.0296850204,0.9999990463,37.8168,20.1818
000000525155.jpg,0.0008866519,0.0003423356,0.0015701082,0.0359559059,0.9999992251,37.4042,18.9689
000000525247.jpg,0.0014998902,0.0010733604,0.0020844799,0.0414919853,1.0000000000,41.8711,19.1149
000000525286.jpg,0.0024543852,0.0020783544,0.0032202441,0.0472717285,0.9999997616,57.0335,22.8144
000000525322.jpg,0.0004925177,0.0000000000,0.0011481589,0.0267443061,1.0000000000,37.6761,18.6079
000000525600.jpg,0.0012931717,0.0008563995,0.0018777974,0.0178681612,0.9999994636,34.0504,14.3134
000000526103.jpg,0.0017505201,0.0009664297,0.0026381053,0.0316491127,0.9999996424,82.9666,32.4681
000000526197.jpg,0.0030059530,0.0021544099,0.0040640649,0.0242993832,0.9999994636,37.5435,25.1166
000000526256.jpg,0.0020242548,0.0015554428,0.0027146363,0.0294258595,0.9999989867,81.6226,31.2249
000000526392.jpg,0.0017067338,0.0006528795,0.0029341131,0.0396254063,1.0000000000,37.3019,17.5723
000000526706.jpg,0.0011588281,0.0002434738,0.0020791225,0.0150676370,0.9999996424,35.5099,18.0871
000000526728.jpg,0.0012413792,0.0010434389,0.0015831430,0.0184521675,0.9999995232,44.5745,21.4517
000000526751.jpg,0.0008899387,0.0002175979,0.0016234000,0.0470423698,0.9999977946,35.5068,18.3688
000000527029.jpg,0.0018463087,0.0014077425,0.0024297920,0.0338759422,0.9999984503,54.1976,21.2058
000000527215.jpg,0.0006563874,0.0000642538,0.0015983589,0.0522961617,0.9999992847,36.1483,17.6633
000000527220.jpg,0.0018057006,0.0015974045,0.0022278200,0.0262472630,0.9999967217,18.0175,11.8363
000000527427.jpg,0.0014815598,0.0011471510,0.0020151213,0.0335527658,0.9999991655,79.6866,31.3436
000000527528.jpg,0.0005217604,0.0000000000,0.0013022899,0.0178983212,0.9999971986,81.0451,31.1081
000000527616.jpg,0.0022434730,0.0018188953,0.0028793688,0.0281920433,0.9999971390,80.2898,30.2243
000000527695.jpg,0.0024781856,0.0022339821,0.0029637662,0.0241444111,0.9999979138,35.0265,18.2434
000000527750.jpg,0.0011918881,0.0009489059,0.0015639949,0.0163544416,0.9999995232,36.2410,18.5211
000000527784.jpg,0.0019542887,0.0014328957,0.0026580750,0.0323386788,0.9999995828,78.8357,29.7620
000000527960.jpg,0.0011824173,0.0008239746,0.0016616668,0.0232954025,0.9999993443,40.6822,20.5651
000000528314.jpg,0.0012649809,0.0007123947,0.0020077040,0.0365242958,0.9999996424,33.6229,17.1268
000000528399.jpg,0.0029906426,0.0024616718,0.0038124134,0.0434755087,0.9999988675,36.0733,18.3452
000000528524.jpg,0.0014002072,0.0008679628,0.0021026852,0.0433185101,0.9999991655,82.9473,32.2904
000000528578.jpg,0.0003775328,0.0000000000,0.0008533510,0.0240834057,0.9999990463,37.3052,18.5280
000000528705.jpg,0.0026408278,0.0020143017,0.0037471075,0.0423474312,1.0000000000,35.9497,18.5182
000000528862.jpg,0.0014093362,0.0010106564,0.0020362011,0.0487092137,0.9999990463,44.5895,24.2782
000000528977.jpg,0.0010516765,0.0004334450,0.0016761033,0.0304003954,1.0000000000,47.2035,24.2488
000000528980.jpg,0.0008404519,0.0001928806,0.0018809426,0.0519543886,0.9999991655,39.3921,19.4548
000000529105.jpg,0.0013363519,0.0009074211,0.0019015634,0.0197825432,0.9999997020,86.0650,32.8882
000000529122.jpg,0.0019268994,0.0016632080,0.0024187216,0.0325783491,0.9999991655,32.0909,16.1183
000000529148.jpg,0.0034662825,0.0028114319,0.0042280769,0.0798530579,0.9999989867,36.6765,18.6014
000000529528.jpg,0.0023033854,0.0021634102,0.0027940779,0.0253767967,0.9999986291,36.4528,22.1588
000000529568.jpg,0.0010351392,0.0006660223,0.0017378926,0.0780317783,0.9999996424,82.0978,31.4209
000000529762.jpg,0.0013519328,0.0009182692,0.0018884880,0.0341672897,0.9999997616,82.0714,30.2953
000000529939.jpg,0.0020700081,0.0018987656,0.0024827681,0.0451574326,0.9999987483,85.9838,33.8859
000000529966.jpg,0.0015568712,0.0009627119,0.0023987067,0.0616673231,1.0000000000,37.2622,18.6201
000000530052.jpg,0.0021611112,0.0015513897,0.0028699813,0.0593063831,0.9999991655,37.9336,18.6150
000000530061.jpg,0.0016824192,0.0010156631,0.0024243242,0.0391299725,0.9999995232,92.2040,33.2253
000000530099.jpg,0.0012028853,0.0008684993,0.0017114553,0.0563694835,0.9999995828,43.8722,21.8716
000000530146.jpg,0.0021143395,0.0014860630,0.0028441919,0.0302605629,0.9999978542,55.3592,21.7291
000000530162.jpg,0.0013940849,0.0009055138,0.0020176459,0.0493230820,0.9999993443,36.5011,18.8560
000000530457.jpg,0.0019230458,0.0015996695,0.0024542417,0.0213776827,0.9999990463,84.7196,32.7553
000000530466.jpg,0.0021802774,0.0016670227,0.0028337699,0.0282821655,0.9999992251,82.8814,32.1976
000000530470.jpg,0.0005168130,0.0000000000,0.0010849754,0.0092832446,1.0000000000,43.5760,22.0110
000000530624.jpg,0.0016494239,0.0011339188,0.0024426840,0.0394568443,0.9999997616,82.0954,30.5559
000000530820.jpg,0.0007962112,0.0006541014,0.0010708293,0.0300779343,0.9999993443,35.4022,17.9302
000000530836.jpg,0.0011555601,0.0006715059,0.0018857669,0.0443537235,0.9999993443,86.6170,30.9306
000000530854.jpg,0.0032233645,0.0026769638,0.0043058526,0.0496916771,0.9999995828,35.2729,17.2482
000000530975.jpg,0.0019503232,0.0009986162,0.0030525443,0.0487375259,0.9999995232,78.4371,31.5555
000000531036.jpg,0.0011805522,0.0006861687,0.0019298849,0.0475783348,1.0000000000,83.6975,32.9748
000000531134.jpg,0.0011599597,0.0006835461,0.0018847438,0.0521878004,0.9999998808,82.7927,31.7559
000000531135.jpg,0.0006993252,0.0002406649,0.0012537432,0.0081744194,0.9999971390,43.4445,21.9985
000000531495.jpg,0.0009278589,0.0004487485,0.0015358556,0.0320822001,1.0000000000,94.9164,33.1782
000000531707.jpg,0.0010547419,0.0004498959,0.0022638056,0.1399061680,1.0000000000,82.1745,32.4322
000000531771.jpg,0.0023588832,0.0019073486,0.0031094402,0.0614723563,0.9999976754,39.6661,18.1280
000000532058.jpg,0.0027995396,0.0021924973,0.0035057170,0.0247938633,0.9999992847,83.5912,32.4938
000000532071.jpg,0.0012296855,0.0007854700,0.0018459682,0.0371370316,0.9999991655,46.9923,17.0638
000000532129.jpg,0.0021773719,0.0016217232,0.0028475742,0.0133218765,0.9999992847,34.8443,23.7509
000000532481.jpg,0.0003253846,0.0000000000,0.0008720290,0.0203235149,1.0000000000,35.0623,19.3747
000000532493.jpg,0.0013831359,0.0009264946,0.0019624159,0.0150673091,0.9999990463,35.1493,17.0238
000000532530.jpg,0.0010676431,0.0004737377,0.0018752951,0.0873479843,1.0000000000,36.8733,18.3024
000000532575.jpg,0.0025626353,0.0014607906,0.0043055308,0.0403633118,0.9999999404,47.2245,17.5469
000000532690.jpg,0.0021883501,0.0018061101,0.0027862487,0.0698637962,0.9999986887,77.8578,31.3551
000000532761.jpg,0.0011991193,0.0008010864,0.0018433993,0.0380678177,0.9999995232,83.0071,31.7103
000000532855.jpg,0.0013726474,0.0008197725,0.0020685897,0.0412614346,1.0000000000,93.0056,32.6791
000000532901.jpg,0.0015877306,0.0008113384,0.0023811655,0.0195732117,0.9999994636,33.7944,15.6193
000000533145.jpg,0.0018169336,0.0013127327,0.0024592443,0.0406398773,0.9999993443,43.7884,24.3976
000000533206.jpg,0.0020283030,0.0014657974,0.0026818197,0.0199542046,0.9999992251,36.0191,18.8402
000000533493.jpg,0.0007622754,0.0000000000,0.0014833864,0.0320464373,1.0000000000,30.8159,16.1285
000000533536.jpg,0.0019230124,0.0013084412,0.0026318522,0.0641479492,0.9999990463,83.1947,31.8573
000000533816.jpg,0.0012904096,0.0006513596,0.0024483742,0.0856444836,0.9999988675,36.5206,18.3653
000000533855.jpg,0.0022012428,0.0016802549,0.0034614289,0.1906954050,0.9999975562,37.0591,18.8256
000000533958.jpg,0.0020062572,0.0015559196,0.0025944216,0.0182319880,0.9999984503,55.6089,21.8175
000000534041.jpg,0.0018081963,0.0010991096,0.0026332305,0.0287957191,0.9999995828,44.1044,22.3924
000000534270.jpg,0.0010776909,0.0004620031,0.0018185447,0.0332748890,1.0000000000,46.4854,22.3614
000000534394.jpg,0.0011708173,0.0007051229,0.0019592622,0.0539140701,0.9999994636,30.6648,15.9311
000000534601.jpg,0.0020562620,0.0012943745,0.0028944346,0.0194697380,0.9999990463,36.3592,18.8861
000000534605.jpg,0.0012950168,0.0007610321,0.0019813478,0.0406475067,1.0000000000,36.9567,18.3639
000000534639.jpg,0.0020044839,0.0014381409,0.0028415695,0.0392150879,1.0000000000,83.7058,32.2414
000000534664.jpg,0.0017052768,0.0011453629,0.0023666963,0.0267202854,0.9999995828,35.4836,17.0363
000000534673.jpg,0.0013529303,0.0008342266,0.0023725107,0.1600029469,1.0000000000,83.0192,31.9276
000000534827.jpg,0.0009689176,0.0003504753,0.0016867389,0.0370160043,0.9999998212,56.2512,21.8133
000000535094.jpg,0.0031229625,0.0028362274,0.0038658609,0.0308327675,0.9999991655,37.3567,18.8713
000000535156.jpg,0.0014388516,0.0008068085,0.0022035600,0.0209281445,1.0000000000,81.7604,30.4258
000000535253.jpg,0.0020213653,0.0017464161,0.0025396240,0.0418298244,0.9999991059,56.4706,21.8450
000000535306.jpg,0.0009482254,0.0002202988,0.0018045101,0.0321229845,0.9999995828,37.0804,18.9421
000000535523.jpg,0.0014811810,0.0009617805,0.0022146136,0.0481719971,0.9999994040,36.4398,18.7774
000000535578.jpg,0.0014932704,0.0007240772,0.0023240473,0.0261168480,0.9999992251,35.4080,18.0702
000000535608.jpg,0.0010149810,0.0003051385,0.0017953807,0.0183727741,0.9999989271,42.2526,22.4033
000000535858.jpg,0.0014126075,0.0010684729,0.0019468911,0.0246026516,0.9999996424,35.6993,17.7985
000000536038.jpg,0.0019353235,0.0009617358,0.0029714676,0.0240762234,0.9999997616,29.4702,15.1573
000000536073.jpg,0.0025271787,0.0019674301,0.0033223142,0.0398379564,0.9999992847,80.9769,31.5016
000000536343.jpg,0.0017976457,0.0014200211,0.0023383223,0.0150218010,0.9999984503,35.8829,18.6675
000000536947.jpg,0.0014507700,0.0010362864,0.0020474123,0.0387141705,0.9999995232,78.3360,29.5885
000000537053.jpg,0.0009554641,0.0003327727,0.0017004909,0.0324500948,0.9999997616,78.2259,32.2984
000000537153.jpg,0.0006895249,0.0000000000,0.0015665975,0.0201516151,0.9999992847,35.0963,16.4350
000000537241.jpg,0.0018349310,0.0013027191,0.0024233775,0.0213603973,0.9999998212,36.7760,18.7276
000000537270.jpg,0.0016341791,0.0010061562,0.0023453939,0.0253925323,0.9999992847,84.8094,32.5714
000000537355.jpg,0.0010314025,0.0005646348,0.0016618591,0.0359873772,0.9999988079,36.8804,23.2187
000000537506.jpg,0.0018883077,0.0010951161,0.0028587666,0.0292787552,0.9999993443,36.1613,18.8113
000000537672.jpg,0.0028955915,0.0023124218,0.0038029721,0.0665278435,0.9999986291,37.7441,25.3596
000000537802.jpg,0.0020774545,0.0016019344,0.0027538438,0.0554577708,0.9999988675,83.2036,32.6214
000000537812.jpg,0.0010113959,0.0007884502,0.0014218710,0.0337314606,0.9999989271,85.2919,32.4053
000000537827.jpg,0.0013026415,0.0008793473,0.0017778716,0.0275917053,0.9999994636,35.5997,16.8567
000000537964.jpg,0.0013893988,0.0008360147,0.0020993834,0.0510013103,0.9999995232,36.1781,17.5211
000000537991.jpg,0.0012003764,0.0007404685,0.0018648910,0.0285677910,0.9999995232,80.8230,31.0521
000000538067.jpg,0.0004237051,0.0000462532,0.0009470235,0.0168604851,1.0000000000,42.3317,21.2901
000000538236.jpg,0.0023748046,0.0020203590,0.0031714451,0.0214255154,0.9999955297,36.9618,18.0936
000000538364.jpg,0.0016989721,0.0009422302,0.0031495304,0.0606470704,0.9999991059,79.4845,29.0089
000000538458.jpg,0.0013614511,0.0007765293,0.0021442682,0.0309720039,0.9999993443,33.5876,16.6858
000000539143.jpg,0.0020429906,0.0012075901,0.0032055003,0.0434625149,0.9999997020,83.8427,29.5417
000000539445.jpg,0.0008645616,0.0002796352,0.0014658906,0.0221500695,0.9999997020,50.5027,19.6811
000000539883.jpg,0.0014602354,0.0011036396,0.0021870772,0.0487906933,0.9999964237,33.7506,20.2529
000000539962.jpg,0.0008889841,0.0001730770,0.0024195889,0.0712912083,1.0000000000,90.1725,36.4333
000000540280.jpg,0.0026080841,0.0020196438,0.0035980742,0.0982382298,0.9999983311,44.2955,21.5403
000000540414.jpg,0.0014020584,0.0009307861,0.0020395333,0.0694532394,0.9999993443,95.6393,36.3955
000000540466.jpg,0.0012363663,0.0006459951,0.0019275367,0.0271098614,0.9999989271,42.9487,20.4381
000000540502.jpg,0.0017868730,0.0008196831,0.0027061049,0.0245704651,0.9999996424,38.6753,19.7161
000000540928.jpg,0.0018687845,0.0014251471,0.0026846710,0.1159796715,0.9999994636,99.7977,33.9179
000000540932.jpg,0.0012712043,0.0007877350,0.0019314652,0.0154523849,0.9999998212,83.5320,31.9581
000000540962.jpg,0.0014956139,0.0011790991,0.0021029992,0.0204734802,0.9999994040,47.0310,21.7112
000000541055.jpg,0.0011264979,0.0004900694,0.0018922037,0.0362535715,0.9999995232,29.8939,16.2325
000000541123.jpg,0.0014288308,0.0005731583,0.0022393498,0.0256447792,0.9999995232,36.9341,17.6567
000000541291.jpg,0.0019043636,0.0015161932,0.0024713839,0.0262734890,0.9999995232,35.6495,18.0084
000000541634.jpg,0.0022115035,0.0015735626,0.0030560654,0.0549761057,0.9999985695,55.3141,21.3860
000000541664.jpg,0.0023671433,0.0019061565,0.0030878594,0.0543395281,0.9999989271,43.7114,21.5098
000000541773.jpg,0.0016015733,0.0010142326,0.0024262469,0.0669746399,0.9999995828,92.8576,37.4184
000000541952.jpg,0.0002487836,0.0000000000,0.0007896452,0.0309723616,1.0000000000,99.0024,36.3842
000000542073.jpg,0.0013121546,0.0009753704,0.0019508924,0.0997011662,0.9999978542,46.8330,24.8347
000000542089.jpg,0.0009424031,0.0004940033,0.0018976607,0.0644979477,0.9999994636,47.4652,26.6540
000000542127.jpg,0.0004196123,0.0000000000,0.0010206709,0.0258005857,0.9999982715,37.5158,18.9059
000000542423.jpg,0.0008033137,0.0001993477,0.0014901756,0.0414021611,1.0000000000,37.6665,19.2469
000000542625.jpg,0.0014205158,0.0005848408,0.0026100820,0.0406074524,0.9999996424,83.3060,31.3646
000000542776.jpg,0.0020235090,0.0013412237,0.0027657079,0.0354574919,0.9999996424,36.4699,17.9258
000000542856.jpg,0.0011773946,0.0006836653,0.0018351995,0.0352184772,1.0000000000,36.0496,17.3699
000000543043.jpg,0.0014109524,0.0008993149,0.0020273894,0.0588562489,0.9999994636,78.9361,30.4976
000000543047.jpg,0.0018903044,0.0012845397,0.0025745782,0.0212678909,0.9999997616,80.8927,30.4702
000000543300.jpg,0.0008099644,0.0002126694,0.0014005766,0.0192544460,0.9999956489,78.7918,30.4532
000000543528.jpg,0.0003050212,0.0000414252,0.0007196863,0.0314223766,1.0000000000,90.2050,36.8329
000000543581.jpg,0.0013220086,0.0009310246,0.0018294131,0.0250282288,0.9999988079,40.9737,22.2308
000000544052.jpg,0.0014478682,0.0007948875,0.0023177143,0.0435498953,0.9999974370,62.4254,24.0358
000000544306.jpg,0.0003731798,0.0000000000,0.0009906234,0.0281907916,1.0000000000,61.4719,24.1267
000000544444.jpg,0.0021423795,0.0009298921,0.0034156430,0.0189673901,0.9999992847,38.9658,19.1578
000000544519.jpg,0.0010497940,0.0006885529,0.0016497079,0.0299327374,0.9999994040,37.1415,19.3721
000000544565.jpg,0.0017236408,0.0011320114,0.0024338316,0.0200421810,0.9999990463,59.0570,22.6638
000000544605.jpg,0.0010362889,0.0006239414,0.0017912276,0.0536875725,0.9999973774,45.3252,22.6684
000000544811.jpg,0.0011451220,0.0006971359,0.0016763482,0.0225667953,0.9999995828,37.0730,19.3952
000000545007.jpg,0.0006529410,0.0000000000,0.0014681229,0.0347024202,1.0000000000,37.7507,18.4342
000000545100.jpg,0.0010299972,0.0003630184,0.0018176722,0.0324776173,0.9999994636,36.0834,17.9588
000000545129.jpg,0.0016858592,0.0010194778,0.0023627258,0.0197870731,0.9999995828,43.1000,22.5753
000000545219.jpg,0.0017731108,0.0011494160,0.0030687233,0.1535676420,1.0000000000,81.1672,31.6471
000000545407.jpg,0.0001075511,0.0000000000,0.0003852500,0.0281096697,0.9999958277,36.4165,18.5124
000000545594.jpg,0.0021370265,0.0014364719,0.0029983514,0.0344848633,0.9999991059,78.9140,29.9992
000000545730.jpg,0.0010424006,0.0003646612,0.0018888435,0.0391502380,0.9999981523,36.5125,18.0160
000000545826.jpg,0.0019524362,0.0015927553,0.0025673544,0.0385174751,0.9999989867,36.2648,18.4729
000000545958.jpg,0.0011095635,0.0007555485,0.0016069621,0.0144746304,0.9999990463,36.4346,17.6960
000000546011.jpg,0.0009164152,0.0005167723,0.0014342202,0.0434145927,0.9999995828,35.0415,17.5289
000000546219.jpg,0.0014280762,0.0011801720,0.0018524998,0.0400942564,0.9999988079,35.0445,17.0260
000000546325.jpg,0.0015122902,0.0011755228,0.0021032323,0.0274863243,0.9999994040,80.7032,32.5405
000000546475.jpg,0.0010974695,0.0008096695,0.0015429148,0.0403580666,0.9999992251,30.4062,15.6324
000000546556.jpg,0.0008525219,0.0001238286,0.0020235963,0.0508143902,1.0000000000,22.9783,12.5486
000000546626.jpg,0.0047135488,0.0046381950,0.0058400491,0.2303194404,0.9999967217,45.4537,24.0344
000000546659.jpg,0.0011610921,0.0008864403,0.0016285431,0.0192105770,0.9999994636,37.5540,18.8619
000000546717.jpg,0.0020487825,0.0014419556,0.0027758749,0.0416202545,0.9999997616,90.6534,33.5909
000000546823.jpg,0.0014577087,0.0008549690,0.0021979790,0.0405150652,0.9999995232,84.5119,32.6394
000000546826.jpg,0.0027678097,0.0023918152,0.0034431736,0.0348827839,0.9999986887,85.3784,32.8355
000000546829.jpg,0.0013962543,0.0009499788,0.0019812966,0.0242850780,0.9999993443,39.0490,18.3897
000000546964.jpg,0.0014108761,0.0008890629,0.0020659515,0.0431299210,0.9999998212,82.0215,31.1464
000000546976.jpg,0.0015711836,0.0010216236,0.0024570029,0.0955398083,0.9999986291,42.7890,21.4578
000000547144.jpg,0.0011163963,0.0009013414,0.0014981605,0.0295658112,0.9999988675,81.1493,31.0475
000000547336.jpg,0.0016627850,0.0008190274,0.0026521417,0.0405902863,0.9999992251,80.8022,30.2864
000000547383.jpg,0.0016110304,0.0007941723,0.0024081348,0.0309891701,0.9999996424,35.0792,17.2452
000000547502.jpg,0.0016605086,0.0008056164,0.0025024251,0.0236749649,1.0000000000,77.9946,31.1402
000000547519.jpg,0.0014155909,0.0007064342,0.0022136550,0.0269970894,0.9999994636,36.6185,18.5021
000000547816.jpg,0.0018090350,0.0013329983,0.0028827169,0.0303726196,0.9999989271,36.8917,17.9827
000000547854.jpg,0.0018543344,0.0010441244,0.0028130892,0.0456497669,1.0000000000,60.9457,24.9765
000000547886.jpg,0.0009694354,0.0004534721,0.0015946553,0.0163386464,1.0000000000,44.9152,21.7729
000000548246.jpg,0.0014869682,0.0007151365,0.0023908580,0.0273594856,0.9999997020,44.2945,21.8076
000000548267.jpg,0.0004093411,0.0000360608,0.0010245182,0.0231242180,0.9999981523,94.4987,35.2422
000000548339.jpg,0.0012624969,0.0006439686,0.0020089268,0.0177991390,0.9999994636,69.0250,29.9694
000000548506.jpg,0.0025767786,0.0017442703,0.0034252610,0.0297011137,0.9999993443,38.2231,19.3026
000000548524.jpg,0.0008024625,0.0001256466,0.0015649246,0.0134005547,1.0000000000,38.0261,19.1825
000000548555.jpg,0.0021209295,0.0015635490,0.0028357822,0.0230343342,0.9999986887,36.7343,18.7420
000000548780.jpg,0.0013732760,0.0008873940,0.0020646176,0.0294919014,1.0000000000,36.8343,18.1038
000000549055.jpg,0.0009004311,0.0002940297,0.0015992025,0.0279374123,1.0000000000,27.1748,13.6355
000000549136.jpg,0.0005204935,0.0000000000,0.0011287848,0.0339558125,1.0000000000,35.4620,18.0277
000000549167.jpg,0.0023657242,0.0016131401,0.0032106580,0.0633727312,0.9999990463,35.1133,18.1085
000000549220.jpg,0.0021888760,0.0016911030,0.0028870835,0.0295697451,0.9999993443,81.3939,31.8977
000000549390.jpg,0.0010798434,0.0005543828,0.0017000670,0.0308395624,0.9999994040,37.3349,19.1146
000000549674.jpg,0.0027994118,0.0025882721,0.0034154225,0.0391681194,0.9999994636,86.2656,33.0343
000000549738.jpg,0.0002568348,0.0000000000,0.0008642137,0.0523432493,1.0000000000,36.8567,19.6443
000000549930.jpg,0.0012745288,0.0007488728,0.0020484123,0.0699708462,0.9999969006,71.8697,29.0166
000000550084.jpg,0.0005732505,0.0001290143,0.0011693737,0.0260221958,0.9999969006,45.0895,22.7645
000000550322.jpg,0.0015720914,0.0010414124,0.0023142090,0.0401699543,0.9999980330,37.4831,19.3779
000000550349.jpg,0.0011225920,0.0006446838,0.0018663682,0.0414465964,0.9999937415,87.2171,33.9777
000000550426.jpg,0.0012698238,0.0009441376,0.0019404159,0.0264305472,1.0000000000,35.4456,18.0512
000000550471.jpg,0.0032713641,0.0025045872,0.0040581450,0.0261418819,0.9999992847,37.8292,19.1749
000000550691.jpg,0.0013110805,0.0005717278,0.0021411399,0.0483076572,1.0000000000,85.6246,33.3137
000000550714.jpg,0.0028321443,0.0021325350,0.0041529071,0.1487541199,1.0000000000,86.2172,33.0509
000000550797.jpg,0.0014493660,0.0011743307,0.0019110019,0.0316460133,0.9999983907,32.3948,15.6609
000000550939.jpg,0.0007681769,0.0000112057,0.0015242964,0.0266963840,0.9999989271,36.0593,17.0766
000000551215.jpg,0.0018960766,0.0013003349,0.0026019558,0.0347483158,0.9999997020,83.4573,32.7463
000000551304.jpg,0.0016464380,0.0013788939,0.0021062801,0.0487036705,0.9999991655,83.2919,32.7130
000000551350.jpg,0.0013665897,0.0008597374,0.0019729254,0.0366101265,1.0000000000,80.8761,31.3630
000000551439.jpg,0.0026390718,0.0017227530,0.0035923962,0.0234954357,0.9999995828,36.1581,18.6612
000000551660.jpg,0.0017660104,0.0014386177,0.0022369616,0.0350613594,0.9999990463,36.9265,17.6529
000000551780.jpg,0.0022690336,0.0016727448,0.0029559499,0.0118508339,0.9999985695,81.8384,31.7152
000000551794.jpg,0.0012167550,0.0008660555,0.0016923773,0.0243308544,1.0000000000,87.5896,33.9809
000000551804.jpg,0.0014843456,0.0008833408,0.0021652891,0.0452077389,0.9999992847,38.1998,24.8599
000000551815.jpg,0.0012257124,0.0007491112,0.0017685825,0.0193272829,0.9999997616,82.9373,31.9849
000000551820.jpg,0.0012118915,0.0002754629,0.0025209491,0.0556921959,0.9999992847,40.3609,19.0385
000000551822.jpg,0.0019430104,0.0013098717,0.0027250710,0.0608468056,0.9999991059,93.8250,33.4628
000000552371.jpg,0.0013375313,0.0007717609,0.0021011559,0.0419416428,1.0000000000,36.9344,18.1211
000000552612.jpg,0.0013748422,0.0007426143,0.0022305378,0.0671135187,0.9999995232,53.6356,21.2177
000000552775.jpg,0.0017178915,0.0011758804,0.0024277407,0.0491700172,0.9999976158,42.6596,21.4842
000000552842.jpg,0.0013562910,0.0010004044,0.0017883824,0.0182828903,0.9999998808,39.1653,21.7758
000000552883.jpg,0.0010915668,0.0008132458,0.0014526434,0.0316209793,0.9999988079,43.6683,21.8599
000000552902.jpg,0.0016280313,0.0008593798,0.0025197542,0.0324728489,0.9999995232,42.5389,21.6356
000000553094.jpg,0.0011694405,0.0001256364,0.0023011251,0.0773123503,0.9999945760,41.0708,20.7436
000000553221.jpg,0.0008153798,0.0000000000,0.0016256742,0.0237910748,1.0000000000,39.8219,20.6947
000000553339.jpg,0.0010268254,0.0004109740,0.0018888811,0.0549890995,0.9999958277,48.0911,22.9533
000000553511.jpg,0.0011361620,0.0008508563,0.0017701720,0.0422735214,1.0000000000,37.6358,18.8628
000000553664.jpg,0.0022235040,0.0012944341,0.0030824556,0.0181692839,0.9999997020,36.2844,18.0915
000000553669.jpg,0.0010349560,0.0005189776,0.0018521529,0.1108629704,0.9999994040,84.9488,31.7985
000000553731.jpg,0.0016872293,0.0012936592,0.0024186561,0.0522148013,0.9999989867,37.4215,18.3699
000000553776.jpg,0.0011182207,0.0004901886,0.0019214699,0.0274205208,1.0000000000,80.7600,30.6136
000000553788.jpg,0.0022042042,0.0011405945,0.0033093023,0.0474009514,0.9999997020,29.9051,15.3031
000000553990.jpg,0.0009525935,0.0004749298,0.0015191912,0.0324491262,0.9999996424,36.1825,18.4406
000000554002.jpg,0.0014041620,0.0009114742,0.0020578350,0.0311562717,0.9999994040,36.4746,17.9008
000000554156.jpg,0.0008238866,0.0004849434,0.0013342683,0.0390905142,0.9999991655,36.5547,18.6189
000000554266.jpg,0.0027901172,0.0018056333,0.0037943809,0.0266993046,0.9999963641,28.6568,13.4727
000000554291.jpg,0.0028906472,0.0021381378,0.0040452001,0.0895969868,0.9999982119,35.1968,18.0488
000000554328.jpg,0.0010219731,0.0005273819,0.0018092550,0.0672572255,0.9999992847,80.4722,30.1461
000000554579.jpg,0.0012002029,0.0008478165,0.0016594997,0.0295476913,0.9999992251,81.5608,31.2548
000000554595.jpg,0.0011927253,0.0007081032,0.0018474371,0.0239308476,0.9999961853,43.7299,21.6448
000000554735.jpg,0.0022407221,0.0014154911,0.0031613922,0.0668497086,0.9999995828,82.2834,31.5331
000000554838.jpg,0.0020597277,0.0010578036,0.0036289664,0.2020123005,0.9999992847,84.4157,32.5029
000000555005.jpg,0.0021193111,0.0019230843,0.0027186545,0.1680969596,0.9999993443,81.8758,31.7220
000000555009.jpg,0.0021635743,0.0018501282,0.0028367925,0.0513217449,0.9999979138,43.5311,21.9828
000000555012.jpg,0.0022045237,0.0014007092,0.0033888172,0.0506415367,0.9999994040,39.8371,24.8529
000000555050.jpg,0.0017764848,0.0017135143,0.0022443593,0.0399951935,0.9999988079,33.7086,17.5579
000000555412.jpg,0.0017787680,0.0011858940,0.0024451150,0.0176196098,0.9999991059,36.5197,18.4064
000000555597.jpg,0.0007373450,0.0001600981,0.0019148133,0.1169987321,0.9999986291,79.6740,30.0281
000000555705.jpg,0.0016939124,0.0010409951,0.0024188417,0.0229552984,0.9999986887,30.6116,15.6377
000000555972.jpg,0.0013879435,0.0004006892,0.0023598624,0.0412318707,0.9999994636,82.9549,33.2336
000000556000.jpg,0.0020225684,0.0011692047,0.0028909564,0.0333197117,0.9999992847,78.3835,29.8930
000000556158.jpg,0.0015540204,0.0009289384,0.0022054731,0.0178105831,0.9999993443,97.9817,38.0496
000000556193.jpg,0.0014576024,0.0013227463,0.0018542482,0.0318574905,0.9999989867,43.2137,21.1425
000000556498.jpg,0.0008583462,0.0004243851,0.0014937423,0.0349853039,1.0000000000,91.9974,34.8786
000000556765.jpg,0.0014278514,0.0006259680,0.0023653663,0.0724956989,0.9999991059,39.8083,18.9321
000000556873.jpg,0.0017050997,0.0013529062,0.0022893935,0.0157911777,0.9999987483,37.0271,19.3331
000000557172.jpg,0.0025180364,0.0016887188,0.0035127124,0.0363941193,0.9999989867,86.3413,32.5734
000000557258.jpg,0.0015656720,0.0013489723,0.0019846456,0.0366914272,0.9999980927,34.5109,24.6253
000000557501.jpg,0.0011457233,0.0009387732,0.0015688367,0.0175695419,0.9999996424,80.6106,31.7932
000000557672.jpg,0.0014416975,0.0008424222,0.0021108934,0.0201880932,1.0000000000,35.3421,18.4595
000000557884.jpg,0.0021085166,0.0019401312,0.0024888911,0.0319578648,0.9999968410,83.3699,32.3980
000000557916.jpg,0.0015331678,0.0010265112,0.0021317755,0.0267892182,0.9999995232,43.6293,17.4178
000000558073.jpg,0.0017029757,0.0011317134,0.0024750507,0.0469169617,0.9999997020,43.2085,22.1971
000000558114.jpg,0.0014043067,0.0004706085,0.0027274892,0.1597949266,0.9999991655,79.2737,30.5493
000000558213.jpg,0.0006335910,0.0000000000,0.0013445871,0.0399680883,1.0000000000,35.1789,17.1073
000000558421.jpg,0.0008790675,0.0002841651,0.0016319344,0.0555019677,0.9999958873,38.3240,17.5180
000000558558.jpg,0.0016512626,0.0006986856,0.0031635845,0.1531335711,0.9999996424,77.6804,29.7789
000000558854.jpg,0.0020882115,0.0016026497,0.0027099263,0.0307283401,0.9999992847,41.8690,20.2664
000000559099.jpg,0.0009016388,0.0002989620,0.0015686724,0.0278086662,1.0000000000,35.7131,20.2643
000000559160.jpg,0.0010881899,0.0004687309,0.0018272246,0.0661080480,1.0000000000,34.6203,26.6332
000000559348.jpg,0.0017107745,0.0006929636,0.0026735531,0.0393099785,0.9999998808,79.1954,29.5649
000000559513.jpg,0.0019957912,0.0014848411,0.0026299816,0.0175822973,0.9999994636,32.6424,25.7704
000000559543.jpg,0.0013817238,0.0009390116,0.0020469709,0.0367443562,0.9999985695,33.1093,17.5021
000000559547.jpg,0.0010004396,0.0007407665,0.0014133307,0.0429277420,0.9999988675,89.5116,34.2384
000000559707.jpg,0.0022135724,0.0016380548,0.0029150546,0.0225290656,0.9999993443,95.5319,36.3660
000000559842.jpg,0.0012854800,0.0007730722,0.0018731786,0.0234909058,0.9999995828,39.9449,20.7014
000000559956.jpg,0.0023265267,0.0016987324,0.0030872251,0.0274670124,0.9999994040,91.7270,33.3012
000000560011.jpg,0.0015540463,0.0009875298,0.0023108807,0.0255557299,0.9999997616,37.7167,25.9975
000000560178.jpg,0.0014793342,0.0007367730,0.0024444708,0.0356805325,1.0000000000,85.6106,33.2694
000000560256.jpg,0.0027959105,0.0019870996,0.0037028107,0.0259408951,0.9999994636,86.8989,32.9593
000000560266.jpg,0.0013081862,0.0008525848,0.0019150494,0.0428377390,0.9999997020,36.2163,18.0325
000000560279.jpg,0.0008793662,0.0006954074,0.0011917617,0.0201549530,0.9999989867,54.7375,21.6030
000000560312.jpg,0.0009330236,0.0006208420,0.0014751123,0.0152707100,0.9999989867,36.6426,18.8433
000000560371.jpg,0.0007629665,0.0004884005,0.0012831261,0.0280598849,0.9999984503,38.0253,18.1459
000000560474.jpg,0.0028696165,0.0026750565,0.0035714055,0.0396029353,0.9999993443,81.6988,31.6430
000000560880.jpg,0.0007599723,0.0001354218,0.0014829163,0.0174221098,0.9999981523,95.9086,35.3882
000000560911.jpg,0.0015890131,0.0009219646,0.0023134283,0.0154051781,0.9999995232,97.7913,36.7916
000000561009.jpg,0.0017441662,0.0009987354,0.0026736588,0.0594986677,0.9999985099,40.6030,20.7734
000000561223.jpg,0.0015866141,0.0010846853,0.0021656379,0.0150632858,0.9999994040,40.3613,19.5363
000000561256.jpg,0.0011420434,0.0007854700,0.0016194388,0.0234575272,0.9999997020,86.3643,33.0992
000000561335.jpg,0.0011613944,0.0007648468,0.0017603110,0.0433475971,0.9999990463,46.0725,21.7953
000000561366.jpg,0.0026762290,0.0022227764,0.0034119599,0.0168414116,0.9999991655,82.5391,31.7436
000000561465.jpg,0.0021417409,0.0014643669,0.0029524753,0.0274134874,0.9999986887,53.3234,20.9632
000000561679.jpg,0.0015849692,0.0011332035,0.0022870561,0.0550762415,0.9999995232,80.0180,30.9708
000000561889.jpg,0.0013923254,0.0010771751,0.0018154880,0.0329613686,0.9999981523,79.5288,30.9225
000000561958.jpg,0.0012828675,0.0006630421,0.0020373368,0.0454747677,0.9999987483,79.5923,30.5645
000000562059.jpg,0.0021053476,0.0013914108,0.0028780394,0.0190720558,0.9999991059,35.1326,25.1955
000000562121.jpg,0.0007923663,0.0003775358,0.0012973242,0.0226219296,0.9999987483,87.4780,31.4828
000000562197.jpg,0.0015680385,0.0013782978,0.0019097824,0.0120816827,0.9999981523,60.8915,22.7798
000000562207.jpg,0.0006955910,0.0002271095,0.0012793477,0.0402118713,1.0000000000,37.4413,19.2816
000000562229.jpg,0.0012381782,0.0006291270,0.0024402442,0.1455979347,0.9999995232,56.2523,22.1128
000000562243.jpg,0.0010998927,0.0007939339,0.0016003655,0.0284857750,0.9999996424,56.7323,22.2156
000000562443.jpg,0.0011906367,0.0006198883,0.0018995866,0.0533015728,0.9999992251,84.9589,32.4414
000000562448.jpg,0.0015962173,0.0008386374,0.0025401446,0.0343633890,1.0000000000,83.9043,32.3994
000000562561.jpg,0.0010837287,0.0002241284,0.0021362957,0.0639317036,1.0000000000,84.8938,32.2764
000000562581.jpg,0.0014822107,0.0008933544,0.0021510124,0.0195710659,0.9999995232,96.3287,33.9358
000000562818.jpg,0.0011314910,0.0003005862,0.0021147933,0.0155982971,0.9999966025,84.0044,32.3326
000000562843.jpg,0.0017172801,0.0012624264,0.0024360016,0.0676367283,0.9999989271,44.9849,23.8199
000000563267.jpg,0.0014134785,0.0007654428,0.0024673063,0.0362296104,0.9999988675,43.9738,25.7096
000000563281.jpg,0.0014869702,0.0010926723,0.0020027026,0.0430488586,0.9999981523,55.1616,26.4688
000000563349.jpg,0.0007178850,0.0001125336,0.0014177441,0.0641338825,1.0000000000,36.5398,23.9983
000000563470.jpg,0.0017816031,0.0010443330,0.0025712505,0.0271971226,1.0000000000,36.6468,18.2193
000000563603.jpg,0.0019336462,0.0010610819,0.0028132666,0.0391629934,0.9999989867,92.0135,33.0822
000000563604.jpg,0.0019086519,0.0011544228,0.0027197367,0.0339562893,0.9999997616,82.6509,31.2783
000000563648.jpg,0.0016026788,0.0010293722,0.0023353556,0.0303449631,0.9999994040,88.9565,32.3702
000000563653.jpg,0.0009920213,0.0005397797,0.0015989997,0.0249671340,0.9999995828,43.2700,21.8908
000000563702.jpg,0.0012033797,0.0008466244,0.0018581130,0.0293711424,0.9999985695,43.8661,21.8562
000000563758.jpg,0.0038502610,0.0037770271,0.0048332470,0.1731280088,1.0000000000,43.0259,21.0592
000000563882.jpg,0.0024222496,0.0015208721,0.0034258151,0.0388247967,0.9999989271,40.4536,21.1088
000000564023.jpg,0.0025747172,0.0015180111,0.0036547813,0.0275580883,0.9999993443,95.0708,35.0790
000000564091.jpg,0.0018577578,0.0010889769,0.0026479496,0.0284494162,0.9999995232,37.0264,19.4348
000000564127.jpg,0.0008820110,0.0006344318,0.0013953396,0.0750665665,0.9999989867,37.9191,19.6925
000000564133.jpg,0.0012441968,0.0006308556,0.0020917787,0.0261843614,0.9999988079,37.9452,18.3744
000000564280.jpg,0.0022561816,0.0015347004,0.0030109431,0.0225322247,0.9999988079,36.4912,19.0252
000000564336.jpg,0.0023918890,0.0006215572,0.0070304484,0.2484316826,0.9999934435,31.3242,23.7395
000000565012.jpg,0.0010265990,0.0004333258,0.0017626385,0.0308983326,0.9999998212,35.4219,17.7369
000000565045.jpg,0.0013937050,0.0008285046,0.0021578679,0.0474941730,0.9999988675,35.3335,17.7476
000000565153.jpg,0.0016951290,0.0011490583,0.0023721040,0.0221025944,0.9999995232,41.7342,21.1265
000000565391.jpg,0.0016604416,0.0013096929,0.0021909168,0.0435457230,0.9999998808,80.6034,31.8656
000000565469.jpg,0.0005422723,0.0000858307,0.0011211613,0.0740297437,1.0000000000,45.6546,18.2016
000000565563.jpg,0.0018551501,0.0010923147,0.0027864915,0.0452268124,0.9999998212,79.0748,30.6419
000000565597.jpg,0.0017047332,0.0013878345,0.0022177806,0.0891299248,0.9999986887,82.5870,31.9170
000000565607.jpg,0.0011388633,0.0006945729,0.0017140599,0.0260521173,0.9999994040,30.5455,15.1560
000000565624.jpg,0.0011589440,0.0007584095,0.0017758164,0.0350396633,0.9999973178,29.7313,19.1987
000000565776.jpg,0.0010605637,0.0007443428,0.0014557104,0.0248410702,0.9999994636,33.8020,16.5348
000000565778.jpg,0.0009309085,0.0004794598,0.0014825055,0.0372681022,0.9999992847,34.0766,15.3305
000000565853.jpg,0.0009175027,0.0005476475,0.0015651810,0.0291082859,0.9999989867,40.4638,20.4627
000000565877.jpg,0.0014254397,0.0010378361,0.0019860389,0.0340456963,0.9999992251,37.5450,16.7063
000000565962.jpg,0.0045527620,0.0047347546,0.0052957879,0.0465022326,0.9999985695,36.3650,18.7356
000000565989.jpg,0.0014088162,0.0009269714,0.0022001569,0.0441393852,1.0000000000,86.5724,34.0644
000000566042.jpg,0.0010870465,0.0005812645,0.0016498835,0.0279865265,0.9999996424,37.7940,18.8081
000000566282.jpg,0.0014851853,0.0009586811,0.0022585043,0.0665307045,0.9999994636,37.7642,18.7144
000000566436.jpg,0.0011259833,0.0006803274,0.0016925110,0.0325024128,0.9999995828,36.8766,19.5117
000000566524.jpg,0.0011172910,0.0005340576,0.0019347301,0.0267143250,0.9999994636,85.9763,32.8978
000000566758.jpg,0.0018252906,0.0011425018,0.0026693007,0.0505558252,0.9999993443,85.4359,32.9925
000000566923.jpg,0.0013698755,0.0008296371,0.0020091492,0.0322624147,0.9999997020,36.4057,19.4317
000000567011.jpg,0.0009067177,0.0003910065,0.0014733912,0.0158413649,0.9999943972,38.0398,18.6747
000000567197.jpg,0.0008154577,0.0005273819,0.0012610941,0.0259312596,0.9999994636,47.3013,23.3574
000000567432.jpg,0.0000764790,0.0000000000,0.0004807271,0.0404031277,1.0000000000,36.9062,19.4008
000000567640.jpg,0.0013431193,0.0007538795,0.0020827686,0.0348297358,1.0000000000,37.8109,18.7971
000000567740.jpg,0.0012983069,0.0004413128,0.0022260095,0.0290961266,0.9999977350,84.9952,32.6068
000000567825.jpg,0.0018714480,0.0013136864,0.0025476217,0.0426027477,0.9999999404,37.5280,18.7454
000000567886.jpg,0.0022659418,0.0015168190,0.0032062230,0.0175752640,0.9999993443,43.7805,21.6305
000000567898.jpg,0.0010986805,0.0007337332,0.0015270454,0.0216050148,0.9999991059,90.5387,32.3160
000000568147.jpg,0.0014213551,0.0010304451,0.0020813933,0.0310516357,0.9999994636,83.2021,32.3617
000000568195.jpg,0.0015418952,0.0012382865,0.0020818936,0.0249300003,0.9999997020,35.6039,18.0680
000000568213.jpg,0.0016850291,0.0010976791,0.0023977947,0.0326018929,0.9999997616,34.7599,16.9061
000000568290.jpg,0.0011775794,0.0007824898,0.0016886541,0.0193445683,0.9999995828,36.3939,18.3863
000000568439.jpg,0.0014794315,0.0008428097,0.0022313674,0.0298535824,0.9999996424,92.4338,32.8452
000000568584.jpg,0.0013378200,0.0010165572,0.0019408204,0.0870065689,0.9999991655,40.6663,19.8334
000000568690.jpg,0.0011210284,0.0008585453,0.0015410738,0.0222635269,0.9999995828,82.1161,30.7665
000000568710.jpg,0.0023079780,0.0011820197,0.0044450634,0.0553483963,0.9999989271,34.4392,17.4074
000000568814.jpg,0.0012016868,0.0004814863,0.0021075890,0.0437219143,0.9999992847,29.1647,14.4201
000000568981.jpg,0.0015062215,0.0007722378,0.0023416136,0.0581474304,0.9999998212,34.7984,18.3841
000000569030.jpg,0.0012979852,0.0007119179,0.0019886733,0.0317437649,0.9999995232,45.0095,22.3497
000000569059.jpg,0.0014583318,0.0009533167,0.0023506288,0.0493869781,0.9999992847,84.4468,32.3488
000000569273.jpg,0.0014045170,0.0011043549,0.0021054407,0.0658421516,0.9999979138,83.4537,32.3124
000000569565.jpg,0.0009640970,0.0005066395,0.0016067581,0.0334346294,0.9999988675,36.4891,17.6745
000000569700.jpg,0.0010788799,0.0007203221,0.0015760274,0.0544791222,0.9999987483,36.0031,20.4207
000000569825.jpg,0.0012340907,0.0007549524,0.0019284550,0.0713870525,0.9999992847,34.8308,17.9561
000000569917.jpg,0.0017377000,0.0014960766,0.0022770027,0.0406646729,0.9999981523,81.9380,31.9753
000000569972.jpg,0.0010405582,0.0004030466,0.0017554038,0.0193344355,1.0000000000,62.4923,26.7127
000000569976.jpg,0.0018392053,0.0011892319,0.0025559166,0.0533059835,0.9999995232,91.4954,36.6997
000000570169.jpg,0.0021436326,0.0018620491,0.0028564704,0.0351312310,1.0000000000,38.5147,18.8748
000000570448.jpg,0.0015603451,0.0006010532,0.0028946414,0.0197477341,0.9999992847,88.0276,33.3133
000000570456.jpg,0.0019041375,0.0014284849,0.0025082473,0.0265545845,0.9999995232,85.5410,31.8520
000000570471.jpg,0.0016412324,0.0011002421,0.0024213959,0.1151909828,0.9999993443,43.3155,22.4835
000000570539.jpg,0.0020451027,0.0017526150,0.0025354289,0.0216302872,0.9999985099,43.3586,21.7468
000000570664.jpg,0.0016249381,0.0010259151,0.0022817187,0.0237591267,0.9999994636,36.8912,18.2061
000000570688.jpg,0.0004930625,0.0000000000,0.0012117532,0.0339643359,0.9999976158,82.4568,31.8171
000000570736.jpg,0.0008726575,0.0005996227,0.0013282970,0.0262775421,0.9999993443,40.9689,25.5512
000000570756.jpg,0.0006553347,0.0000000000,0.0014888418,0.0121852607,0.9999972582,35.6665,18.3687
000000570782.jpg,0.0020278555,0.0012869835,0.0028823989,0.0530889034,0.9999974966,38.7560,18.3475
000000570834.jpg,0.0014302704,0.0009245872,0.0020803702,0.0319286585,0.9999995828,82.8903,31.8520
000000571008.jpg,0.0012228299,0.0000378042,0.0022344748,0.0488514900,1.0000000000,36.3841,18.5054
000000571264.jpg,0.0010492681,0.0004957914,0.0020670572,0.1386795044,1.0000000000,38.1465,19.7023
000000571313.jpg,0.0017290495,0.0012295246,0.0024396330,0.0300395489,0.9999992251,91.5519,35.6892
000000571598.jpg,0.0019100690,0.0013530254,0.0026953451,0.0678424835,0.9999995232,86.0673,32.4870
000000571718.jpg,0.0013399175,0.0008774400,0.0019835320,0.0359539986,0.9999989867,36.7677,18.6698
000000571804.jpg,0.0011218284,0.0008451939,0.0015353633,0.0293444395,0.9999988079,38.0880,18.9683
000000571857.jpg,0.0012497384,0.0003709793,0.0021903974,0.0426691771,1.0000000000,37.6663,18.6662
000000571893.jpg,0.0018834136,0.0006688833,0.0036130045,0.0801267624,1.0000000000,37.2974,18.7336
000000571943.jpg,0.0014298628,0.0004910976,0.0024768712,0.0420305207,0.9999992251,81.5024,31.1729
000000572303.jpg,0.0014870369,0.0008300543,0.0027401003,0.0738840103,0.9999994040,80.4134,31.1228
000000572388.jpg,0.0017062707,0.0011785030,0.0023343319,0.0436458588,0.9999991655,37.5140,19.3452
000000572408.jpg,0.0009328058,0.0003020763,0.0016179265,0.0206679106,0.9999995828,36.6407,20.4715
000000572462.jpg,0.0023736393,0.0018618107,0.0030739603,0.0332375765,0.9999968410,55.8844,21.3069
000000572517.jpg,0.0014603545,0.0005813837,0.0023988863,0.0424165726,0.9999995828,35.9967,18.4716
000000572555.jpg,0.0019203586,0.0011529624,0.0027759476,0.0373902321,0.9999976754,36.5035,27.2652
000000572620.jpg,0.0012140281,0.0003547668,0.0022382773,0.0348906517,1.0000000000,35.6690,18.4205
000000572678.jpg,0.0013042940,0.0007728934,0.0019624610,0.0474748611,0.9999997020,36.0903,18.0814
000000572900.jpg,0.0016168213,0.0010153055,0.0023198274,0.0282040834,0.9999997020,81.1666,31.2379
000000572956.jpg,0.0017011283,0.0013165474,0.0022658233,0.0283427238,0.9999992251,36.6136,18.1504
000000573008.jpg,0.0011160582,0.0003033876,0.0023169122,0.0216167569,1.0000000000,82.1656,32.0565
000000573094.jpg,0.0011104194,0.0005371571,0.0019888086,0.0294759274,0.9999989271,45.5747,23.2731
000000573258.jpg,0.0013070455,0.0006617308,0.0020901973,0.0374982357,1.0000000000,87.3801,33.2248
000000573391.jpg,0.0010829038,0.0006189346,0.0017260124,0.0161638260,0.9999997020,87.1008,33.2661
000000573626.jpg,0.0012878820,0.0008335114,0.0018853999,0.0173971653,0.9999994040,45.2823,25.5678
000000573943.jpg,0.0010561552,0.0005174875,0.0017823640,0.0416622162,0.9999998212,82.0648,32.1113
000000574297.jpg,0.0010609943,0.0006555617,0.0015660991,0.0298312902,0.9999997616,36.9306,24.4618
000000574315.jpg,0.0016655831,0.0011563301,0.0023098392,0.0333786011,0.9999991059,81.6391,31.6062
000000574425.jpg,0.0015111401,0.0010800362,0.0020542275,0.0255520344,0.9999994040,35.0125,16.9655
000000574520.jpg,0.0012726025,0.0007612705,0.0018375743,0.0161694288,0.9999993443,35.0180,17.0540
000000574702.jpg,0.0020967426,0.0012980700,0.0029451321,0.0268921852,0.9999985695,36.2474,24.6848
000000574810.jpg,0.0016081944,0.0012789369,0.0021530718,0.0592948198,0.9999986887,42.9712,21.9864
000000574823.jpg,0.0014944460,0.0007364750,0.0023070686,0.0293185115,0.9999997020,42.7425,21.8856
000000575081.jpg,0.0011895281,0.0008351803,0.0016956110,0.0386817455,0.9999990463,36.3604,18.9401
000000575187.jpg,0.0014191696,0.0009961128,0.0019256142,0.0307866335,0.9999964237,44.0852,22.1695
000000575205.jpg,0.0010763622,0.0004249811,0.0020174249,0.0620790720,0.9999986291,35.8297,18.7138
000000575243.jpg,0.0013707165,0.0008716136,0.0019630457,0.0232264996,0.9999992847,36.4311,18.3809
000000575357.jpg,0.0008672485,0.0004043579,0.0014824931,0.0516011715,1.0000000000,93.4028,32.7120
000000575372.jpg,0.0003235361,0.0000000000,0.0008893601,0.0482113361,1.0000000000,83.1070,31.8816
000000575500.jpg,0.0010744603,0.0008270741,0.0015225187,0.0205482244,1.0000000000,37.1484,18.0310
000000575815.jpg,0.0027649875,0.0022525787,0.0035489528,0.0143313408,0.9999989271,93.4507,32.9968
000000575970.jpg,0.0011275792,0.0006835461,0.0017633010,0.0348829031,0.9999991059,82.2546,31.6083
000000576031.jpg,0.0012303899,0.0004717112,0.0020634052,0.0429332256,0.9999991655,82.8435,32.0119
000000576052.jpg,0.0008770207,0.0000963211,0.0018417726,0.0224829912,0.9999995828,35.7786,18.0442
000000576566.jpg,0.0008323541,0.0000467964,0.0019670045,0.0663149357,0.9999957085,84.6660,32.7302
000000576654.jpg,0.0003687631,0.0000000000,0.0009463114,0.0382776260,1.0000000000,36.2612,18.1651
000000576955.jpg,0.0011738795,0.0008756816,0.0016288079,0.0178115852,0.9999993443,36.7626,18.0958
000000577149.jpg,0.0009487587,0.0006098747,0.0014011076,0.0421895981,0.9999994636,35.0178,17.1410
000000577182.jpg,0.0010859455,0.0004941821,0.0017227699,0.0245082378,0.9999995232,36.0581,24.5680
000000577539.jpg,0.0016577746,0.0011179447,0.0024880751,0.0386452675,0.9999994040,36.1402,18.3077
000000577584.jpg,0.0011289245,0.0008547306,0.0015050207,0.0155062675,0.9999990463,34.9481,17.1346
000000577735.jpg,0.0018006051,0.0014371872,0.0023656166,0.0327875614,0.9999977350,84.0545,31.7308
000000577862.jpg,0.0009982141,0.0006082058,0.0015422384,0.0365445614,0.9999991655,41.1611,21.6769
000000577864.jpg,0.0015143942,0.0009939671,0.0021211645,0.0252592564,0.9999992847,42.4959,21.8606
000000577932.jpg,0.0011907866,0.0006942749,0.0017719086,0.0452442169,1.0000000000,81.6286,31.3022
000000577959.jpg,0.0006791340,0.0000115633,0.0013403347,0.0343970656,1.0000000000,40.6390,19.9955
000000577976.jpg,0.0007417868,0.0002765059,0.0013662694,0.0393071175,0.9999978542,39.3112,19.3748
000000578093.jpg,0.0014835852,0.0008366108,0.0022508898,0.0194885731,0.9999992251,85.0522,32.8595
000000578236.jpg,0.0013775901,0.0010693073,0.0018022349,0.0235903263,0.9999995828,36.1031,18.3591
000000578489.jpg,0.0014047129,0.0009992123,0.0019700110,0.0580065250,0.9999992251,81.6313,31.5922
000000578500.jpg,0.0017175701,0.0011638403,0.0024951042,0.0519819260,0.9999992251,23.3054,12.9006
000000578545.jpg,0.0015420464,0.0010839701,0.0020880182,0.0176253319,0.9999994636,81.9545,31.2665
000000578792.jpg,0.0015571467,0.0009202957,0.0022331334,0.0210384130,1.0000000000,37.9851,18.3976
000000578871.jpg,0.0023466847,0.0017271042,0.0031506200,0.0348551273,0.9999995828,82.9409,32.3712
000000578922.jpg,0.0027484535,0.0021193027,0.0035356521,0.0864830017,0.9999966025,61.8423,27.2070
000000578967.jpg,0.0010593703,0.0004526675,0.0017311870,0.0375272036,1.0000000000,97.9022,36.8630
000000579070.jpg,0.0014685967,0.0009689331,0.0021904081,0.1111690998,0.9999993443,43.5278,21.3471
000000579091.jpg,0.0023198393,0.0015460253,0.0031388339,0.0220327377,0.9999996424,40.4990,20.6157
000000579158.jpg,0.0015754057,0.0011982918,0.0022039367,0.0317912102,0.9999997616,93.0436,34.7248
000000579307.jpg,0.0009225834,0.0003503561,0.0016860497,0.0361776352,0.9999989867,87.2209,34.2631
000000579321.jpg,0.0015694540,0.0012154579,0.0020241416,0.0277957916,0.9999993443,82.1686,30.4041
000000579635.jpg,0.0010509297,0.0004350543,0.0017885589,0.0166354179,0.9999932647,36.3349,24.7455
000000579655.jpg,0.0015130057,0.0013039112,0.0019057652,0.0244905949,0.9999993443,33.2330,24.8552
000000579818.jpg,0.0006015242,0.0002146959,0.0010607069,0.0151026249,1.0000000000,28.7438,21.9959
000000579893.jpg,0.0008925593,0.0001981258,0.0020113741,0.0608385801,0.9999996424,34.3119,17.2075
000000579900.jpg,0.0014707723,0.0012860298,0.0018200044,0.0139212608,0.9999973178,44.3809,21.0868
000000579902.jpg,0.0012834352,0.0008223057,0.0019020535,0.0439188480,1.0000000000,67.7845,27.6598
000000579970.jpg,0.0011735071,0.0008702278,0.0021315985,0.1953215599,0.9999991059,38.3074,17.7606
000000580197.jpg,0.0014339305,0.0010631084,0.0019909549,0.0359530449,0.9999997020,76.6099,29.2040
000000580294.jpg,0.0019417687,0.0013589859,0.0026874682,0.0409700871,0.9999991655,86.5862,32.7125
000000580410.jpg,0.0015762299,0.0007919669,0.0023920685,0.0109763145,0.9999999404,37.2186,18.8683
000000580418.jpg,0.0008882973,0.0004759431,0.0014207730,0.0315825939,1.0000000000,36.9746,19.1961
000000580757.jpg,0.0011629413,0.0007352829,0.0017415015,0.0269284248,0.9999997020,38.6727,22.9438
000000581062.jpg,0.0012010415,0.0006377697,0.0018951516,0.0231885910,0.9999995232,55.4260,25.6508
000000581100.jpg,0.0013493318,0.0004971027,0.0025701832,0.0580887794,1.0000000000,100.6350,36.9389
000000581206.jpg,0.0017241277,0.0014123917,0.0022793422,0.0399992466,0.9999986887,99.9645,38.1064
000000581317.jpg,0.0005345143,0.0000562668,0.0012808208,0.0328774452,0.9999986291,32.9183,16.2911
000000581357.jpg,0.0015391108,0.0000519753,0.0034631251,0.0511938334,0.9999986291,62.8192,24.9294
000000581482.jpg,0.0016215746,0.0011851788,0.0023524708,0.0443074703,0.9999989271,40.7830,20.1279
000000581615.jpg,0.0015353624,0.0009012222,0.0023203080,0.0283987522,0.9999995232,90.8949,34.6905
000000581781.jpg,0.0013735397,0.0010917187,0.0018181250,0.0268113613,0.9999988079,84.9443,31.9751
